18.26304375,18.92623125,20.08310625,21.09480625,22.448675,22.98256875,24.4915875,25.73091875,26.5601875,28.11305625,28.94411875,30.2448,31.403275,32.7201375,33.11345,35.5253875,35.75381875,36.8385125,36.6921,35.80115,37.2374875,35.48081875,38.7846,37.8484125,39.50908125,37.54401875,38.41185,35.52025,36.92951875,35.5155,36.50160625,35.93958125,35.37776875,34.9965625,32.84339375,32.74361875,31.4530125,30.5431125,29.306425,28.03023125,26.5276625,25.4579625,24.4306375,23.26078125,21.9464875,21.27899375,19.86509375,19.1528125,18.4302125
18.33194444,18.84276667,20.0406,21.27165556,22.41357778,22.89401667,24.35843333,25.53545,26.49076111,27.99999444,28.87587222,30.16765,31.17597222,32.63385556,33.03072778,35.19162222,35.57311111,36.52628333,36.77836111,35.55225556,37.26612222,35.30570556,38.92821667,37.60840556,39.35908889,37.57155556,38.31697778,35.40428333,37.08105556,35.31148889,36.27315,35.59963889,35.10251667,34.78658333,32.73403333,32.78186111,31.48133889,30.28182222,29.23257222,28.01155556,26.37905,25.55438889,24.52354444,23.10377222,21.85936111,21.17157222,19.90638333,19.14849444,18.43419444
18.39446,18.90536,20.120275,21.105865,22.428385,22.87248,24.405015,25.561015,26.610835,28.07057,28.956715,30.100785,31.331505,32.48736,33.061225,35.164205,35.67759,36.47517,36.676495,35.59595,36.933335,35.192675,38.906135,37.5415,39.36029,37.729325,38.29034,35.322315,37.15098,35.148665,36.151925,35.641655,35.195215,34.806655,32.64492,32.713725,31.368355,30.29014,29.055085,28.013975,26.39426,25.58259,24.487115,23.295685,21.980775,21.14384,19.826985,19.068425,18.407385
18.44461364,18.93743636,20.02588636,21.06128182,22.45027273,22.89882273,24.26407727,25.65983636,26.63039091,27.97853636,29.00890455,30.30418182,31.36474091,32.32098636,32.98561364,35.09282273,35.40943636,36.27523182,36.48613182,35.36025,37.00046364,35.01112727,38.80881364,37.46105455,39.27885,37.38096818,38.16617273,35.35914545,36.97092727,35.09892727,36.05344545,35.60518182,35.16543636,34.70142273,32.59492273,32.6793,31.31002727,30.08725455,29.17996818,28.05184091,26.59575909,25.52140455,24.36217273,23.23441818,21.91581818,21.09428182,19.69266818,19.07820909,18.3434
18.34625,18.89414167,19.9709,21.1267625,22.40119583,23.00105417,24.20885,25.51527083,26.52965833,27.91290417,28.92985,30.08849583,31.43266667,32.35572083,32.68812083,35.17611667,35.46714167,36.22485833,36.57122917,35.50569167,36.8563375,35.2078,38.6223875,37.54614167,39.34315833,37.30829167,38.2694125,35.22570417,37.10933333,35.197775,36.27787083,35.61409583,35.2566,34.7972375,32.34099167,32.594075,31.28075,29.98806667,29.15030417,27.97990417,26.49355833,25.6268125,24.34424167,23.20579167,21.90255833,21.10080833,19.7929375,19.08794167,18.384125
18.42825,18.88554615,19.93211154,21.16442308,22.21143846,23.03295769,24.15630769,25.52497308,26.4425,27.89323077,28.88223077,30.08862308,31.28962308,32.26498077,32.84247692,35.13458077,35.29854231,36.04700769,36.49580769,35.29143846,36.80378846,35.09437692,38.87401923,37.42472308,39.32706154,37.42965,38.23152692,35.30084615,36.82803077,34.98858077,36.15105385,35.45965769,35.17771154,34.61568462,32.33222692,32.53767692,31.20805385,30.09588077,29.21918077,27.9788,26.53943077,25.59263846,24.39843846,23.20719615,21.95627692,20.99551154,19.88199615,19.01167308,18.37848462
18.45271786,18.8089,19.95451786,21.16718214,22.27116429,22.99171071,24.13446429,25.52878571,26.41796429,27.81429643,28.92886429,29.95073571,31.39128929,32.3637,32.67545357,35.10531429,35.25107143,36.11143929,36.58903929,35.17746429,36.72545714,35.15208929,38.67070714,37.451075,39.3754,37.38379643,38.21347857,35.48921071,36.94348929,35.04972857,36.192875,35.47906786,35.10469286,34.68821429,32.26947857,32.58550714,31.21175714,29.98980714,29.15234286,27.96062143,26.56269286,25.56661786,24.43070357,23.16105,21.96911786,21.02090357,19.80359643,18.92848214,18.38008929
18.39538,18.84433333,19.99747,21.15048333,22.22266333,22.98718,24.13257,25.49141333,26.37081333,27.76280333,28.77138,29.93276667,31.32921667,32.34013,32.88475667,35.02402667,35.20505333,35.98919667,36.54886667,35.04831667,36.74989667,34.98637,38.61374667,37.26669667,39.12628,37.19903667,38.0583,35.41903,36.81129667,35.14351333,36.15876667,35.49808333,35.20397667,34.67596,32.31376,32.50809667,31.29313333,29.98234333,29.13519667,27.97180667,26.68542333,25.58319667,24.42401,23.20290667,21.9357,21.01348667,19.77183667,18.91985,18.26347333
18.44737813,18.80768438,19.98074062,21.18072813,22.37966562,23.00526563,24.10541875,25.44493125,26.49644063,27.7403,28.83724687,29.92153125,31.357625,32.33025625,32.86782812,34.96359375,35.22473125,35.8526625,36.62028438,35.141575,36.79881563,35.01145,38.61100938,37.2017625,39.271575,37.44004063,38.18200938,35.63845312,36.95438438,35.20380938,36.15437188,35.555425,35.03508125,34.6103375,32.35358125,32.55130313,31.24516563,29.89648438,29.03890938,27.90347813,26.63649062,25.571075,24.43569375,23.1524625,22.02624375,21.01544063,19.80005312,18.96130313,18.2486125
18.49927188,18.86723438,19.97433125,21.05170938,22.3675875,23.02205,24.07598437,25.44113437,26.482875,27.74310625,28.83185,29.9211125,31.4063375,32.2593625,32.89834687,34.94149062,35.23393125,35.83484688,36.47494063,35.16030625,36.5957375,34.80935,38.45920625,37.07079688,39.26582813,37.34979688,38.10951875,35.53268438,36.90949063,35.11057813,36.17349688,35.53574375,35.128175,34.66154688,32.35797188,32.56571562,31.23935937,29.96490625,29.0184375,27.90837188,26.62818438,25.60383125,24.4191,23.23467187,22.0295125,21.0308125,19.78673438,19.01708438,18.29354375
18.53335938,18.8529625,19.936,21.09339688,22.38679375,23.09067187,23.94771875,25.49454063,26.48353125,27.63470938,28.82941563,29.97493125,31.41046562,32.16427813,32.79329375,34.80929063,35.04767813,35.67989688,36.3656625,35.03031875,36.56631875,34.78558125,38.24357188,37.04965625,39.1789125,37.03204375,38.05098438,35.61108438,36.87906875,35.06355313,36.2615,35.5860125,35.105175,34.55185312,32.36795625,32.4488,31.14553437,29.84035,29.10270312,27.84772813,26.78890313,25.56055625,24.34870313,23.120225,21.96936563,21.02004375,19.76989063,18.9985375,18.33510625
18.44080625,18.84220312,19.84014375,21.15120937,22.3193625,23.12973438,23.99947188,25.4022,26.44275313,27.65819688,28.7482875,29.7706,31.42495625,32.20595,32.71784375,34.81584375,35.02113125,35.55028438,36.40164688,35.07319375,36.50505938,34.88194063,38.26330938,36.95616563,39.34250937,37.17319375,38.13185625,35.63540625,36.95954375,35.04268438,36.37350937,35.47508438,35.041525,34.61332812,32.315475,32.47928438,31.12843125,29.9319375,29.10858125,27.8674875,26.65174063,25.69274375,24.47685938,23.08494688,22.03300625,21.05144375,19.88795938,18.9742125,18.39141563
18.5290125,18.83628125,19.93604063,21.23389062,22.25151875,23.10782812,23.9415625,25.4837625,26.40509375,27.60095937,28.77925937,29.788125,31.3612375,32.19973438,32.92586563,34.66927187,34.8449875,35.45755938,36.30017188,34.95934062,36.38472813,34.75740938,38.3715,36.87661875,39.14375312,37.28915313,38.01548125,35.82790313,36.86220312,35.03894688,36.17715625,35.38794688,35.0125875,34.382425,32.41487813,32.427475,31.12985,29.9892375,29.0129125,27.86331563,26.62786875,25.5930875,24.51288438,23.06404688,22.07885938,20.9223,19.93115938,18.90481875,18.39393125
18.47179063,18.8103375,20.01621563,21.209475,22.30474375,23.021225,23.96166875,25.42667188,26.47103125,27.5756625,28.79255938,29.67914688,31.51865625,32.35806875,32.77248125,34.66349375,34.8550625,35.51464688,36.29739063,34.90103437,36.30284063,34.78160313,38.05124375,36.85173125,39.21060937,37.1642625,38.0347,35.9409,37.06656875,35.13375,36.22745,35.4170125,34.93775625,34.49145938,32.37416875,32.43057813,31.23946875,29.87204688,29.01950625,27.8138,26.74664688,25.56010625,24.52913125,23.1117,22.17336875,21.04909688,19.84510625,18.86240625,18.34686563
18.42547813,18.855475,20.06504062,21.17845938,22.31164688,23.06378438,23.92956563,25.33510312,26.49702812,27.45954375,28.72839375,29.73058438,31.51889063,32.26571563,32.91525313,34.60156875,34.84060313,35.36959688,36.158625,34.75868125,36.16901875,34.56621875,37.988025,36.5945625,39.04678438,37.07024688,37.89078125,35.81495625,36.97899688,35.16318125,36.08421563,35.38500313,34.9807375,34.44549688,32.44625625,32.33430938,31.23200938,29.97701562,28.97575,27.86262188,26.76909375,25.57471875,24.49373125,23.1501375,22.13703125,21.04388438,19.82235,18.9914375,18.26675938
18.4337125,18.83755625,20.00565625,21.24830313,22.38245937,23.06098438,23.99134063,25.38554062,26.62206563,27.44333438,28.864925,29.6693375,31.55155625,32.28001563,32.81105313,34.69166875,34.8216625,35.2971375,36.02773438,34.7943,36.11073125,34.76319688,37.8676,36.68379063,39.1709125,37.3185125,38.03625,35.95699375,37.12737188,35.12414688,36.12831563,35.36758125,34.79112187,34.34908125,32.52028125,32.36045625,31.1593875,29.89904375,28.98487813,27.82673125,26.69746563,25.5098,24.50059375,23.0630625,22.23724063,21.04373438,19.88805,19.03882813,18.23519688
18.35686563,18.83269375,20.05100313,21.22824063,22.3060625,23.06793438,23.95194688,25.43095938,26.46810625,27.45513438,28.81889687,29.71634062,31.52735,32.39302813,32.85203125,34.65986563,34.82050938,35.387175,35.9540625,34.8245,35.98719375,34.55579063,37.66340938,36.58432188,39.06087188,37.03702813,38.0335625,35.7041125,37.02154688,35.06705625,36.15904062,35.35349375,34.89654375,34.4321125,32.53617812,32.31401875,31.22706875,29.96565,28.973025,27.8659625,26.67630938,25.48956562,24.51255625,23.0903375,22.128375,21.07603125,19.90559375,19.17982188,18.36440938
18.28691563,18.8268125,20.03524688,21.33498125,22.31623437,23.09750938,23.97519688,25.47486563,26.4828375,27.40475625,28.894175,29.59795313,31.48267813,32.31242188,32.71785938,34.51602813,34.75022813,35.34301562,35.890475,34.74635938,35.93131875,34.73034063,37.62566875,36.6935625,38.99256563,36.9489125,37.99690937,35.82174063,37.0594875,35.0876875,36.2159375,35.37860313,34.85013125,34.32415625,32.484375,32.12531875,31.09660313,29.9534375,28.97372812,27.87825313,26.74283125,25.4572125,24.48105,22.97800312,22.17590625,21.05940313,19.922125,19.21895625,18.4017375
18.23702188,18.81525625,20.00334688,21.2830875,22.31826563,23.01825,23.95437188,25.44204063,26.51742188,27.52684063,28.78794688,29.49460625,31.454075,32.40755313,32.72078125,34.42491563,34.702325,35.2654,35.9025625,34.78164063,35.92566875,34.73385,37.63974063,36.6784375,39.16342188,37.15186563,37.97569688,35.81039375,36.9377625,35.11228438,36.1014375,35.2713625,34.77295,34.39439063,32.4870375,32.2144625,31.07440938,30.07777188,28.92374375,27.89334688,26.69385938,25.5328875,24.54336563,23.00492187,22.20465625,21.03856875,19.92844375,19.24945625,18.39290938
18.3068625,18.85494063,20.12738438,21.298475,22.33983125,22.94994687,23.88890937,25.42721875,26.4675875,27.56002813,28.78800937,29.5286875,31.38541563,32.41912813,32.71982188,34.29782188,34.6776125,35.33258437,35.789,34.7884875,35.90325,34.6346,37.57782188,36.6954125,38.9691875,37.1116625,37.8803875,35.7873625,36.95833125,35.27922188,35.96461875,35.4076,34.90417812,34.20565,32.54965313,32.197275,31.09368438,30.09524688,28.76165313,27.82647188,26.59030313,25.43855938,24.4625625,22.99175625,22.27823125,21.04429687,19.92635937,19.29929375,18.4148
18.23211875,18.842625,20.15401563,21.21544063,22.30579375,22.9228875,23.9206375,25.37240938,26.61815625,27.5854375,28.81084062,29.50110625,31.42620313,32.441225,32.62556563,34.31881563,34.72876875,35.33070937,35.74948437,34.72328125,35.943925,34.62652187,37.47044375,36.60901875,39.06816875,36.98299063,37.9602,35.69878125,36.99355938,35.1742625,36.01180938,35.4233875,34.86652812,34.33036875,32.51079375,32.17198437,31.21023125,30.07170937,28.81220938,27.75101875,26.72706562,25.43433438,24.4014875,23.07709375,22.38041562,21.2394625,19.85093125,19.31235625,18.35407188
18.34154688,18.9157625,20.15065625,21.26015313,22.35447188,22.95831875,23.89376875,25.41508438,26.68582188,27.50475938,28.82639375,29.58587188,31.32297813,32.31053125,32.617,34.30566562,34.78973438,35.28038438,35.6477875,34.531275,35.86156875,34.56018125,37.57430625,36.54316875,38.96042187,37.06237813,37.8683875,35.59895,36.95222813,35.11255,35.92808438,35.49400938,34.8758,34.37072188,32.6971,32.29659375,31.11224063,30.20650625,28.83753125,27.81594063,26.573025,25.44399688,24.38618125,23.13456875,22.24012187,21.19390625,19.83363125,19.49730625,18.39734375
18.27781563,18.91585313,20.18010313,21.32634688,22.26221562,22.98830312,23.95869687,25.56028438,26.71090625,27.60045,28.88505313,29.63443438,31.255575,32.349925,32.57898125,34.43382188,34.75687188,35.24469375,35.62783438,34.6505375,35.8671,34.76789375,37.48887188,36.60196875,38.8964625,37.03686875,38.03949063,35.58259063,37.04022812,35.04745625,36.00992188,35.47455938,34.8060875,34.33170625,32.69482812,32.38570625,31.08343125,30.10912188,28.85036875,27.73733437,26.50063437,25.38774688,24.34810313,23.07299375,22.36251875,21.192075,19.91944688,19.46312188,18.39498438
18.18433438,18.89953438,20.2343875,21.32229375,22.19586563,22.9948875,23.956525,25.6251375,26.56586875,27.59865313,28.83752813,29.6747,31.25689063,32.42604063,32.60730938,34.34425,34.70950625,35.26311875,35.722225,34.59121875,35.92417812,34.53728438,37.51235,36.4672875,38.86871875,36.79695,38.07770313,35.44789063,36.92865,34.95014062,35.96695938,35.5851125,34.905825,34.43245625,32.72250312,32.40103437,31.20676875,30.17399375,28.8138,27.779725,26.45846875,25.4204125,24.409175,23.17555625,22.34671875,21.22185,19.90904375,19.56252188,18.52559688
18.13952813,18.93528125,20.16234688,21.29002813,22.15983438,22.88328438,24.02580625,25.6583875,26.6257875,27.52177187,28.87398438,29.59313125,31.20041562,32.335325,32.397,34.35472187,34.71981562,35.27580625,35.61619375,34.44078125,35.86230313,34.8064125,37.67959063,36.55019688,38.83256563,36.835175,38.01491563,35.56242813,36.94660312,34.92079062,35.95888125,35.54710625,34.8516,34.356575,32.66003125,32.41200313,31.20468125,30.21276562,28.92905313,27.80435937,26.49114687,25.3374875,24.3335875,23.1264875,22.5210375,21.15106875,19.88617812,19.62652813,18.44780938
18.16500313,18.960625,20.20829375,21.22035313,22.17311563,22.884425,23.88804375,25.56783125,26.66347187,27.54573437,28.7459125,29.67719375,31.2526,32.432975,32.30874688,34.25881563,34.60072188,35.2578625,35.69728438,34.40074688,35.87407188,34.83963438,37.6296,36.64109687,38.93838438,36.92213438,37.905675,35.49865937,36.76415,34.958325,35.89669688,35.64185625,34.81641563,34.4519,32.76315312,32.50981563,31.22887812,30.19134063,28.96448437,27.77034063,26.58588125,25.31834688,24.36097188,23.31258438,22.55115938,21.16823438,19.93285,19.56600938,18.37367813
18.15739688,19.01977813,20.26090625,21.26348437,22.1920625,22.86419063,23.95260313,25.49718125,26.53913438,27.58933125,28.80993437,29.77049063,31.22942813,32.34873438,32.32543125,34.38668125,34.60455,35.30739687,35.671975,34.31869375,35.94794375,34.87669375,37.70925313,36.57204375,38.7760125,36.84988438,37.9661875,35.43277187,36.80582188,35.04270312,35.91210313,35.70219375,34.92209688,34.397875,32.79256563,32.59370625,31.34743125,30.19535,28.90156563,27.78457187,26.56167188,25.22550313,24.37823437,23.3033625,22.69019375,21.26654375,19.9125,19.57022813,18.3148875
18.12116875,18.95997813,20.210925,21.23925,22.15972813,22.96410312,23.92962813,25.5548,26.59589687,27.51972188,28.94285937,29.82589375,31.23172188,32.29785313,32.2785625,34.46316875,34.68775,35.360575,35.81865938,34.18110938,35.97391563,34.92804688,37.74560937,36.53178438,38.9221,36.80185313,37.97450313,35.39954062,36.70340938,34.960475,36.02080625,35.770975,34.8761875,34.551675,32.77749062,32.60631875,31.41804062,30.15837813,28.96426563,27.82873438,26.64980313,25.2431125,24.35255937,23.36772813,22.64795313,21.31310625,19.93684063,19.5709875,18.25215937
18.2372625,18.99117812,20.10921563,21.28505937,22.2120875,23.00579062,23.98485938,25.60569063,26.49283125,27.53165,28.892925,29.89162188,31.13624688,32.28143125,32.24613125,34.467625,34.76326563,35.3522,35.82639375,34.0123,35.9529875,34.84306563,37.76336563,36.68330937,38.87594375,36.8535625,37.89175938,35.3663375,36.61498125,34.91080938,36.09255938,35.98919688,34.84480313,34.61149688,32.93521563,32.793875,31.41213125,30.23212188,29.08551563,27.89404062,26.5913375,25.23847188,24.4293125,23.36663125,22.5619625,21.17991875,19.94848438,19.63763125,18.36830937
18.14759063,18.93450938,20.11152813,21.24468437,22.15450313,23.0666,24.0057125,25.62692188,26.47467188,27.58900313,28.8308625,30.0063125,31.08625937,32.22485938,32.22944687,34.38600625,34.78260938,35.27526562,35.93274375,34.25111563,35.96923125,34.86348438,37.60798437,36.5445625,38.75730625,36.66464688,38.02939063,35.30331875,36.54204688,34.945,36.09976875,35.95155,34.91704063,34.66945313,32.83037188,32.84659375,31.4188375,30.21545313,28.97790313,27.84402187,26.59765,25.28210625,24.43784687,23.28092813,22.668275,21.2317875,20.10304063,19.58367813,18.36725937
18.14521563,18.88989375,20.06430938,21.1593125,22.18451563,23.01545,24.05226875,25.55689688,26.35843437,27.51689375,28.78985938,29.9067,31.1344625,32.22363125,32.27755313,34.28594063,34.75342188,35.28065,35.95829063,34.17982188,36.1087125,34.76465313,37.61070625,36.50208437,38.77429063,36.64649375,38.01613438,35.30519062,36.48211563,34.97209375,36.06325,35.95070313,35.08199062,34.70125938,32.96664063,32.924325,31.61357813,30.3131,29.11397188,27.9173,26.6940375,25.3688,24.5799875,23.38419375,22.6749,21.26868125,20.11543438,19.58659375,18.4247625
18.25430625,18.94635,20.01590313,21.08625938,22.11155,22.91158125,24.0131125,25.46662188,26.42745625,27.48350938,28.75949063,29.97166875,31.11868125,32.1841,32.112925,34.30458438,34.79456875,35.21799063,35.8001,34.08342188,35.92919063,34.95385313,37.5951875,36.467925,38.74064063,36.675125,37.84397813,35.31811875,36.4950875,34.94955938,36.1098,35.80511875,34.98452813,34.62962188,32.912475,32.96844062,31.59185625,30.2555125,29.200225,27.89858125,26.71055,25.3165625,24.51505313,23.342075,22.69470313,21.24499375,20.13025625,19.58060313,18.31537187
18.25019063,18.97741563,20.0150375,21.11302813,22.0905125,23.1356125,23.96398438,25.35136875,26.38690312,27.57515313,28.713725,30.02678438,31.20852187,32.20256875,32.1954625,34.3309625,34.69433438,35.243375,35.862175,33.98800937,35.99666875,34.853525,37.47497812,36.54888438,38.76723125,36.7464,37.62702188,35.3011125,36.37453125,34.95578438,36.170525,35.96431875,34.91646563,34.68605313,33.13992813,32.96110312,31.57172187,30.26238125,29.24556563,27.87765625,26.7607125,25.33108125,24.63954062,23.55110938,22.72207188,21.35294688,20.248725,19.41258437,18.34690625
18.15629375,18.93120313,20.06345938,21.12101875,22.05961875,23.04035625,24.105425,25.37909688,26.299125,27.55089062,28.81354062,30.07645312,31.2268625,32.14367813,32.28065938,34.42225313,34.73105625,35.23466562,35.75620938,33.93269375,35.87159687,34.79178438,37.43530625,36.4222625,38.60887188,36.66312188,37.74430938,35.2691375,36.39767188,34.85800313,36.10559063,35.89570938,35.00522188,34.60290313,33.09722188,33.00347188,31.65720625,30.31455625,29.1872,27.87210625,26.70740625,25.26711563,24.71515,23.53300938,22.72214688,21.3845625,20.15466875,19.38274375,18.32969688
18.09840625,18.869325,19.98615,21.12320313,22.00867813,23.13347187,24.05741563,25.4489125,26.28752812,27.47842188,28.88607188,30.041675,31.16646562,32.13154375,32.14834688,34.46277188,34.84007813,35.2870375,35.68048438,33.97395625,35.7081875,34.85025313,37.3212125,36.40196875,38.74338438,36.51931563,37.70126875,35.1595375,36.34382813,34.90761563,36.14988125,35.91362813,35.08779063,34.64870625,33.00536875,32.907175,31.65656563,30.26866875,29.21805625,27.84819375,26.65160938,25.36550938,24.71985937,23.53273125,22.57375312,21.3041625,20.2759125,19.34830625,18.35557813
18.1241625,18.86524375,19.96576563,21.1137,21.99190938,23.11339062,24.10707813,25.34559688,26.18244063,27.41362187,28.709,29.96804375,31.12409688,32.17476875,32.23119062,34.37546875,34.7981125,35.0733625,35.447325,33.8009,35.601625,34.67539375,37.20146875,36.5181375,38.67880312,36.34790625,37.5110625,35.029375,36.1810875,34.63681875,36.0625375,35.83075938,34.96797812,34.60699063,33.01827813,32.87426563,31.61602813,30.285625,29.21058125,27.88307813,26.75663125,25.3121375,24.84968437,23.47944375,22.57213438,21.15560937,20.19786875,19.26730625,18.37287813
17.99148438,18.79054375,19.92163125,21.0486375,21.98750625,23.0584125,24.05431563,25.31901875,26.20960937,27.43022812,28.6444625,29.91537188,31.12291563,32.02127812,32.13272188,34.29970625,34.77712813,35.06962813,35.45594063,33.95867187,35.4735125,34.70903125,37.00776875,36.22529063,38.48592188,36.1306625,37.47583438,34.89818438,36.14013125,34.75612188,35.883775,35.69809375,35.02309062,34.64249063,32.8938125,32.81443125,31.50430938,30.24253125,29.07195313,27.94444063,26.74119375,25.31396562,24.84448437,23.39243437,22.5474125,21.22007813,20.30830625,19.26074063,18.28204375
17.99688125,18.73674375,19.90190625,20.8979,22.05104063,22.97899375,24.05205938,25.19077187,26.04626875,27.3402375,28.63467188,29.65801875,31.15970313,32.09616563,32.13854375,34.2458625,34.6178875,34.92287188,35.31630625,33.84184375,35.4665875,34.58402813,36.8137,36.11939688,38.3398625,35.96285625,37.1910125,34.72100313,35.976575,34.684475,35.74414375,35.57542188,35.10786875,34.42012188,32.9159,32.69685938,31.56410938,30.26995313,29.17094688,27.99285625,26.8339375,25.3198,24.79582188,23.37791563,22.62548125,21.23355313,20.20939688,19.18216875,18.20974688
18.0882625,18.747575,19.893725,20.95381875,21.94643438,22.94380313,23.922325,25.12480625,26.00815938,27.4028625,28.67340937,29.76553438,31.08215,32.0844125,32.08938437,34.15220625,34.64687813,34.779125,35.21893125,33.7795625,35.24125313,34.62100625,36.79574063,36.158975,38.230725,35.8795375,37.01210625,34.6188125,35.87991563,34.66736563,35.73455,35.41993438,34.95423125,34.35857812,32.789225,32.53403438,31.4223375,30.0551125,29.02785313,27.93910937,26.68701562,25.25448438,24.76677813,23.26197188,22.55971563,21.23324063,20.21112813,19.2025125,18.093475
18.01991875,18.71344375,19.86141563,20.96733125,21.96114688,23.05575,23.84822187,25.0706125,25.93703438,27.46154063,28.63093438,29.69511563,31.0300875,31.95199688,32.19529063,34.20332813,34.60856563,34.87065313,35.26015625,33.71482187,35.23611563,34.4058625,36.61562813,36.1113625,38.0556375,35.82230938,36.85375938,34.44646875,35.704575,34.62345313,35.61867813,35.40123438,34.80555625,34.28785,32.74441875,32.45472188,31.33287813,30.03034062,28.93235,27.91771562,26.71362812,25.27244063,24.79014375,23.36068438,22.52500938,21.23618437,20.13999375,19.1152375,18.19702813
17.94444063,18.64892188,19.8960625,20.84987813,21.88725938,22.9326125,23.87607813,25.11906562,25.949825,27.32747813,28.5985375,29.66824063,30.99999688,31.87407188,32.09590625,34.05605938,34.54705625,34.83176875,35.13560625,33.71404688,35.04208438,34.23208125,36.48611563,35.97190938,37.95283125,35.68361563,37.02216875,34.26970625,35.68897188,34.47177188,35.4442375,35.32581875,34.88432812,34.08214375,32.50625312,32.34712188,31.27882813,29.91138125,28.84070625,27.811325,26.64185938,25.286875,24.753275,23.298725,22.44573438,21.19614688,20.00814375,19.10617188,18.223775
17.93829688,18.5955125,19.749925,20.85593125,21.82698438,22.91720625,23.8316125,25.19114375,25.96359375,27.33084062,28.488975,29.54050625,30.88507188,31.78809063,32.08115,34.1269,34.53620938,34.6897375,35.05302188,33.74777188,35.07844063,34.17342187,36.38283125,35.91414375,37.94704375,35.51188438,36.88120938,34.00019062,35.57875625,34.3834625,35.37957188,35.10069063,34.93786875,33.95540938,32.37201563,32.15473125,31.1726125,29.84959062,28.69997188,27.74529375,26.599575,25.38401875,24.67754687,23.11450313,22.3623625,21.13791562,20.05236875,19.04097188,18.19362813
17.96445625,18.62945625,19.88196563,20.841125,21.771975,22.89955313,23.85573437,25.07239063,25.98730937,27.2281375,28.30915,29.3765125,30.84345,31.8406125,32.13366562,33.93009062,34.4313875,34.54844063,34.99933125,33.59221563,35.1180375,33.99626562,36.33824063,35.89096563,37.82658125,35.42089688,36.7648625,34.02067812,35.45211563,34.14765625,35.23114063,34.97260938,34.7483875,33.88759063,32.33755,32.01643437,30.98934375,29.74261875,28.67606563,27.7420125,26.6471125,25.25524063,24.71242812,23.041575,22.36493125,21.0416375,19.94291562,19.0142,18.15486875
17.86991563,18.60895,19.89990625,20.79012813,21.70096875,22.77595938,23.78740313,25.07354063,26.011725,27.2790875,28.24492813,29.35065313,30.81577813,31.74964062,32.01955625,33.97486563,34.3590625,34.68799375,35.07189063,33.78220938,34.9778,33.93475313,36.2177625,35.6804875,37.54088438,35.36134688,36.8353,33.95460625,35.48622188,34.25963125,35.175375,34.88023438,34.71277813,33.83515313,32.20209063,31.92805,30.88084062,29.642025,28.61044375,27.63997813,26.50675,25.22739375,24.5770875,23.06054375,22.24195938,21.057325,20.0175875,19.08163125,18.09846875
17.90470625,18.57813437,19.97595938,20.6662625,21.7614,22.7811375,23.73742188,25.01517813,25.8648125,27.15351563,28.27514375,29.2974125,30.83187813,31.89115625,32.08369063,33.95350313,34.15570938,34.55030625,34.92168125,33.59446875,35.01926875,33.6827125,36.08048125,35.61821875,37.4274625,35.2131625,36.601125,33.74744688,35.223025,33.974425,35.08972188,34.82225312,34.63904375,33.64904063,32.2578625,31.76085313,30.83756875,29.65805,28.66509375,27.50945625,26.43442187,25.15835313,24.4082125,22.9985,22.28596563,21.0678375,19.89942813,19.05891875,18.0436
17.89385625,18.59485938,20.02870937,20.74564375,21.700925,22.72398438,23.7149125,25.07902188,25.84551875,27.21531562,28.32104688,29.395275,30.7354125,31.8775,32.17165938,33.88280313,34.23663438,34.60136563,34.97050938,33.53467813,35.03608438,33.74279687,36.36263438,35.77220938,37.46427188,35.18132813,36.5891125,33.78138438,35.2162375,33.95719063,35.11662188,34.68915938,34.40291563,33.668925,32.22787813,31.66048437,30.75749063,29.37131562,28.5105625,27.40665938,26.27679063,25.05462188,24.3842125,22.96823437,22.09881562,21.02720313,19.81707188,19.06515938,17.977425
17.81251563,18.61441562,19.96495,20.70114375,21.78426563,22.65833438,23.66109687,25.15114063,25.90777187,27.10845625,28.22533125,29.29513438,30.68919375,31.73758125,32.17030625,33.89800625,34.0843875,34.65556562,34.977375,33.61033438,34.9255375,33.60147187,36.29892813,35.6293,37.33625,35.11467813,36.55692188,33.53718125,35.12205313,33.8727125,34.91708125,34.70533125,34.19624063,33.6062,32.11898125,31.655325,30.682675,29.344575,28.40493438,27.37365,26.33645313,24.99587187,24.27425312,22.99600313,21.9294,20.92557188,19.71918437,18.998975,18.0789
17.79424688,18.60457187,19.97643125,20.66702187,21.75804687,22.60854063,23.68594688,25.21010313,25.96144375,27.07469687,28.15988125,29.328,30.67684062,31.76940938,32.02911563,33.73271563,34.03754063,34.62660313,34.96075,33.68914063,34.94138125,33.60819688,36.38481875,35.6615,37.31810938,35.070525,36.67776563,33.5187375,35.09930313,33.83810938,34.97604375,34.72213438,34.33645313,33.52679687,31.94887813,31.49011563,30.55566875,29.19775,28.36151875,27.28728438,26.2734125,24.97627813,24.27685313,22.8987375,21.92823438,20.854425,19.70005625,18.93967188,17.98702187
17.83957188,18.55336875,19.92172188,20.67619687,21.77361875,22.53728438,23.6649375,25.20595938,25.91521875,27.07274375,28.11735937,29.276475,30.66292188,31.7103125,32.103175,33.83089063,34.08362188,34.49435938,35.10757813,33.70931563,35.03154688,33.60069375,36.37660938,35.67589688,37.3137625,35.0139,36.5386375,33.47856563,35.00454062,33.70610625,34.86728125,34.47601875,34.26856875,33.4959125,31.9041125,31.41820938,30.52678125,29.33136563,28.28683125,27.25878438,26.24021562,24.97649375,24.17105312,22.72286875,21.87140312,20.75497188,19.69735625,18.9050875,17.84965625
17.88204688,18.62377812,20.13450938,20.6612,21.64956563,22.62595625,23.67141563,25.02976562,25.961425,27.08607188,28.07751562,29.25592188,30.61925,31.84315625,32.0403125,33.74024375,34.08809375,34.58296563,35.24114375,33.64354375,35.09959688,33.54507813,36.40783438,35.56157188,37.24652813,35.12940625,36.6375375,33.6411875,34.99794063,33.71421875,34.86578438,34.59025,34.12769688,33.56412812,31.7951875,31.41500938,30.36258437,29.2040625,28.3862125,27.26843125,26.11949688,24.85078438,24.1097375,22.6566875,21.77911875,20.66265937,19.669175,18.85805938,17.87769687
17.85078125,18.5393125,20.01760312,20.52949062,21.57592813,22.46873437,23.69555313,25.02995313,25.92981562,27.12844375,28.1319875,29.3909625,30.54899063,31.82774375,32.02731563,33.84551563,34.07066875,34.57100937,35.221175,33.68242188,35.08460938,33.39615938,36.39049688,35.63032188,37.01619063,35.16692813,36.75262813,33.50189375,34.97925313,33.6653375,34.72981563,34.45509375,34.01259375,33.54073125,31.71845938,31.34020313,30.41518125,29.17523125,28.24500313,27.07331563,26.01756563,24.75455,23.9809625,22.68851563,21.63535938,20.68108437,19.73678438,18.83776563,17.79000625
17.8683375,18.49511875,20.03375,20.51597812,21.65125625,22.51685938,23.64588437,25.04165938,25.92208125,27.0959375,28.2211375,29.4669125,30.61067813,31.9234625,32.01605938,33.806,34.04218125,34.46005625,35.16917813,33.51743125,35.13716875,33.43752188,36.40682188,35.61751875,37.01818438,35.198825,36.62307188,33.38712813,34.78295313,33.46193125,34.67787813,34.39982813,33.95034375,33.48827812,31.75879063,31.27884375,30.34683125,29.17060938,28.32031562,27.019125,25.91687813,24.66059375,23.83135313,22.5721375,21.54622188,20.6112375,19.64250625,18.81025313,17.76201875
17.845325,18.53436563,20.08058438,20.54094063,21.50955,22.43638125,23.66632187,24.99004687,26.01270625,27.1949,28.16698125,29.4418375,30.50545313,31.87307813,32.05993125,33.78491875,34.08683125,34.451325,35.23209063,33.57985313,35.2148625,33.6361875,36.67162188,35.64089063,37.19494688,35.29737187,36.61460938,33.5141625,34.898125,33.42020938,34.63200625,34.23569063,33.80897188,33.46233125,31.58654375,31.23546875,30.2717625,28.93275313,28.15707187,26.95238125,25.92306875,24.64925625,23.79527813,22.62049375,21.37204688,20.55294688,19.52840312,18.733425,17.74336563
17.75420938,18.56420625,19.91915625,20.53310312,21.49415938,22.38838125,23.64535625,25.0304125,26.07656875,27.09618125,28.12383125,29.381675,30.48761875,31.77823437,32.02875938,33.7989125,33.97273438,34.45882813,35.1833875,33.67230625,35.10452188,33.60622188,36.61463437,35.80674375,37.18985938,35.34990625,36.67506875,33.42387813,34.89455625,33.3607,34.4851625,34.36467813,33.77937188,33.47387813,31.53053438,31.22967188,30.1051875,28.9796375,28.11309688,26.894275,25.92475938,24.583075,23.69022188,22.55425,21.26309688,20.40824688,19.54066875,18.64422812,17.753525
17.71806562,18.5454625,19.87446875,20.58143125,21.39945625,22.37019688,23.63488438,24.93653125,25.97750937,27.18834688,28.0414375,29.40299375,30.41955,31.82725937,31.94955938,33.6873,34.079025,34.52833125,35.14076875,33.66434688,35.29740938,33.75255,36.63847813,35.96106875,37.26717188,35.39920938,36.63199063,33.61114375,34.8546625,33.30685625,34.64350313,34.43813438,33.83677188,33.43310938,31.33836875,31.13981875,30.05745,28.88508125,28.12756562,26.8065,25.7740375,24.49610938,23.6822125,22.47717813,21.33488125,20.31601563,19.43880625,18.58552188,17.609675
17.69130938,18.49214375,19.92129062,20.522275,21.42176562,22.32090313,23.6338875,24.83330313,25.91379375,27.1526,28.06199375,29.30372813,30.35955,31.776775,31.93494063,33.7127125,34.12671563,34.45903438,35.13005,33.64010313,35.25661875,33.80501875,36.68256875,35.98384688,37.43005625,35.41942188,36.62986875,33.62516875,34.85275938,33.17232813,34.4192,34.36345938,33.69655,33.5465625,31.41213437,31.14084687,30.11011563,29.05353437,28.1271875,26.73766562,25.70503125,24.4804125,23.52023438,22.4208625,21.24416563,20.2505,19.45879687,18.59944375,17.50603438
17.70279375,18.5904125,20.0093375,20.5760625,21.308375,22.32039375,23.61224687,24.637,25.87245625,27.1942875,28.0941125,29.38975625,30.3462375,31.82814687,31.92178125,33.70095,34.1843,34.478525,35.11775938,33.55765625,35.26800938,33.89727813,36.7206625,35.87814688,37.43517188,35.6167375,36.58349375,33.62740313,34.748975,33.22589688,34.43385625,34.45207813,33.6940875,33.6162125,31.281825,31.1431375,30.0510125,28.82959062,28.04759687,26.79827188,25.5793125,24.36004063,23.42975625,22.311675,21.09290625,20.18825313,19.39882812,18.47385938,17.548925
17.65136563,18.49296875,19.7529875,20.43979688,21.35620313,22.21199688,23.64532187,24.65635,25.76518125,27.11365,28.17690938,29.42537812,30.3398125,31.75410625,31.92950938,33.73307188,34.19306563,34.27945313,35.11060625,33.58688438,35.33229688,33.85150313,36.78497188,36.07228437,37.33384063,35.56594063,36.57574375,33.54683125,34.74062188,33.26673438,34.27150313,34.31123438,33.689675,33.61242187,31.352475,31.11230937,30.0643,28.861525,27.97233438,26.6935625,25.5400625,24.2748125,23.31915938,22.33165,21.03550312,20.19261563,19.38830313,18.41865,17.38397188
17.66416875,18.50109687,19.7236625,20.49035313,21.39688125,22.28275313,23.61584688,24.6303625,25.8260625,27.15082188,28.1168875,29.36926563,30.42038438,31.70369375,31.82545,33.63675313,34.14792188,34.32643125,35.2755625,33.64470938,35.29046875,34.035925,36.83644063,36.0871,37.43731875,35.66794063,36.4612375,33.55840938,34.64974688,33.20889375,34.33295625,34.35858438,33.63131563,33.52401563,31.28368125,31.10613437,30.0314,28.9377375,28.0034,26.76555313,25.44636875,24.23216875,23.15723125,22.22681563,20.96783125,20.11040313,19.25565938,18.35567188,17.3642625
17.61346875,18.50170625,19.64426563,20.45851875,21.27719063,22.28791562,23.659075,24.57034063,25.87696562,27.17239375,28.06890313,29.25158438,30.31572188,31.60580938,31.83074375,33.64140625,34.19281563,34.25125313,35.22370313,33.82506875,35.36985938,34.2832625,37.01645,36.09424688,37.57813125,35.81550313,36.47164688,33.6544125,34.80234688,33.20787188,34.23990938,34.3757,33.62599063,33.38834375,31.02445,30.990175,29.93115313,28.82166875,27.82416563,26.67545313,25.46989688,24.25288125,23.16196875,22.22106563,21.00420938,20.14871563,19.18449375,18.24889688,17.3182375
17.48682187,18.4730125,19.53501563,20.45955,21.30350938,22.2922,23.68489688,24.59412188,25.86465938,27.1017375,28.12614063,29.28737813,30.29099063,31.532575,31.81260312,33.57720938,34.23766563,34.36413125,35.18759063,33.95828125,35.35876563,34.3169125,36.93274688,36.29982813,37.56702813,35.85655313,36.58939375,33.71546563,34.82298438,33.3676875,34.21532813,34.43537813,33.63815937,33.32585313,31.11281563,30.91791562,29.87777813,28.83740938,27.77332188,26.55736563,25.34099688,24.224975,23.08271563,22.0672,20.99295,20.04336875,19.19895625,18.16205,17.2441
17.51134688,18.39006562,19.45514688,20.46390625,21.21293438,22.30982188,23.6323625,24.50789375,25.70161562,27.18494063,28.06982188,29.23546875,30.28352187,31.52975625,31.80670312,33.49177188,34.29344063,34.38307188,35.16474063,33.95870313,35.55845,34.43514688,36.9266125,36.34935938,37.65247812,35.9297,36.60740313,33.76807813,34.83159375,33.2278375,34.30844063,34.40155938,33.40341563,33.23403125,30.9045875,30.96890937,29.90795,28.6385,27.721825,26.51994062,25.24781875,24.19935938,23.03966875,22.00747187,20.97569063,20.03562188,19.12113125,18.10656562,17.22427812
17.51579688,18.3754,19.52099063,20.37783125,21.2653125,22.27893438,23.7256,24.46325938,25.78157812,27.1303125,28.15892187,29.16679688,30.27615625,31.49959375,31.73855312,33.548775,34.23186563,34.41039063,35.13944063,33.99061875,35.6735875,34.51215625,36.99907188,36.35345313,37.90279063,36.07720313,36.648925,33.69994375,34.92069375,33.14593438,34.12972188,34.33271563,33.33639375,33.31745,31.1220875,30.90855,29.86054687,28.72840625,27.62740625,26.43725625,25.29281563,24.17589688,22.92226875,21.95647188,20.9038,20.032125,19.23249375,18.07502813,17.16244688
17.54363438,18.4406625,19.48425938,20.42114375,21.240825,22.27363125,23.68090313,24.42746875,25.6593875,27.11835625,28.22117188,29.25193125,30.42164688,31.53997188,31.8823375,33.56144688,34.2848125,34.41932187,35.1576625,34.02858438,35.81019375,34.6148875,37.0500875,36.39280938,37.88523438,36.20194375,36.596575,33.75480938,34.84736875,33.28564063,34.17863125,34.22796875,33.39080313,33.17831875,31.02076875,30.8480125,29.8399125,28.460825,27.4995875,26.4481,25.301025,23.99329688,22.87295313,21.824125,20.78794375,20.0136125,19.0670375,17.97907812,17.23070625
17.53305938,18.35655625,19.34821875,20.37993438,21.34657812,22.30642813,23.65711562,24.57533438,25.6534875,27.055525,28.19840313,29.15769063,30.37969687,31.50841875,31.78083438,33.56814375,34.3214625,34.42093437,35.25019688,34.32522188,35.9528875,34.71417813,37.15316875,36.60050938,37.97399063,36.0859625,36.80911563,33.84855625,34.9822375,33.50236562,34.20975313,34.15999375,33.36583125,33.20742187,30.95118438,30.76332188,29.6448625,28.41055313,27.49468125,26.28936563,25.20384688,24.01890938,22.74983438,21.80731875,20.76756562,19.94474688,19.059475,17.9720375,17.15086875
17.51599062,18.38534375,19.33345313,20.4133125,21.35792813,22.38425,23.6593,24.5860125,25.68990938,27.04988125,28.0557,29.06859688,30.3470625,31.46184063,31.87699063,33.45607188,34.16313125,34.63506875,35.20284375,34.33760938,35.96214063,34.81054063,37.25151562,36.71473438,38.11797813,36.159125,36.74401875,33.7856125,34.93743125,33.3601875,34.20923438,34.1970125,33.19429375,33.10085,30.85102188,30.64067813,29.67662813,28.43455313,27.32334688,26.23858438,25.1926375,23.98973125,22.67171563,21.76553125,20.6737625,19.81973438,19.00124063,17.96194063,17.12454375
17.50408437,18.35875313,19.29326875,20.339775,21.30213437,22.41554687,23.65937187,24.61314375,25.61460937,27.00089062,28.07476562,29.02569687,30.37557812,31.4632375,31.95665625,33.5669125,34.33639063,34.5989375,35.1888375,34.45953125,36.0344875,35.03525938,37.43661562,36.67685938,38.25957188,36.18364063,36.70883125,33.81770938,35.09472813,33.42517812,34.1964875,34.23051563,33.12480938,33.0147625,30.68535938,30.53723125,29.53669688,28.22460313,27.24326563,26.14760938,25.12083438,24.02625938,22.6804125,21.73471562,20.67438125,19.79840938,18.92215625,17.86645313,17.04630625
17.45174687,18.3374125,19.3316625,20.32940313,21.3558125,22.40319688,23.64489375,24.53400625,25.54069063,26.993325,28.15150938,28.99510625,30.38736875,31.43029063,32.02004062,33.4661125,34.336625,34.71034688,35.2427,34.5298875,36.05137188,34.8661625,37.27434688,36.67205,38.20619375,36.00395312,36.64867812,33.80435937,35.00497813,33.64940625,34.22022812,34.05819688,33.00648125,32.9645125,30.8037375,30.53293125,29.55301875,28.129225,27.061375,26.02457188,25.06300313,23.9197875,22.65054687,21.61001875,20.64427187,19.71711563,18.90114375,17.88374375,16.96736875
17.60470938,18.29407813,19.24153125,20.33374375,21.30741875,22.296775,23.54608125,24.54305,25.45994375,27.03424063,28.09368125,28.91749375,30.45153438,31.49695,32.06523437,33.45540625,34.4517,34.6088375,35.25560625,34.53933438,36.16910313,34.95592813,37.36225625,36.67560938,38.1580875,35.985175,36.68429688,33.76990938,35.00375938,33.53404062,34.21692812,33.91103125,32.8057125,32.93309688,30.6238,30.63229687,29.508625,27.94963125,26.95524375,25.99151875,25.00447188,23.92596875,22.63398437,21.50101562,20.543425,19.69405,18.88044063,17.82072813,17.00635625
17.62467188,18.36690625,19.33506875,20.35068438,21.36843125,22.26450625,23.62044687,24.49397812,25.58723125,27.011075,28.16825625,29.03933438,30.53497188,31.52079375,31.9630875,33.58286563,34.48813438,34.76156875,35.26065625,34.60000625,36.18543438,34.9354,37.41036563,36.476475,38.20475625,36.0708625,36.60624688,33.78704375,34.97289375,33.594425,34.06408125,33.84732188,32.91583438,32.83854375,30.71165,30.43987188,29.40029688,28.02364375,26.82594375,25.85526875,24.9787625,23.79306875,22.6305,21.425125,20.57596563,19.5735875,18.91653438,17.84012813,16.89383125
17.66349688,18.35585937,19.34428438,20.29936562,21.36374375,22.39405313,23.5209125,24.56352813,25.55412813,26.9992375,28.1097,29.070775,30.68198438,31.53385,31.9361875,33.59182812,34.57991563,34.750975,35.25203125,34.6161625,36.22795625,34.90796563,37.42762188,36.49920937,38.06444062,35.88854688,36.67610938,33.90684688,34.91421563,33.65134062,34.1387125,33.68740938,32.95205625,32.64247813,30.55159375,30.31937187,29.33195312,27.82301563,26.84685937,25.819275,24.9322875,23.649,22.59746875,21.36184063,20.51371563,19.51354688,18.726475,17.73750625,16.97257188
17.68763438,18.27926875,19.31775,20.30528437,21.36242188,22.432525,23.50130625,24.68222188,25.6417375,26.99089375,28.1125375,29.00611875,30.5979875,31.52975,31.75861562,33.6720125,34.46105625,34.80347813,35.21281563,34.72930625,36.3118625,34.90281563,37.45408438,36.42248437,38.06854375,35.82650312,36.813725,33.80760313,34.99749688,33.5697375,34.12350313,33.58669688,32.76032187,32.58945,30.3728375,30.11665937,29.07648437,27.78654375,26.77616875,25.66732188,24.8040625,23.64853125,22.4935375,21.26642187,20.5149375,19.41376563,18.78338438,17.69820938,16.95619375
17.62468125,18.28349375,19.3431375,20.30466875,21.35289688,22.45224688,23.48438438,24.69114375,25.65605937,26.9239625,28.01614063,28.92828438,30.55410625,31.5147375,31.76494063,33.61346562,34.239725,34.77477188,35.08136875,34.6224125,36.29665,34.91270625,37.44299063,36.36765313,37.89991875,35.65961875,36.62018125,33.60834375,34.94715,33.3412875,34.02209687,33.537875,32.624625,32.40383125,30.363675,30.02440937,29.12869062,27.72380625,26.5768,25.58178438,24.90801875,23.54174063,22.52494688,21.26203437,20.42949688,19.30656562,18.6797,17.71053438,16.84384063
17.66302813,18.26501875,19.40346875,20.255875,21.24604063,22.405125,23.45121875,24.62164062,25.6010875,27.01805625,28.04065625,29.00704687,30.60455,31.52740938,31.66066875,33.73160313,34.47667813,34.68693438,35.12123437,34.64014063,36.14801563,34.99259688,37.3396125,36.13535,37.95507187,35.57951875,36.65159687,33.68779688,34.9167125,33.319375,34.13654687,33.50105938,32.58541562,32.27714375,30.26625,30.00995625,28.9778125,27.57482813,26.59755312,25.5670875,24.74050313,23.46169688,22.504525,21.11581563,20.460475,19.28579062,18.5934625,17.61635625,16.83862813
17.63023125,18.23944688,19.44503125,20.31660625,21.30038125,22.38324688,23.40008125,24.52767187,25.59884063,26.97698125,28.15055938,29.00560625,30.58158125,31.48590313,31.743325,33.69375625,34.32513125,34.69114063,35.135175,34.39198438,36.118,34.6234875,37.180475,36.10916875,37.7872875,35.41757188,36.54135938,33.6157625,34.75971563,33.282325,34.03104687,33.32004375,32.59297813,32.25785625,30.25097188,30.1297375,28.86526562,27.52893125,26.46829375,25.486175,24.77514375,23.32839063,22.47041563,21.09349375,20.46212813,19.25505,18.51050313,17.69505,16.75439063
17.69945312,18.30191875,19.37040938,20.34694375,21.28400938,22.31391563,23.3429,24.64659375,25.54575625,26.939475,28.05849375,28.95419062,30.60598125,31.53277188,31.73003125,33.780275,34.34189063,34.59800625,35.0924,34.30710625,36.2149625,34.66260625,37.28017188,36.013925,37.74644063,35.42656875,36.6670625,33.66494375,34.79191875,33.12779687,33.93602187,33.3074375,32.50079375,32.27384063,30.18163125,30.14714063,28.93142812,27.48074062,26.52341562,25.43320938,24.6384375,23.35265625,22.37580625,21.05419062,20.33744375,19.17811562,18.39770625,17.61831875,16.79660625
17.61198438,18.3764,19.39615312,20.36161875,21.3614375,22.35494062,23.36694375,24.59069688,25.62589688,26.959575,28.05424063,29.06553437,30.63573438,31.48745313,31.7787,33.90539375,34.34710937,34.67769063,35.14851562,34.25290937,35.9784125,34.50201563,37.23311875,35.7848375,37.71807188,35.4074625,36.51542813,33.67065313,34.70975938,33.12944063,33.79980937,33.32193438,32.60741875,32.092975,30.11759375,29.94440313,28.76053125,27.482975,26.39804687,25.37423125,24.58202188,23.1456875,22.36940312,21.09598438,20.39878438,19.0217125,18.32873125,17.6665,16.69135625
17.64153438,18.3167125,19.43554375,20.27887188,21.31557812,22.49132812,23.30493125,24.69735,25.63283438,26.89671563,28.04679063,28.99077812,30.67146563,31.40328437,31.68417188,33.90854375,34.34559063,34.55848438,35.14576562,34.1666375,35.96346563,34.49637188,37.12089688,35.8069875,37.68416563,35.23209688,36.5600375,33.71532813,34.672575,33.0279125,33.91175312,33.27206562,32.56729062,32.0700875,29.961175,29.83633125,28.74715625,27.3400375,26.48633125,25.40408438,24.57030625,23.10230625,22.33635313,21.05650625,20.35606563,19.00060625,18.21106562,17.6116375,16.75089063
17.61955625,18.3504,19.36569375,20.37239375,21.28754375,22.47502813,23.39186875,24.7283375,25.61333438,26.89655,28.13738437,28.96099062,30.66356563,31.46501563,31.66396563,33.96923125,34.1894625,34.4611875,35.13459062,34.0728375,35.90694375,34.3924375,37.0854625,35.5960625,37.58289375,35.32910313,36.51985,33.52738438,34.63232812,32.94023438,33.8311,33.22025625,32.42580938,31.99588437,29.78674063,29.76606563,28.65624688,27.3486875,26.46662812,25.280425,24.52849063,23.12450625,22.26318438,20.931875,20.39578125,18.92069375,18.27161875,17.62736563,16.7033875
17.5704875,18.34458125,19.38165625,20.38790625,21.26275938,22.52930938,23.42766563,24.64465,25.62099688,26.89729688,28.01952812,28.96657188,30.6905125,31.45068438,31.5767,33.89290313,34.21857813,34.42582188,35.24429375,34.09555,35.80292813,34.33940937,36.97900938,35.60816875,37.45267813,35.2287375,36.41575625,33.50663438,34.631275,32.94187812,33.87619375,33.31239688,32.4974875,31.94495,29.80801875,29.85954062,28.69068125,27.426675,26.37634062,25.29600938,24.56949063,23.07952187,22.28585313,20.99423437,20.35670938,18.88498438,18.15743125,17.59512813,16.60723125
17.58839687,18.35844688,19.3450375,20.39788125,21.21830625,22.44160625,23.57049688,24.58926562,25.62491563,27.08204375,28.1513125,29.0055125,30.73036563,31.51830625,31.61485313,33.91134375,34.42632813,34.4822,35.15671563,34.07989687,35.73165938,34.23469063,36.89187187,35.47484375,37.53951563,35.39822188,36.49120625,33.65419063,34.58720313,32.87577813,33.99010938,33.30681875,32.54672187,31.87349375,29.79812188,29.89928125,28.60202812,27.44849375,26.38587188,25.29580938,24.44390938,22.93965937,22.20827812,20.88046875,20.4004875,19.02085938,18.156725,17.53280313,16.61020313
17.5554625,18.33372188,19.37462188,20.49637812,21.38797187,22.43524375,23.5588625,24.74165937,25.73011563,27.0027625,28.23875625,29.0971375,30.78835,31.56277188,31.62508438,33.97442813,34.34879063,34.64746875,35.114575,33.92089688,35.69998125,34.0269125,36.98174062,35.54368125,37.49161875,35.49029063,36.44325,33.671975,34.71141563,32.85468438,33.7995125,33.31836563,32.57151875,31.90349062,29.8320875,30.0042375,28.52680313,27.46963438,26.45195938,25.27029375,24.47658125,22.995275,22.19023125,20.9712,20.4046875,19.07582813,18.06424375,17.5355,16.5277125
17.54640312,18.43755625,19.40067813,20.53500625,21.44362812,22.46689375,23.64759687,24.84829687,25.67345625,27.03254375,28.19085313,29.1070375,30.8448125,31.65430313,31.472825,34.04773125,34.36944375,34.55695625,35.07059688,33.977175,35.78218438,34.05413438,37.03167812,35.45655313,37.55051875,35.44588437,36.60458438,33.76031563,34.7955875,32.81874375,33.85109062,33.32974375,32.51132188,31.93330312,29.92563438,29.91387812,28.65382188,27.49666563,26.49524375,25.24722813,24.40463438,23.02473437,22.11937813,20.97679375,20.30161563,19.04444375,18.09014063,17.51482188,16.60340938
17.5583625,18.44110937,19.40199063,20.48644688,21.4787875,22.53885313,23.70906875,24.800675,25.82224375,27.03949375,28.21682188,29.18949687,30.78931562,31.67239063,31.61882188,34.0718375,34.42833438,34.67890313,35.16989375,33.91539375,35.64205625,34.02105313,36.90669375,35.5338375,37.56184062,35.50619688,36.55685938,33.70319063,34.85392188,32.776775,33.88940938,33.49997188,32.6693875,31.8694875,29.92545625,29.897325,28.52378438,27.4809,26.45454063,25.25052188,24.44148437,22.977425,22.1811,20.9922125,20.31944375,18.99125313,18.06514063,17.51739375,16.57366562
17.5997875,18.35984688,19.55789375,20.482825,21.42690313,22.61320313,23.68433438,24.89794687,25.771825,26.9357875,28.310025,29.12925,30.81802188,31.72582188,31.48857812,34.05109375,34.34533125,34.66586875,35.18670625,33.81986563,35.74710938,34.03042813,36.81317812,35.62480312,37.700975,35.55679375,36.64233125,33.6945875,34.85737812,32.73007188,34.08625625,33.65494688,32.63473438,32.0046125,29.91956563,29.937125,28.710775,27.5390875,26.60133438,25.30230625,24.4576375,22.95711875,22.16310938,21.0273875,20.33763125,19.04138125,18.016525,17.45552188,16.57793438
17.57565625,18.47822812,19.51253125,20.54197812,21.4710875,22.59203438,23.79081562,24.85451563,25.74035937,27.06322813,28.26216563,29.168475,30.7742625,31.87509375,31.57545937,34.12494062,34.36332812,34.6763,35.18687813,33.6844125,35.71720313,33.93806875,36.83845938,35.63827813,37.6592125,35.60464688,36.62151562,33.62049688,34.91204688,32.83272813,34.08428438,33.75714063,32.76254688,32.027125,29.96069688,30.00681563,28.7513375,27.65435312,26.65157813,25.25286563,24.40765938,22.9814125,22.09735938,21.00453438,20.37867813,19.01935938,18.07764063,17.43674063,16.50723125
17.54034063,18.460675,19.5569125,20.51187188,21.50969688,22.6288,23.84807188,24.7681625,25.704675,27.0785875,28.22428438,29.25136563,30.76044063,31.82508438,31.69282187,34.17148438,34.52933438,34.81875937,35.19405,33.69882187,35.61135313,33.94017187,36.78142813,35.716975,37.720675,35.6307125,36.548725,33.77379063,34.94335312,32.9160875,34.13431875,33.9793875,32.90115313,32.18562813,30.01108125,30.13651563,28.73585625,27.83106562,26.56335,25.3653375,24.38041563,22.98383125,22.07134687,21.16536875,20.37722813,19.08329063,18.04347813,17.40865625,16.4644375
17.58564688,18.52500938,19.4713625,20.5462375,21.54784375,22.53866563,23.892125,24.82737188,25.7436875,27.13835938,28.41197813,29.226,30.81589063,31.94692813,31.82660937,34.26588438,34.64482813,34.92864688,35.19824375,33.65187812,35.62277813,33.79200312,36.88542813,35.79162187,37.77955313,35.80463125,36.46088125,33.92483125,35.10996875,32.90140625,34.05755,33.9613875,32.938775,32.27576563,30.17836875,30.23269688,28.752775,27.86154688,26.616275,25.37063125,24.39288125,22.96657812,22.058275,21.17690625,20.33139062,19.16978438,18.09101562,17.42051875,16.4223125
17.58304375,18.56321875,19.5277125,20.63742188,21.60908438,22.58378438,23.82044375,24.95256875,25.84265625,27.09650938,28.40115312,29.36591875,30.90839062,31.93666875,31.66561563,34.37846875,34.62675625,35.12715312,35.27150625,33.59792813,35.53758438,33.73236875,37.00395937,35.91779062,37.73748438,35.80740938,36.45084687,33.96965313,35.18661875,33.0326625,33.94959688,34.04103438,32.92610313,32.38666875,30.2691625,30.24194375,28.77991875,27.98326875,26.74234375,25.429125,24.44783438,23.17799687,22.15283437,21.21664375,20.3144125,19.14124375,18.13291875,17.43574063,16.44180313
17.67011562,18.69220937,19.5426625,20.65480625,21.65880625,22.58873437,23.95570312,24.91431875,25.81654688,27.14345313,28.4620875,29.3332125,30.89594062,32.02234375,31.529925,34.36152813,34.72327188,35.017325,35.38648438,33.64304375,35.61690625,33.8525125,36.95010313,35.91143438,37.6971625,35.56581875,36.45426563,34.05310313,35.16732187,33.19731875,34.13010313,34.01841563,33.0790875,32.46859687,30.29065313,30.17351875,28.9188375,27.98344688,26.68315,25.38205625,24.51222813,23.11133125,22.11865938,21.1686875,20.33540625,19.09686875,18.17927188,17.50377812,16.52303438
17.74903438,18.66476562,19.48626563,20.637875,21.61551562,22.64717188,23.92144063,24.85674687,26.00720313,27.10529375,28.45507813,29.3848,30.85586875,32.05059688,31.72080313,34.27227813,34.83076563,35.18857187,35.32670313,33.757025,35.54005938,33.90357812,36.84818125,35.87037812,37.76995312,35.72978125,36.45120625,34.00281563,35.27297187,33.3141,34.23630313,34.34044375,33.25625625,32.53158438,30.4680875,30.27412813,28.92826875,28.01445,26.8317125,25.46535,24.56070312,23.21140938,22.2056125,21.11262188,20.40289063,19.20852812,18.15970938,17.55338125,16.53240313
17.76504063,18.639575,19.55045,20.7153375,21.69252188,22.58851563,23.91991875,24.95086875,25.96397188,27.10313125,28.37373125,29.415975,30.91427813,32.10854375,31.58889375,34.24170625,34.62398125,35.24609688,35.28789375,33.7035125,35.5118625,33.84135937,36.89180312,35.84204062,37.9107125,35.7550625,36.45924688,34.11155,35.23734688,33.46928125,34.41340625,34.33884688,33.24540312,32.68631563,30.54800938,30.3783625,29.05159062,28.24486875,26.94240625,25.56419375,24.55489375,23.246725,22.15529375,21.25567188,20.455925,19.25935,18.22862813,17.47483437,16.55289688
17.76814063,18.76763125,19.47369375,20.69736875,21.68969688,22.66262188,24.00040625,24.91207187,25.92729375,27.20031875,28.29294375,29.52652188,30.8884125,32.13764375,31.64669688,34.366275,34.68994688,35.30455625,35.21236563,33.66452813,35.508475,33.79923438,37.06604375,35.89042812,37.91756562,35.70025313,36.5712125,34.23615,35.49885,33.536425,34.50072187,34.50186875,33.50226875,32.83980938,30.84387813,30.51880938,29.03379375,28.43999062,27.03699375,25.62569062,24.59997188,23.37155313,22.18766875,21.31259687,20.478975,19.33490938,18.30779688,17.52887813,16.60926875
17.73776563,18.75137187,19.53559688,20.638775,21.69165313,22.65477813,23.976125,24.88151875,25.9726,27.08239375,28.32867187,29.51436562,30.84558125,32.07761875,31.76978125,34.37970313,34.69531875,35.3565125,35.19138438,33.79617813,35.40982188,33.90575625,37.05547187,35.86210313,37.964475,35.83126563,36.62952187,34.33878125,35.56829375,33.63651563,34.55233125,34.70392813,33.602525,32.9459,30.85915,30.67818438,29.01081875,28.57776563,27.00610313,25.78244063,24.640325,23.39854062,22.26651875,21.513625,20.4794875,19.43999375,18.32418125,17.56656563,16.65601875
17.7791125,18.79037813,19.48169687,20.80321875,21.73566875,22.66907188,23.8896625,24.95864688,26.05059375,27.06909687,28.4265625,29.50889375,30.88540625,32.16510312,31.62373438,34.360375,34.79106563,35.39798438,35.33430313,33.9775375,35.52640625,33.88271875,37.29099688,36.05719063,37.96809687,35.9531625,36.77954063,34.47279375,35.80504063,33.82555,34.63516875,34.73863438,33.62875,33.0357125,31.0204875,30.79555625,29.24441562,28.57225313,27.13445625,25.868325,24.7491625,23.48438125,22.4214,21.59199688,20.42691563,19.50262188,18.36633438,17.59815,16.72600625
17.80197813,18.75433125,19.52663125,20.84768125,21.7278,22.71863125,23.81403125,24.97409063,26.09883125,27.05149063,28.33808438,29.60129062,30.85712813,32.0922625,31.59488125,34.43092812,34.56500938,35.3659,35.29384375,33.93675625,35.52206875,33.98452813,37.3342625,36.0964125,38.033075,35.91015625,36.9334625,34.57617188,35.75725,33.97034688,34.7309875,34.85344687,33.72645625,33.2373125,31.12652187,30.878,29.3251375,28.76358125,27.31187188,25.97025,24.91855625,23.67154375,22.62123125,21.55858125,20.43270625,19.5123375,18.4417625,17.70627812,16.8334
17.9152625,18.77115625,19.5426125,20.78977812,21.7708,22.69187813,23.83510313,24.95571563,26.07948125,27.03749688,28.43857188,29.48719688,30.79500625,32.14809375,31.66095937,34.423225,34.61756563,35.2959875,35.42124688,33.9679625,35.67871562,34.2102625,37.23214688,36.2084125,38.18350625,35.86844063,37.14285,34.73269688,35.9514125,34.2018875,34.92084063,35.09865313,33.99045938,33.27835313,31.229975,31.03961875,29.492525,28.67286563,27.32816875,26.02880625,24.993375,23.63714062,22.69931563,21.63131875,20.59649688,19.56527813,18.46228437,17.797825,16.98836875
17.9086375,18.711625,19.5170125,20.80513437,21.71265313,22.7222,23.72325,24.91492188,26.17156875,27.0215,28.38646563,29.50039062,30.87932813,32.09360312,31.904575,34.38214375,34.66525313,35.43053125,35.34263438,34.14439063,35.62440625,34.110675,37.24583438,36.16932188,38.35871562,36.14319375,37.25958125,34.73562188,36.04479063,34.42475,35.06530938,35.35732188,34.08563125,33.46655625,31.60314375,31.27804375,29.59086562,28.85851875,27.50040937,26.25793125,25.04591563,23.800875,22.84734063,21.76555,20.63716875,19.72592187,18.5768875,17.956725,17.02408125
17.93993438,18.769525,19.4777125,20.9028,21.76530938,22.662,23.69039062,25.07254063,26.07250625,27.11147187,28.34482188,29.517325,30.853425,32.12386563,31.91557187,34.451225,34.5472625,35.51135,35.41649063,34.10794375,35.75485,34.14815313,37.26855625,36.42090625,38.44832188,36.28053438,37.42833438,35.01476875,36.15499063,34.65284062,35.2832125,35.22994688,34.26525313,33.63748438,31.70950312,31.41709063,29.69126563,29.0036125,27.57579687,26.33233437,25.16769375,23.9129875,22.90628438,21.9082125,20.69941563,19.72234063,18.67345312,17.91767188,17.0945
17.94283125,18.82116563,19.4736875,20.88845312,21.7455875,22.81355625,23.75845,25.0043375,25.97564063,27.0919625,28.44954688,29.5345625,30.9281875,32.17654688,31.94408437,34.558775,34.81125,35.51115,35.51896563,34.26474375,35.86234688,34.2800625,37.51746875,36.44412188,38.52671563,36.27223125,37.68199375,35.188975,36.472625,34.81354688,35.38752812,35.46497188,34.476525,33.89025313,32.00939687,31.52894062,29.78929375,29.0349875,27.6411625,26.4545125,25.29501562,24.0595625,23.07494375,21.9449625,20.81097188,19.89365,18.73175,18.03082813,17.22929688
17.93003125,18.82241875,19.53881563,20.8461125,21.71914375,22.825,23.78508125,25.01959375,26.09794063,27.0431,28.47511562,29.38492813,30.89653438,32.2399875,31.93365625,34.44768125,34.86089063,35.46353438,35.6488375,34.43078125,35.90856562,34.4915375,37.46475938,36.55075625,38.60975,36.58570938,37.77555625,35.21474063,36.48281563,35.08779375,35.49990312,35.48220313,34.57715,33.86268125,31.870825,31.63325625,29.80724063,29.02338438,27.64680313,26.6036,25.43074063,24.12676875,23.22502812,22.03959688,20.86352188,19.91294375,18.80955625,18.12250938,17.33810938
17.9751375,18.79061563,19.46774375,20.97852187,21.84156875,22.80764375,23.79241562,25.03900937,26.05512188,27.08720938,28.51311563,29.41208125,30.97064063,32.311,31.84694062,34.40867188,34.785025,35.45035,35.748,34.55276563,36.09807813,34.57669375,37.65871563,36.6785125,38.67581563,36.66417813,37.97465938,35.4013375,36.6017,35.31135313,35.75165,35.4462375,34.5133125,34.01136563,32.0794125,31.71960625,30.09112813,29.0535,27.73931563,26.68571563,25.5220125,24.26210938,23.34601562,22.0628875,20.87200625,20.02655625,18.911025,18.19352813,17.43856875
18.00102188,18.74172188,19.55030938,20.86736563,21.77325312,22.74087813,23.79414062,25.037325,26.02552187,27.10621875,28.41888437,29.33989375,30.91836875,32.25506563,32.05445,34.51020625,34.6388625,35.409175,35.68300938,34.5664625,36.07492187,34.75096563,37.65535625,36.67797812,38.93287188,36.68291563,38.09144063,35.594575,36.7255,35.46506875,35.97344375,35.54020625,34.72800938,34.25692188,32.23902187,31.86028125,30.15709375,29.1976125,27.90888125,26.704175,25.6769125,24.37811563,23.50937812,21.94652813,20.92295,20.09427813,18.9473625,18.320475,17.48910938
17.97495,18.80587188,19.64900625,20.79744375,21.80578437,22.71518125,23.81439687,25.00210938,26.02559063,27.128725,28.52497188,29.375225,30.90009063,32.27919063,32.0414,34.4535125,34.89259375,35.35720625,35.77264375,34.643875,36.17841875,34.89470313,37.56207188,36.80411562,39.12855938,36.85755,38.37064375,35.6779875,36.99723125,35.57640938,36.13337188,35.81636563,34.913225,34.09874688,32.32489688,32.00477813,30.31091563,29.05673125,27.8963,26.88454062,25.61356563,24.37933125,23.51350625,22.11852812,21.12277813,20.2222625,19.06393438,18.38898438,17.6105
17.95341875,18.73991875,19.675775,20.80941875,21.77306563,22.88848437,23.78285937,25.01890313,25.95519688,27.2207,28.491025,29.4312,30.93504375,32.26644375,32.18869375,34.40174688,34.88214375,35.44779375,35.76694688,34.64845938,36.07135,34.65321875,37.71584375,36.85071562,39.30179375,37.01229063,38.35280938,35.63893438,36.94773437,35.69255938,36.30417813,35.90542188,34.96309375,34.36655313,32.54147813,32.18643438,30.47006563,29.3420375,27.97133125,27.00840938,25.62539375,24.47402813,23.55931563,22.2667875,21.11967187,20.3203,19.18817188,18.52767813,17.56597188
18.01139062,18.817275,19.657025,20.85177187,21.7677375,22.91227813,23.79128125,25.0629,25.923275,27.28942188,28.56811562,29.38075,30.88257187,32.34481875,32.146425,34.45021563,34.91507187,35.45076875,35.86261563,34.59043125,36.2801625,34.899025,37.82214375,37.10119375,39.27616875,37.219725,38.52581563,35.74101875,37.08239062,35.69754688,36.3955375,35.82549375,35.07258125,34.34157813,32.58081875,32.187875,30.57218437,29.25154375,28.07353438,27.0286125,25.765475,24.61781562,23.57531875,22.33435938,21.21845313,20.31284062,19.118175,18.45846563,17.58743438
18.01098438,18.7368625,19.76169375,20.7644375,21.80514375,22.93377187,23.859325,24.92547812,25.91389063,27.24600625,28.51580312,29.3483875,30.9005875,32.3759,32.2069875,34.49090938,35.08939688,35.37449688,35.9607125,34.69696563,36.37135,34.9990375,37.958525,36.97731875,39.21524688,37.1838,38.62018437,35.69439688,37.05877188,35.70471875,36.35401563,36.02585938,35.03353437,34.44752188,32.60949063,32.17548125,30.71218437,29.21184375,28.05480313,27.14456563,25.8466,24.61312812,23.67656563,22.3442125,21.27661562,20.37112188,19.22322813,18.463075,17.69890625
17.99740937,18.68118125,19.83934063,20.80690625,21.78023438,22.8548625,23.90386562,25.03164688,25.95921875,27.30739688,28.61047813,29.33521875,30.84039375,32.38881563,32.09439375,34.3835,35.14444688,35.3682125,36.01331875,34.77314063,36.4882625,35.11770938,37.832125,37.07277812,39.1666625,37.50745937,38.57754375,35.74914375,37.08540625,35.873575,36.45794375,35.99220313,35.06185313,34.33120625,32.38703125,32.2093875,30.78863125,29.1965875,28.11982188,27.25233125,25.95463437,24.58500938,23.70156875,22.3771625,21.296425,20.37584063,19.33294062,18.54594688,17.79310938
18.03031875,18.66622187,19.79402812,20.84649688,21.93053125,22.73247187,23.92027188,25.020325,26.00659375,27.37284063,28.5892625,29.44800625,30.87468125,32.38902188,32.1843875,34.45312813,34.98385313,35.3916375,36.00964688,34.70064375,36.590025,35.10501875,37.96526562,37.05572812,39.12103125,37.4033,38.57425313,35.84363438,37.0652625,35.88136875,36.47422188,35.89736875,34.929225,34.56626875,32.60209062,32.28224687,30.98047187,29.35845938,28.21604375,27.18673438,26.03345,24.67920938,23.68902188,22.3852875,21.30815938,20.43841562,19.44272188,18.50084063,17.80684063
18.003975,18.79069062,19.88270312,20.85420625,21.81660938,22.75422812,23.97889063,25.11844375,26.02830625,27.33620625,28.55654688,29.45056875,30.82830312,32.36153438,32.3485,34.49563125,35.21133125,35.52302188,36.09874375,34.81576563,36.57124375,35.10021563,38.0366,37.11189375,39.2319875,37.41086563,38.58755,35.83206563,37.16508438,35.9478625,36.57185,35.9721125,35.33923437,34.68701563,32.57188125,32.27895937,30.97176875,29.48215937,28.34185938,27.17825,26.13615625,24.78755312,23.75327188,22.35501563,21.380575,20.38903125,19.46952812,18.53697813,17.83810938
18.02435312,18.8510625,19.9271375,20.81935937,21.87448125,22.80965312,24.05004063,25.1392375,26.15643438,27.44850938,28.69669375,29.63389063,30.80386875,32.48665313,32.2809,34.52010938,35.3905125,35.55559688,36.18788438,34.8366125,36.56144062,35.14992813,38.003675,37.1160125,39.16602813,37.54215625,38.60349063,35.80574375,37.18882813,35.80704375,36.50564375,36.06935938,35.3051625,34.51664375,32.5350375,32.31297812,31.03055312,29.43280313,28.18079688,27.32435938,26.11805625,24.85474688,23.70593438,22.506225,21.5292,20.47403438,19.54798125,18.60150312,17.86918125
18.06795938,18.87959687,19.92456563,20.89175,21.86393438,22.99757188,24.1080125,25.28334688,26.065825,27.511675,28.78379375,29.55369688,30.79783125,32.60637188,32.41944688,34.5593,35.3321125,35.85442188,36.239475,34.83790937,36.52143438,35.15718125,38.16912813,37.18488125,39.21201562,37.42682188,38.4655625,35.79677188,37.14693125,35.90545625,36.62585625,36.04333125,35.31641875,34.69012813,32.59079375,32.31084062,31.16354687,29.61540938,28.24787188,27.40331562,26.14089062,24.88278437,23.69230938,22.54601562,21.53085,20.52301875,19.55435,18.63895313,17.83191562
18.12193125,18.96815625,19.91167812,20.92971875,21.89063438,22.91935,24.2107125,25.2123625,26.3066875,27.5296125,28.82314375,29.5268875,30.94643125,32.70700313,32.48416875,34.592725,35.42981875,35.83037188,36.21738438,34.90810625,36.608975,35.52104375,38.35106875,37.10080938,39.05929687,37.6168125,38.5073875,35.77692813,37.35188125,35.85245625,36.56497813,35.74631562,35.21497812,34.60503438,32.53157188,32.3157375,31.15798125,29.52248437,28.37515313,27.45267187,26.2940875,25.04594688,23.70250625,22.55362813,21.58022813,20.53601563,19.461,18.59328438,17.87665312
18.08257333,18.87708,19.96721333,20.88138333,21.91081,22.87961333,24.22323333,25.23365333,26.25829667,27.50302,28.68989,29.54205667,30.88974,32.67501667,32.61177667,34.61452333,35.35871,35.76374667,36.18363,34.89937,36.62341,35.40649667,38.27994333,36.92892333,38.99392333,37.47456,38.46818333,35.73412333,37.20270667,35.75448667,36.47045333,35.86376,35.14239667,34.69385333,32.35451667,32.31302333,31.17017,29.58141,28.32342667,27.50969,26.35767667,24.97392333,23.77362333,22.51049333,21.50777,20.49202,19.63922333,18.58215,17.95207333
18.04868214,18.86690357,20.005875,20.986275,21.87778214,22.85499286,24.24217857,25.36045,26.27528929,27.55244643,28.89967857,29.61573214,30.90905,32.66118571,32.4219,34.53651071,35.38496071,35.83357857,36.17462143,35.00376071,36.58886071,35.50015357,38.28301786,36.96400357,38.9731,37.65152857,38.44236071,35.84297143,37.40723214,35.869125,36.56325,35.87971429,35.13352143,34.60484643,32.24885714,32.39312857,31.26208929,29.66625,28.38617143,27.57471786,26.32647857,24.94091071,23.71484286,22.572025,21.509625,20.55255714,19.6815,18.64543571,17.99165714
18.06884231,18.96615385,19.98468077,20.99740769,21.91872308,22.8365,24.22647308,25.35190769,26.477,27.61408462,28.79963077,29.68673846,30.87439615,32.69722308,32.61517308,34.64863462,35.29687308,35.90028077,36.13173846,34.89414615,36.61272308,35.41539231,38.45127692,37.00016923,38.93860769,37.49374615,38.44628077,35.76545769,37.29765769,35.71063462,36.41708846,35.81929231,35.10840385,34.80263077,32.36112692,32.45521923,31.27909231,29.82102308,28.46183846,27.46491154,26.44157308,25.02008462,23.71867692,22.59978846,21.52131923,20.5429,19.6883,18.57762308,17.89882692
18.07556667,19.10126667,19.9804375,21.13596667,21.86212917,22.9641125,24.28561667,25.47897083,26.44770833,27.53703333,28.82290833,29.8006375,30.86455,32.7367,32.6842625,34.6048,35.56301667,36.1058875,36.2441125,35.1703625,36.64965417,35.425075,38.521425,37.07567917,39.04503333,37.58884167,38.56224167,35.69479583,37.4480125,35.70409583,36.51339167,35.9312125,35.48824167,34.74976667,32.205875,32.38132917,31.29500833,29.82925417,28.50291667,27.57454167,26.45165833,25.05765833,23.78439167,22.6395125,21.59279583,20.52065417,19.6732125,18.64800833,17.90582917
18.19710909,18.93673182,19.98154091,21.10143636,21.9227,22.99069091,24.30167727,25.51555909,26.61701818,27.75854091,28.97604545,29.88235,30.87282727,32.91925,32.67158182,34.73928182,35.54754091,36.18655,36.21831364,35.10676364,36.63791364,35.53555455,38.53081818,37.02915909,38.94800909,37.68865455,38.48948182,35.77240455,37.41967727,35.51633636,36.29361818,35.98594545,35.09877273,34.68880909,32.28239091,32.53902273,31.32766364,29.80434091,28.29456818,27.68865909,26.54519545,25.15071364,23.84244545,22.7054,21.67995455,20.65051364,19.62707727,18.71520909,17.93536818
18.242375,19.04616,20.01795,21.258625,21.94072,23.005015,24.287625,25.61179,26.58572,27.696805,29.067035,29.71176,30.939745,33.01697,32.80654,34.76657,35.514905,36.539905,36.3541,35.105365,36.83193,35.69387,38.670065,37.22214,38.9239,37.52319,38.53604,35.71846,37.5017,35.71702,36.397645,35.821745,35.158125,34.69992,32.42086,32.43646,31.376785,29.86586,28.475235,27.85912,26.55011,25.105655,23.830165,22.744165,21.66034,20.573845,19.6732,18.659775,18.020815
18.28509444,19.04272222,20.01102778,21.28358333,22.01462778,22.84381667,24.3735,25.50316111,26.96333889,27.73605,28.94472222,29.78180556,31.17996111,33.06972222,32.99343889,34.71606667,35.69835556,36.37939444,36.24358333,35.17185,36.89671667,35.80727778,38.78745556,36.98573333,38.71036111,37.81938333,38.58852778,35.64938333,37.66508889,35.72553333,36.33644444,35.51595,35.07476667,34.82611111,32.28672778,32.61337778,31.36420556,29.89372778,28.59567778,27.72371667,26.73236667,25.30824444,23.95626111,22.71506667,21.69316667,20.57285,19.68350556,18.64217778,18.08452222
