431.6405,432.9704375,452.2845,491.4693125,515.07375,535.09625,560.38625,584.51,609.708125,632.243125,654.944375,660.879375,676.044375,688.585625,699.2375,722.336875,727.42,740.64125,760.986875,765.029375,781.924375,781.08875,791.19625,789.426875,795.53,796.004375,799.255625,809.04,815.26125,807.274375,818.469375,803.384375,816.241875,808.00875,804.003125,791.109375,798.838125,785.633125,787.769375,781.60125,772.976875,751.44125,753.6025,735.219375,721.51875,714.899375,686.7925,688.288125,673.86125,650.036875,641.841875,618.748125,601.68,588.715,558.798125,534.285625,511.2629375,479.877,457.84625,426.469625,428.315
431.6405,431.3445,448.6452222,489.9717778,515.9677778,536.49,561.4227778,584.7172222,608.8694444,631.0116667,653.4827778,661.42,674.5972222,684.5422222,696.9727778,721.5688889,728.6188889,739.7616667,759.3233333,767.5838889,778.59,780.9527778,793.3372222,789.8905556,793.5794444,795.17,796.4638889,809.3061111,813.8538889,806.3816667,817.4116667,802.02,811.8388889,805.4166667,799.8916667,788.4838889,798.8927778,781.7788889,784.6638889,779.3211111,768.4816667,751.2683333,752.1366667,734.4633333,719.4455556,713.9555556,689.3444444,683.6983333,671.8555556,654.3677778,641.5277778,619.3761111,603.6661111,591.81,555.3133333,537.8666667,512.2713333,481.2681111,459.4292778,426.8311667,428.315
431.6405,433.6933,452.7234,488.80955,514.186,537.7685,558.174,582.636,609.3835,630.9515,648.732,659.331,674.2555,686.8315,696.8285,720.1645,726.199,741.3465,759.882,763.501,778.852,781.0055,789.508,788.291,794.273,794.554,794.1545,805.4275,813.042,804.2835,822.8825,803.0585,811.751,803.3555,799.858,785.7855,796.8865,783.699,786.8885,781.135,771.909,752.3185,750.2095,729.8505,720.1145,712.083,689.277,681.9045,671.5465,651.1675,641.7725,620.366,605.5765,590.9895,557.301,535.335,513.83585,479.9352,454.74715,426.20625,428.315
431.6405,432.3562727,451.2829545,488.2379545,512.1315455,536.4531818,557.5445455,583.4359091,609.8081818,629.7404545,648.8627273,658.9581818,678.13,685.9809091,697.2086364,720.7009091,722.9704545,736.4995455,755.5186364,766.1622727,777.4059091,778.0168182,785.4281818,785.7668182,790.665,790.2731818,794.165,804.8663636,813.0413636,804.0809091,820.5131818,802.0686364,809.0454545,799.0659091,795.9472727,786.6754545,794.7581818,784.9263636,785.7290909,778.9854545,769.275,752.35,749.9745455,733.7627273,720.2245455,710.4418182,688.8095455,681.1677273,670.7940909,651.7613636,640.0486364,621.2118182,605.255,587.6527273,559.4222727,537.2731818,517.1612273,480.6636364,457.3757727,427.1701364,428.315
431.6405,431.3719583,450.5879167,488.111875,511.2364167,535.7858333,559.0175,582.0433333,607.5058333,629.2816667,646.6470833,656.21875,674.4120833,681.9291667,692.95875,717.75875,723.2666667,736.41375,754.3529167,764.2483333,777.9466667,776.2041667,786.9029167,785.3241667,790.9216667,791.8941667,795.4370833,802.39375,811.8125,803.41375,818.8975,800.36125,809.3904167,797.4179167,793.8133333,788.5875,790.80875,786.2825,786.5225,779.1891667,770.5695833,751.4695833,749.0995833,732.18625,716.77,710.1320833,687.1658333,679.1754167,670.7195833,651.57,638.1058333,621.1333333,603.2016667,588.7845833,563.4158333,534.96125,517.1302917,482.725125,455.4972917,427.7804167,428.315
431.6405,431.0643077,452.0242308,487.6131923,512.2878462,533.3465385,559.2373077,581.7661538,603.8503846,629.7753846,645.5134615,657.6323077,674.3734615,681.0680769,693.8996154,717.7334615,724.6030769,735.1096154,753.1453846,760.4369231,776.9034615,775.3138462,786.2526923,781.6461538,794.6219231,791.4876923,795.1157692,799.8546154,813.7207692,804.0180769,817.5838462,799.6788462,810.74,798.1307692,792.7942308,787.4326923,792.1107692,782.4338462,784.6857692,775.7969231,769.6484615,748.2088462,747.4530769,732.6776923,719.4096154,709.8796154,688.9453846,677.8646154,668.7780769,650.8342308,639.3438462,618.1146154,604.5296154,587.4392308,561.0369231,535.1326923,517.1010385,483.1792308,455.7876154,427.3079231,428.315
431.6405,430.8095,451.7344286,486.8155,511.0333214,534.3082143,559.8889286,582.4307143,605.1392857,626.8128571,647.1892857,657.2332143,671.9435714,680.8235714,693.5564286,717.825,723.0978571,734.6339286,751.0328571,758.27,775.3657143,775.1764286,783.4425,781.5221429,791.4285714,792.6867857,795.1592857,797.9942857,811.0535714,800.3632143,815.8146429,799.0389286,809.5071429,796.9757143,792.7346429,788.6821429,790.5632143,782.3960714,785.5025,775.4057143,770.8992857,747.6010714,747.0925,733.3417857,718.4460714,711.2439286,688.7960714,677.9310714,669.9339286,651.6835714,639.5567857,619.6264286,602.7035714,588.7907143,562.1210714,535.6542857,516.5738214,479.5236429,456.7703214,427.8176429,428.315
431.6405,429.9404333,452.0993667,486.5644333,511.3437667,534.8916667,559.779,584.3943333,605.8066667,630.7343333,644.64,655.9526667,671.7536667,682.6456667,695.434,714.3103333,721.3046667,736.3796667,752.109,756.5753333,777.4143333,774.344,785.825,781.4743333,791.5233333,790.5023333,795.261,796.6126667,809.5343333,799.5426667,817.1153333,798.6946667,809.7313333,796.951,793.4006667,786.1783333,789.0143333,780.6226667,784.8863333,776.1266667,768.8533333,746.2516667,748.163,730.4966667,718.6836667,709.6703333,688.4973333,676.5173333,668.3,653.4646667,639.987,618.6963333,603.789,588.5996667,561.8543333,537.1686667,518.0265667,480.9801333,456.3907333,427.5417333,428.315
431.6405,428.9385,451.9914062,485.1766563,508.8301875,535.829375,560.8865625,581.55,604.1609375,628.165,644.6384375,655.6646875,670.994375,679.7775,691.9471875,714.5409375,722.5946875,735.888125,751.728125,757.8503125,775.7621875,775.6715625,785.958125,782.5678125,791.149375,792.2171875,795.4390625,798.416875,809.384375,798.6284375,817.5725,798.505,808.50875,797.698125,793.1834375,787.570625,789.0509375,784.2003125,785.6465625,776.19625,769.5996875,747.6575,746.7871875,732.675625,719.4040625,710.8290625,689.433125,674.8771875,667.3971875,654.2575,640.498125,620.1771875,604.765625,588.23625,561.0484375,539.47625,516.1806563,479.7778125,456.5600312,428.187125,428.315
431.6405,430.3988125,454.6096562,483.764625,508.2955,535.5521875,558.4834375,582.021875,604.72,627.63375,641.61375,655.238125,672.75125,681.4409375,693.1346875,714.104375,722.13375,734.763125,750.9828125,755.6403125,775.224375,776.205625,783.4796875,781.594375,790.90125,790.626875,793.31,794.349375,808.7028125,798.28875,819.645,798.6821875,809.35625,794.9309375,792.696875,785.64875,787.370625,781.62125,785.58875,778.884375,772.7509375,746.4084375,747.1878125,731.589375,719.5875,708.7178125,688.5453125,674.0428125,667.0803125,652.685,638.731875,620.836875,604.59125,586.16875,562.5465625,539.083125,516.2535625,478.7889375,454.2680625,427.9791875,428.315
431.6405,427.5735938,453.2327187,482.7204375,506.6425,534.7496875,559.2340625,583.056875,604.6953125,627.185,640.8171875,654.4375,671.856875,679.295,693.1678125,712.4575,721.16,732.4053125,748.745,754.6771875,774.340625,773.9490625,782.0584375,781.033125,789.5434375,789.32375,795.2628125,794.1653125,809.1696875,796.9834375,817.2709375,797.71625,807.14875,793.6459375,790.3371875,786.67375,785.81875,783.5371875,783.3046875,776.9134375,770.38125,746.06875,747.4296875,734.95,720.4846875,707.3021875,689.2890625,673.42875,666.7471875,653.9165625,637.3446875,621.1340625,603.444375,584.180625,562.85875,540.00125,517.7695,481.7993125,455.2243438,429.1964375,428.315
431.6405,428.476875,452.9395312,481.6146563,507.8458125,535.4434375,559.8071875,582.601875,601.92,626.3165625,640.1709375,653.0728125,668.6359375,677.349375,690.0621875,711.201875,721.715,733.346875,747.8340625,751.0596875,775.96375,772.8875,784.6946875,779.6203125,790.1175,790.98875,795.8253125,791.1740625,807.619375,794.9903125,815.100625,795.8728125,808.4034375,793.8159375,789.86375,785.990625,783.9759375,782.2303125,783.633125,775.880625,772.024375,744.2625,746.5859375,732.62375,719.0175,707.98875,689.828125,672.5040625,666.1196875,653.915,638.005625,620.15,603.3728125,585.515,563.7765625,537.6,517.5635625,481.4589063,454.8894688,429.8285312,428.315
431.6405,428.3663437,453.9727188,480.152625,508.2595625,537.2171875,559.353125,582.8778125,601.075,625.870625,637.8734375,654.3565625,668.664375,677.436875,691.1128125,710.2275,722.1490625,732.555,748.0721875,748.75,773.455,769.788125,784.9178125,776.4753125,791.13375,790.643125,794.3828125,791.4859375,805.914375,792.9540625,816.570625,797.0696875,808.8725,793.7534375,790.1953125,785.4753125,785.305,780.6590625,783.2384375,773.118125,771.4703125,742.7446875,745.4153125,733.976875,723.118125,707.440625,689.8309375,670.73875,664.215,654.0121875,637.91,618.518125,604.100625,584.520625,562.390625,539.2090625,518.0673125,480.4915313,454.686875,429.1072187,428.315
431.6405,428.7265625,453.2148125,479.8108125,506.1898437,536.9540625,560.469375,583.9259375,602.62625,625.92,638.753125,652.8759375,666.0321875,677.1540625,691.6025,709.505,719.966875,731.69625,747.7078125,747.41625,773.34125,771.391875,783.763125,778.035625,788.999375,791.2675,795.86,790.644375,803.72,790.4584375,814.679375,796.0125,808.323125,791.534375,790.5871875,784.8553125,783.2296875,781.033125,783.0725,773.3696875,770.7628125,743.658125,746.8178125,731.40375,720.639375,707.4084375,690.7740625,669.8490625,664.2428125,655.0446875,637.0078125,621.3928125,603.313125,585.966875,565.3140625,539.4803125,519.3723125,480.230875,455.8037188,430.3029375,428.315
431.6405,427.234125,452.7725313,478.6493438,506.1601875,537.7015625,560.1271875,584.12625,603.775625,629.32375,633.583125,651.4965625,667.2634375,678.704375,692.4590625,708.093125,718.0015625,730.905,748.24625,748.313125,773.8446875,769.9934375,786.2496875,776.7059375,788.81625,790.1990625,795.585,790.325,803.7571875,792.0059375,816.5540625,797.058125,807.2025,791.0471875,791.4434375,785.0359375,782.466875,780.79875,783.1528125,772.503125,769.5753125,744.70875,746.69625,730.0696875,721.5471875,705.6453125,688.8546875,668.3553125,662.9675,655.551875,635.15625,621.7871875,604.93125,586.2159375,565.4490625,542.0471875,521.0345,483.5804375,455.2609063,429.7601562,428.315
431.6405,426.7990313,453.0403438,477.9810625,504.2502812,537.34875,561.2025,581.34875,602.504375,627.055,634.0078125,651.166875,666.6884375,675.8546875,689.2003125,708.8271875,719.4775,727.9575,745.9796875,749.8165625,771.701875,769.2153125,787.44625,778.473125,790.56875,791.288125,795.2896875,791.936875,803.2940625,793.3921875,817.109375,798.236875,806.3790625,791.8825,790.886875,787.05875,781.59875,783.4078125,783.3878125,772.83625,771.0465625,747.013125,744.553125,731.378125,722.3525,706.740625,689.160625,668.5684375,661.06625,654.7275,634.9259375,623.9884375,605.0965625,585.0521875,566.4159375,542.6421875,517.972125,482.3251875,454.1639062,431.6415,428.315
431.6405,426.6450625,453.4900312,478.0640312,506.2726875,536.238125,560.624375,582.450625,603.825625,627.6159375,633.22375,651.8775,666.6503125,676.368125,691.68,708.290625,718.8778125,727.140625,745.620625,749.8890625,771.265625,770.6453125,787.4634375,777.344375,792.7259375,790.1675,794.496875,789.1034375,803.3665625,792.5646875,814.513125,796.34625,806.4215625,789.4209375,790.73125,785.3509375,781.76625,777.8790625,783.6696875,773.8834375,772.216875,744.2921875,745.26875,730.3496875,720.86625,704.6965625,688.6115625,669.7828125,660.98375,653.873125,632.944375,623.833125,605.656875,584.9975,567.785625,542.9278125,519.3229375,483.8483438,452.7109062,430.5117813,428.315
431.6405,425.1955938,453.0388125,476.6962188,506.5408125,535.5971875,562.435,582.0675,604.0734375,625.64625,633.4925,651.618125,664.0825,675.4075,689.83375,706.89625,718.331875,728.3528125,745.0425,747.9715625,771.4153125,766.303125,788.998125,777.2115625,792.53625,789.5034375,795.915625,790.23,803.270625,791.74125,814.544375,795.01625,804.3121875,791.408125,790.293125,786.9828125,781.319375,779.274375,782.25625,769.47875,770.62875,744.8421875,744.454375,730.6509375,721.9925,704.145625,689.1496875,670.838125,662.0859375,653.685,634.2015625,622.3996875,605.4446875,584.353125,566.900625,541.7659375,519.2610625,485.6912188,454.6730938,431.5237187,428.315
431.6405,426.7558438,453.6460625,477.6193438,508.2450625,535.8728125,561.5871875,580.7903125,602.6109375,622.9953125,636.0525,652.77625,663.575625,676.43375,688.2109375,708.2440625,717.7728125,728.918125,744.765625,746.5684375,770.8365625,766.275,790.72,776.091875,792.7675,787.9353125,793.1575,790.5503125,800.288125,790.5671875,812.5071875,793.0965625,804.536875,790.7878125,790.094375,784.4825,781.1940625,778.83125,782.4934375,769.25375,771.466875,743.683125,742.4634375,728.595625,721.0640625,705.61,688.45875,671.6575,662.3125,652.4359375,635.4471875,619.953125,605.7675,585.2928125,567.2603125,539.626875,518.362,484.0588438,455.0834688,431.528625,428.315
431.6405,427.32775,453.3099688,477.0252188,507.30725,537.06,561.63125,580.1809375,604.2103125,621.3521875,634.3896875,653.33875,663.309375,677.3275,687.95625,704.8878125,718.0209375,728.0290625,747.2275,745.73625,769.316875,765.73125,790.5684375,776.3190625,792.993125,786.8659375,792.565625,792.6425,799.3490625,790.1309375,815.21125,794.9396875,803.738125,789.8384375,791.6596875,783.404375,781.8496875,779.915625,782.699375,769.37125,770.9325,741.9259375,741.591875,728.2059375,724.56125,702.7128125,685.4659375,671.7996875,662.6040625,652.780625,633.9425,618.1671875,604.0265625,584.4984375,567.0490625,540.6278125,518.4948125,483.0378438,454.2098125,430.8336563,428.315
431.6405,428.0825938,452.1355937,477.30775,506.3600625,534.87375,561.7203125,581.76125,605.256875,621.98625,635.7446875,653.0003125,662.584375,677.918125,688.97125,704.560625,716.6221875,727.8496875,749.4565625,747.2575,769.7084375,769.5340625,788.505625,778.3915625,791.146875,786.330625,792.97,792.7396875,799.6746875,791.3246875,813.223125,794.0728125,803.038125,790.49625,792.155,782.2875,782.7765625,778.544375,780.97625,769.503125,770.1596875,743.984375,743.0346875,726.3875,721.679375,702.6034375,688.15375,672.839375,662.57,653.2775,633.54375,618.2984375,604.32125,584.5175,568.4840625,539.5053125,519.04825,483.545875,455.4506563,432.1184062,428.315
431.6405,427.5892188,452.0083438,476.5935938,507.0641563,535.9278125,560.56,580.9140625,607.4021875,622.2278125,633.0825,653.44625,663.7284375,679.254375,688.66125,706.2559375,715.864375,725.60375,748.16125,749.204375,769.73125,767.6109375,790.2571875,777.5721875,792.3821875,786.77,792.936875,793.96,801.1159375,793.163125,814.9478125,795.91125,802.638125,790.785625,792.6065625,784.004375,783.1471875,780.6984375,783.0915625,767.674375,770.4709375,744.7528125,742.8625,727.6559375,723.25875,701.93,686.2965625,671.80875,663.035625,652.213125,632.9803125,618.394375,605.0521875,583.6140625,566.2253125,539.6846875,519.3845,483.518375,454.4305313,430.31325,428.315
431.6405,427.8796563,451.278125,477.5404375,508.0250938,536.399375,560.689375,580.9175,606.0125,620.7471875,635.5315625,653.4371875,662.668125,676.995,687.655,706.4609375,715.820625,724.8228125,747.11625,750.1709375,768.6425,766.274375,793.3784375,778.6646875,794.79875,786.06625,791.8315625,794.7740625,799.2890625,793.6746875,815.923125,794.7565625,802.74125,793.1240625,793.023125,783.260625,783.4753125,781.1796875,781.9478125,768.3984375,770.77375,746.0703125,741.8678125,725.7621875,722.461875,703.19125,687.5078125,672.99,662.24625,651.9728125,633.700625,618.950625,603.7475,583.31375,567.5153125,538.90625,518.5798125,480.9053438,454.2048125,430.6156563,428.315
431.6405,427.8530313,451.7839375,479.8315313,509.271875,535.629375,559.85625,581.855625,606.278125,619.3740625,634.725,654.370625,661.9775,677.6353125,689.1609375,706.4103125,714.815,725.9790625,749.0253125,750.2978125,769.25625,766.710625,792.119375,775.7290625,794.6228125,785.89375,793.3046875,794.513125,799.760625,791.9790625,813.264375,791.82875,802.3178125,790.61,791.2415625,781.2615625,785.2125,777.314375,782.57375,768.0421875,770.223125,743.795,742.7303125,724.4675,720.7603125,701.8228125,688.0578125,673.0815625,664.131875,650.7128125,632.1721875,617.791875,604.88,584.476875,566.9071875,537.9090625,521.2725,482.8739375,454.3459063,429.0368438,428.315
431.6405,428.1519063,450.3899688,478.2764063,509.3503125,536.2815625,559.040625,582.745,604.6596875,617.77375,634.884375,654.3078125,662.89375,678.728125,686.8128125,707.61625,714.0421875,727.585,749.2084375,749.61875,769.331875,762.660625,793.7159375,774.4721875,792.9765625,786.666875,793.9709375,795.825625,798.5609375,795.4184375,816.021875,791.61,803.0828125,792.65125,792.28875,783.929375,785.1171875,776.70625,781.2846875,765.56375,768.298125,746.9625,743.811875,724.1328125,721.92125,702.1834375,688.768125,672.415,665.586875,650.78125,633.0509375,616.6003125,605.0546875,585.18625,567.345625,535.489375,520.7678125,482.1175937,457.2984375,430.0149375,428.315
431.6405,427.668125,450.6753438,481.3447812,509.57375,535.7990625,558.52125,580.9078125,603.2325,618.21,637.1909375,655.856875,663.1084375,678.2821875,686.9615625,710.31125,713.8215625,726.5890625,750.523125,751.3328125,770.090625,763.0028125,793.691875,773.9953125,793.9346875,786.115,793.295625,797.615,798.215625,796.2884375,813.7159375,792.52875,803.4365625,792.4684375,792.3446875,782.848125,785.3171875,778.5253125,783.3153125,767.441875,766.6246875,747.8053125,741.679375,722.4471875,720.6725,703.7834375,686.16375,672.9115625,665.0575,648.4678125,631.6371875,615.9028125,605.1865625,585.8115625,570.2296875,534.79625,519.7528125,482.3512812,455.1752813,429.7360313,428.315
431.6405,427.1479687,450.6080625,479.5605313,508.7725,536.595,559.970625,580.5340625,604.3459375,616.1296875,635.223125,654.8865625,663.3321875,678.401875,686.7171875,707.69125,712.3253125,726.4884375,752.326875,752.1221875,771.2975,763.27875,792.6340625,774.033125,794.405,786.854375,796.4815625,796.814375,801.2690625,798.7359375,813.961875,794.12,803.3496875,794.8228125,795.13125,783.914375,786.465625,776.5934375,784.345,767.245625,766.6690625,747.320625,742.4778125,723.41625,722.161875,702.46375,684.89375,674.6225,665.21,648.8996875,630.426875,615.57625,604.2478125,586.67375,569.560625,535.833125,519.0034687,481.1790625,454.4415313,429.012875,428.315
431.6405,425.6401875,451.1577187,481.1494063,509.77625,536.1825,559.9846875,581.6375,604.40625,616.0071875,635.82375,655.8515625,664.7015625,678.496875,687.0065625,708.7540625,711.8696875,726.4775,751.8675,755.2025,770.8803125,765.6553125,790.718125,773.940625,792.9821875,786.9471875,794.871875,796.3646875,802.7365625,800.3678125,813.5175,793.0859375,802.7484375,797.000625,794.1884375,784.3525,788.828125,774.0125,784.0096875,769.0646875,767.15125,749.22875,744.54875,724.1959375,721.2334375,705.378125,687.1771875,674.77125,665.10875,650.033125,631.3084375,614.4984375,606.16625,586.0065625,569.033125,536.5621875,517.2494063,480.4201563,455.4310625,429.4990938,428.315
431.6405,424.7640625,452.3759688,481.4380313,510.609375,536.9503125,560.92125,580.520625,604.3925,614.0065625,635.648125,657.04375,664.431875,678.8153125,685.7578125,711.735,712.33125,726.488125,748.3971875,756.6625,773.0759375,765.7596875,793.49375,774.793125,794.531875,788.22375,796.86375,796.06375,802.0565625,801.6503125,816.529375,794.8284375,804.4653125,798.7528125,793.900625,784.208125,787.1425,776.569375,786.209375,769.729375,767.5578125,748.75625,745.3740625,724.0615625,721.7296875,705.0825,687.305,674.3521875,665.948125,650.253125,633.0140625,614.3665625,606.76875,585.5746875,565.3075,536.3646875,516.3456563,478.8263125,454.4621562,428.49525,428.315
431.6405,424.648375,451.3309375,482.1626563,511.32,537.8471875,561.4240625,581.37,602.17,611.8,636.6634375,657.34,664.01125,677.1409375,685.206875,709.6484375,711.7571875,728.96,750.7715625,756.389375,771.316875,763.6346875,793.8290625,774.774375,794.168125,787.0603125,797.2578125,795.07,800.6446875,799.61875,817.47,793.2121875,805.0759375,800.213125,796.3503125,783.3328125,787.6159375,775.8075,785.0884375,769.610625,767.58125,748.6734375,745.3678125,722.7684375,720.4865625,708.0453125,687.3853125,675.4940625,666.2803125,651.255,634.2859375,613.5096875,606.510625,586.6625,566.4253125,536.9640625,514.8872188,476.1894063,455.1091875,429.3676563,428.315
431.6405,424.2266563,452.7550938,482.6825,511.826875,535.995625,561.128125,581.03125,601.87875,610.099375,636.22875,657.6728125,663.2665625,678.7271875,687.42375,709.69875,714.275625,732.01125,753.8428125,754.785625,772.95875,763.5225,790.4915625,774.1628125,791.5903125,787.4934375,798.9253125,795.835625,803.30375,799.53875,816.72,792.3621875,805.295625,798.3165625,795.6034375,781.7875,789.473125,774.7046875,787.0625,771.9221875,768.3184375,747.2771875,747.25625,726.0046875,721.6021875,708.1171875,688.66125,674.643125,668.7021875,650.9646875,633.1853125,611.746875,607.4125,586.85375,564.0509375,535.3990625,514.5659687,476.929125,455.017,429.8670938,428.315
431.6405,424.3075312,451.1774687,480.7607812,512.360625,538.768125,560.3103125,580.528125,601.5015625,609.38875,638.16625,657.8340625,662.9225,679.1828125,687.17,710.1415625,714.734375,732.4175,752.8753125,753.335,772.5721875,763.70625,790.8828125,774.2278125,791.8296875,789.35625,798.2678125,797.8425,804.375625,803.8996875,819.2259375,793.8165625,808.0990625,801.275625,798.66375,784.6165625,789.2484375,775.271875,787.1946875,772.0271875,767.648125,749.0746875,749.46,726.8184375,722.3103125,708.560625,689.4459375,675.33625,668.340625,652.956875,634.1815625,612.4709375,606.581875,587.1715625,565.27125,534.0953125,512.3769063,476.1009375,455.258125,429.9623125,428.315
431.6405,423.8419375,452.0321875,482.67375,513.3375,540.2946875,561.0815625,579.5290625,602.4340625,611.42375,636.5465625,657.6053125,662.3525,678.7165625,688.1928125,710.2146875,715.970625,731.7628125,753.745,756.3290625,775.6959375,764.759375,790.33875,775.269375,791.961875,789.8728125,798.5325,798.10125,806.879375,805.3684375,818.9453125,798.4815625,808.040625,802.7078125,798.495625,783.43,790.146875,779.3059375,790.6284375,774.324375,767.643125,750.18875,748.5634375,725.388125,721.559375,710.6084375,686.908125,676.0665625,667.13375,650.6025,630.650625,613.058125,605.14125,586.7859375,566.0725,534.4346875,511.6844062,477.4073125,452.4055625,429.27875,428.315
431.6405,423.9755937,453.0998437,480.8523125,514.15125,542.9078125,561.6334375,580.1590625,602.945625,611.7628125,634.7121875,655.445625,663.525,678.2678125,688.860625,708.09,710.9278125,732.3325,753.388125,757.24375,775.815,763.923125,788.9709375,774.6265625,791.624375,789.7353125,799.4453125,795.7325,806.6203125,805.2265625,818.273125,798.339375,809.314375,804.0546875,800.9453125,784.6753125,790.1903125,778.1628125,791.5475,772.3590625,768.3709375,750.0884375,750.918125,727.648125,722.2765625,710.4784375,687.399375,674.8165625,666.86375,651.4203125,630.526875,614.4890625,605.54375,588.9721875,565.2296875,535.494375,510.0275625,475.8950625,452.8169375,428.3774688,428.315
431.6405,424.1009687,452.8391875,482.7795,514.8659375,542.7275,563.555625,580.7390625,602.4746875,614.1796875,635.03875,655.3709375,663.849375,674.8415625,688.2509375,709.1740625,710.5778125,730.2784375,751.3709375,757.4771875,775.90625,764.9440625,789.41375,775.330625,791.8325,788.67875,796.8684375,796.6325,805.87125,804.4453125,818.9775,795.956875,809.98625,803.610625,799.575625,785.128125,791.84875,779.51875,790.9878125,774.0415625,769.03125,749.2846875,751.189375,727.978125,723.1353125,711.4928125,687.1025,671.674375,666.665625,653.019375,632.885625,614.375,605.7,587.0221875,565.165625,537.4590625,510.7053437,477.5123437,452.9702188,429.1524062,428.315
431.6405,425.4246563,453.8237812,482.908,515.3859375,541.0490625,564.168125,581.0221875,601.4784375,613.609375,634.8690625,654.6221875,662.246875,675.2515625,689.08375,711.5825,712.8284375,732.574375,749.3825,758.3859375,776.4184375,764.6296875,791.8634375,774.8278125,792.515,788.9171875,798.02375,796.12375,804.2946875,805.989375,820.62375,798.531875,810.5346875,804.5803125,798.4015625,785.1184375,789.189375,781.364375,791.2625,773.373125,769.8965625,747.7775,751.4459375,727.6346875,722.145625,709.3153125,689.240625,673.436875,666.9690625,651.3653125,633.0603125,616.7640625,605.0878125,586.8284375,562.3728125,537.1971875,510.4290938,477.7653125,452.6994063,429.0058438,428.315
431.6405,426.1931563,452.3417188,483.4358125,516.3865625,541.3640625,563.4809375,580.3303125,601.5525,612.783125,635.2615625,654.2709375,662.52125,675.4209375,690.458125,708.8428125,712.64,733.183125,749.3653125,754.9796875,773.660625,763.005,789.2884375,774.4190625,793.045625,788.7725,799.58375,794.8684375,806.844375,804.4775,818.8553125,797.916875,809.929375,802.5059375,801.27375,785.8953125,789.950625,781.2228125,789.9028125,773.2834375,769.9421875,744.6515625,751.16625,729.11125,723.02125,712.190625,688.6165625,674.5803125,666.6059375,650.961875,633.1778125,617.40625,605.7846875,588.0025,562.605625,536.98,509.9034687,477.5439062,453.8951875,429.8210313,428.315
431.6405,426.5651563,452.476375,483.2400625,517.7603125,541.186875,563.0365625,579.5440625,602.2028125,612.68125,636.1128125,653.2575,660.020625,677.206875,692.2984375,709.5853125,715.6071875,734.505,749.6075,753.2021875,776.4946875,764.5259375,787.7475,774.3375,790.384375,787.923125,797.5684375,794.0353125,807.99875,804.630625,818.3134375,798.2775,808.6009375,800.4021875,799.151875,783.9515625,790.4340625,780.45125,790.7415625,776.9759375,770.53875,743.0240625,750.5171875,731.115625,724.3965625,709.6478125,689.7353125,673.63,667.1165625,651.1628125,631.20875,616.4296875,605.2296875,587.5615625,562.1325,535.5709375,509.6362813,478.985375,453.9303438,430.0026875,428.315
431.6405,428.1450313,451.1872188,482.3724375,516.3227187,544.3109375,563.4803125,578.1259375,603.6,611.7584375,637.2478125,652.7496875,659.2975,673.5296875,691.1684375,709.1315625,714.515,733.0925,746.393125,752.4284375,775.7234375,763.5140625,787.689375,775.3590625,792.9515625,788.1934375,797.01625,796.045,807.4278125,804.5815625,818.993125,799.82625,811.695625,802.3278125,799.568125,784.98625,788.605,782.290625,789.1690625,773.5334375,770.5678125,742.5140625,750.861875,731.5475,722.174375,708.0346875,688.9503125,674.6853125,662.99625,651.3353125,632.50375,616.745,603.746875,586.1728125,564.008125,535.1203125,506.3702813,479.1177188,453.5848125,429.2905937,428.315
431.6405,429.1385,451.7886563,482.4325313,517.6664687,543.6265625,563.60125,579.99375,605.105625,612.4584375,633.7784375,650.9578125,661.5228125,673.7753125,690.4121875,708.0909375,714.3534375,731.4040625,746.08875,752.325,776.189375,764.769375,787.310625,775.6928125,791.514375,785.914375,795.1078125,792.1875,807.3596875,804.4865625,817.596875,800.4465625,809.420625,799.001875,798.226875,780.9690625,788.5440625,784.44875,790.7675,774.0384375,771.308125,742.67125,749.98875,728.55625,722.143125,708.19375,686.8571875,674.3475,661.8528125,648.53125,629.3225,614.9484375,602.875,585.2140625,563.2984375,536.59875,506.2171562,479.235,453.1379062,428.2000312,428.315
431.6405,430.0431563,450.7400938,483.1049063,519.2649062,543.360625,563.3484375,580.200625,605.0071875,613.32,635.179375,650.08625,661.508125,672.24625,691.5346875,705.550625,710.4021875,730.2928125,745.403125,748.2846875,774.1490625,762.8221875,786.13625,775.80375,789.8234375,784.099375,793.4546875,790.6934375,804.03125,802.1534375,817.2203125,797.8246875,809.354375,796.965,799.019375,781.4490625,786.1165625,782.14375,789.9725,771.1746875,770.1315625,737.2021875,749.179375,728.82375,721.9065625,706.21125,685.57375,671.7021875,661.6359375,648.5753125,630.4340625,614.304375,602.72125,587.9690625,562.93875,537.80875,505.9193437,477.6509063,454.8015,427.258375,428.315
431.6405,431.4415938,448.9558125,484.6621875,517.8817812,541.7828125,563.758125,581.3709375,604.3353125,613.470625,635.6646875,649.700625,661.3296875,670.78625,689.9046875,705.993125,711.0103125,729.31875,744.578125,745.035,773.58875,764.5646875,787.2384375,775.5059375,789.311875,782.559375,792.44625,791.0925,804.6240625,801.7284375,817.3790625,796.4003125,807.995625,794.9621875,796.934375,781.735625,786.1990625,782.9590625,788.8396875,771.0646875,771.334375,734.594375,746.7853125,726.968125,721.4478125,705.325,686.3403125,671.0290625,661.5465625,649.0540625,633.570625,611.8765625,602.008125,584.9321875,561.7240625,537.8840625,508.373375,480.68,454.3978437,428.199125,428.315
431.6405,432.658125,449.47725,485.333375,518.7289687,539.85125,562.094375,581.75125,604.4525,615.39875,636.93,649.0084375,660.14375,673.7771875,690.5875,706.378125,714.38875,732.44625,744.845625,747.1446875,772.3934375,762.105625,787.4625,774.1903125,790.116875,781.3590625,792.295,790.958125,804.5390625,800.651875,817.4628125,799.3434375,806.5390625,793.64625,796.33625,781.1659375,782.6990625,782.8396875,789.174375,767.2625,772.1915625,733.9765625,747.194375,726.114375,720.0225,704.8290625,686.81375,671.7584375,662.11375,645.9196875,632.06,613.91625,601.6634375,585.1765625,560.71875,535.7290625,508.21525,479.1364688,454.4684063,427.49625,428.315
431.6405,432.2877188,447.9001563,485.4304375,520.7914688,540.50125,562.6625,580.2221875,605.6634375,615.9203125,638.00625,649.0146875,661.3065625,671.6928125,691.7075,705.3075,712.3725,729.3928125,743.52625,744.060625,771.1090625,760.38875,785.62125,774.7728125,790.5084375,781.60375,793.030625,790.951875,807.258125,799.2940625,814.354375,797.8121875,807.0034375,791.5934375,797.705,781.42375,784.4240625,781.786875,787.7575,767.4296875,769.484375,733.4925,746.015,725.8225,720.5115625,705.44375,685.2415625,669.3915625,661.41625,645.17375,631.210625,615.1871875,601.423125,586.3284375,561.0521875,534.91875,507.1009688,479.9629375,455.0884063,427.4285,428.315
431.6405,432.7132812,447.6883437,486.011875,520.6770938,541.5303125,562.3690625,582.28375,605.071875,618.880625,636.0828125,648.505625,660.4428125,673.0753125,691.3934375,706.9740625,711.220625,728.603125,743.9540625,744.3115625,773.155625,760.93375,786.6778125,774.548125,788.47375,780.04625,789.470625,790.11875,804.415,798.9715625,813.08625,796.2003125,805.4775,788.8759375,794.489375,779.990625,784.4271875,781.273125,787.0515625,769.3653125,769.543125,734.3571875,744.63625,724.61625,719.940625,701.68875,684.853125,666.876875,661.6928125,645.12125,628.148125,616.090625,598.2253125,585.895,561.8778125,535.7325,506.8490937,481.0340313,454.3749063,426.2854063,428.315
431.6405,432.8359688,447.9855313,485.61225,518.072625,542.2115625,562.0090625,582.0615625,605.508125,620.6253125,635.11375,647.4825,663.42375,669.1359375,689.344375,705.648125,708.205625,728.7703125,741.4578125,744.433125,771.0446875,759.0046875,786.294375,775.71875,789.74875,780.523125,789.009375,791.24625,803.6440625,797.91125,812.0496875,796.2996875,806.914375,788.2915625,792.195,780.6071875,783.3921875,782.0978125,784.55625,766.2896875,768.5828125,734.563125,745.131875,724.0321875,717.2984375,700.2125,683.589375,667.8071875,656.6128125,644.0671875,629.9325,616.3925,598.1196875,584.5509375,562.344375,537.0971875,503.5404062,482.3102813,454.24325,425.9277188,428.315
431.6405,433.0032188,449.0453125,484.8242187,519.6289688,539.5671875,561.6321875,584.598125,604.979375,621.434375,634.5040625,647.7146875,666.3459375,670.2075,688.6496875,706.66125,707.6475,728.0503125,741.8390625,743.4603125,771.2625,760.9340625,787.84625,775.75375,786.496875,777.0628125,787.20125,786.8353125,803.125625,797.5140625,809.4490625,793.4309375,801.98875,784.8575,790.54375,778.4975,783.685625,780.678125,785.79625,765.2346875,768.639375,734.9475,743.82625,720.2640625,719.2134375,698.9534375,682.5484375,667.41375,657.323125,642.6890625,628.4340625,615.8115625,599.0709375,585.088125,560.061875,537.7859375,504.9701562,481.881,453.392625,425.5087812,428.315
431.6405,432.4487813,449.2735937,484.590125,518.8699063,538.2346875,561.4090625,584.6690625,605.198125,621.3075,636.523125,648.711875,664.349375,668.3540625,688.77875,706.4259375,706.3428125,727.8640625,742.110625,742.3303125,770.528125,756.966875,787.0228125,776.703125,786.2825,778.116875,787.9846875,787.7340625,802.485625,795.1253125,810.0253125,793.91125,801.28875,785.04125,789.845,781.803125,783.6221875,777.873125,784.06625,760.9415625,767.0315625,730.99875,741.8490625,722.33875,717.843125,697.9590625,680.80375,666.5478125,656.4678125,642.10875,631.08375,614.51875,599.8753125,586.931875,558.9565625,537.033125,506.9467187,481.4714688,454.682625,426.1761875,428.315
431.6405,431.8603437,449.7315937,484.3980937,517.4880313,536.67875,560.8071875,584.82375,604.5996875,618.5678125,637.4121875,649.98,665.32125,670.246875,687.4921875,708.7784375,706.8875,729.0653125,740.925625,742.0375,768.949375,758.5990625,787.76625,774.48125,786.2575,776.01125,788.648125,788.934375,806.1265625,795.170625,808.931875,793.550625,799.9178125,785.1421875,787.08625,780.2071875,785.7675,779.035,782.0975,760.9509375,768.43625,733.52,740.990625,720.3528125,717.648125,698.6959375,683.935625,668.5440625,657.4159375,642.518125,631.285,612.49375,599.8696875,584.6540625,558.0503125,535.0365625,507.4510937,483.0884063,453.4703437,426.1374688,428.315
431.6405,430.3165938,450.6091562,484.9283437,517.5783438,535.5903125,560.930625,584.1584375,606.064375,620.9278125,637.5140625,649.56375,663.5596875,673.79,687.27125,708.435,709.0903125,728.5803125,741.0646875,744.696875,769.3596875,756.8440625,786.8903125,776.8890625,787.0771875,775.47625,789.24875,788.879375,805.7546875,793.7590625,809.2715625,796.4953125,800.6628125,783.3315625,788.4165625,777.7990625,785.2659375,778.570625,780.9803125,760.9915625,767.0365625,735.1278125,742.558125,720.3121875,718.524375,698.33125,681.154375,667.300625,659.073125,641.9240625,630.1515625,614.495625,600.356875,584.82875,559.3940625,533.15,507.1057812,481.361875,453.1174063,425.6865938,428.315
431.6405,428.5934375,449.4656563,484.2495625,517.1342813,537.614375,561.4575,583.3325,605.7496875,618.9475,635.4703125,650.790625,665.7240625,671.51,687.409375,707.0675,707.4584375,725.9028125,741.2403125,742.4596875,769.3440625,756.600625,787.371875,776.21375,785.3296875,777.9503125,788.35875,788.3309375,806.610625,794.62,807.4,794.455625,803.3290625,783.54,788.105625,779.406875,789.3434375,776.8646875,781.4453125,763.0728125,763.6634375,735.99625,741.111875,718.716875,716.981875,697.414375,680.3453125,665.9346875,658.4959375,643.14625,629.1340625,614.9390625,600.888125,584.6225,559.9371875,534.15375,505.60775,481.84575,452.9435,425.4369688,428.315
431.6405,429.2833438,450.8474063,483.8789063,514.6642813,539.518125,560.6853125,584.5678125,604.7425,621.464375,633.429375,650.853125,665.643125,673.9046875,686.155625,708.7725,706.104375,725.8896875,742.8734375,742.764375,770.568125,756.5740625,787.3859375,776.9765625,786.588125,776.5925,787.575625,787.923125,805.33375,794.084375,806.8028125,793.26375,802.460625,782.5465625,788.6734375,779.71875,789.01125,777.9478125,782.316875,763.6696875,764.5025,738.5621875,740.8634375,719.301875,715.3703125,696.8178125,680.9303125,665.465625,657.685,644.4953125,629.6178125,615.2409375,599.0346875,584.6690625,560.24625,534.223125,505.338875,481.6027812,450.9945313,424.3826875,428.315
431.6405,428.0773125,453.1386875,483.211125,513.5433438,539.30375,560.5309375,585.2934375,604.04875,621.3078125,635.5840625,649.5721875,667.0190625,671.606875,686.4678125,706.1925,706.0884375,726.6403125,742.198125,742.5084375,768.228125,754.5053125,785.4721875,776.4321875,786.1575,778.436875,787.1978125,788.61875,806.6903125,793.9503125,807.29875,794.91375,801.4565625,783.9840625,786.399375,779.5115625,789.266875,776.418125,782.6640625,761.030625,763.17625,739.4434375,739.650625,717.865,712.2153125,696.9425,679.9625,666.5078125,654.2940625,643.588125,631.3534375,614.514375,600.3328125,584.3621875,559.8225,535.235,504.2686875,482.7317813,450.020625,425.20875,428.315
431.6405,427.5608438,454.2125625,481.6799063,514.3346875,538.4171875,561.8584375,586.96,603.124375,620.321875,636.72625,650.3940625,665.72,673.2640625,686.9421875,709.02875,706.7909375,726.4446875,742.238125,743.4434375,769.3953125,756.2928125,787.654375,777.5775,785.9128125,776.1840625,788.114375,788.1146875,806.08625,795.005,808.5803125,794.203125,799.869375,786.371875,786.65,781.0584375,789.5390625,775.885625,785.4803125,759.93375,765.0375,742.02625,739.15125,716.3840625,713.9275,696.5428125,678.8334375,665.0575,658.0140625,643.536875,630.5225,614.03,600.28875,585.05375,557.3021875,533.3146875,506.2495625,482.0912812,447.6995937,426.0805313,428.315
431.6405,426.5768437,455.2948438,481.4110937,513.9115625,538.0384375,561.004375,587.22375,603.761875,620.26875,637.6684375,649.568125,665.1340625,673.0978125,685.7203125,709.1578125,704.4915625,726.3646875,743.02125,746.170625,768.6925,754.578125,786.2909375,776.821875,788.0153125,779.01875,788.888125,789.6953125,806.585,795.3825,809.4875,798.2621875,801.3778125,788.548125,787.6271875,785.1534375,790.995,774.58125,783.5884375,759.6496875,764.40875,741.96,739.8903125,717.9190625,711.0453125,696.8946875,679.0803125,665.0965625,657.8409375,642.986875,631.6471875,612.763125,602.2221875,584.2809375,558.6609375,531.894375,507.4989375,482.36975,447.6774062,427.6072813,428.315
431.6405,425.8175,454.8480938,481.46625,515,537.875,562.3728125,585.9940625,603.3259375,619.6415625,637.664375,650.4346875,666.5265625,673.846875,685.900625,710.20375,705.261875,727.831875,743.2315625,748.4684375,768.3734375,756.4953125,785.9284375,775.635625,787.96625,776.6621875,790.6096875,790.615,807.858125,796.6571875,809.1875,797.0128125,801.7015625,791.6159375,787.338125,784.433125,794.113125,776.5278125,783.1234375,763.4834375,764.3975,746.3778125,741.2703125,716.004375,712.8503125,698.063125,679.4771875,663.885,659.4975,643.400625,628.4115625,614.04375,600.0709375,582.8890625,559.1121875,531.8496875,505.7594688,483.5672188,446.9694062,426.943375,428.315
431.6405,425.0664375,454.103125,481.172375,514.248125,537.6503125,563.851875,586.88625,602.4590625,620.383125,636.87875,649.06875,666.55625,674.3059375,685.1584375,710.2875,705.285,726.1875,742.4378125,750.141875,769.58625,758.57125,785.753125,778.8146875,789.7921875,780.5953125,790.7884375,789.090625,805.588125,797.459375,809.2265625,800.1071875,803.23,790.4034375,790.8221875,785.5928125,792.968125,776.333125,781.919375,766.506875,762.1328125,745.5665625,743.66,718.013125,713.550625,697.02125,676.989375,662.4653125,661.0975,642.286875,630.083125,616.0734375,600.880625,580.816875,559.843125,532.4065625,506.1582187,484.5118437,446.8395,427.0671875,428.315
431.6405,424.80575,452.3964688,480.5193438,513.4203125,541.085,561.38125,586.5515625,601.2778125,618.1678125,634.766875,651.306875,668.623125,671.381875,683.4778125,708.6471875,705.9096875,725.561875,743.896875,748.85625,768.7128125,761.04125,786.8515625,775.71375,790.258125,783.188125,789.0328125,789.495625,807.4253125,799.528125,810.0321875,798.5925,804.6865625,793.6546875,789.224375,787.070625,795.2940625,775.8515625,783.036875,767.155,761.3071875,746.5371875,743.5353125,717.2809375,710.8571875,698.90625,677.2825,663.8765625,659.6378125,643.7628125,628.3828125,615.7953125,600.238125,580.7903125,557.120625,534.089375,506.7369688,484.5900312,447.19025,426.5339063,428.315
431.6405,426.185125,452.9796563,479.662125,511.3267188,541.97625,560.6165625,586.714375,601.945625,618.7378125,635.6865625,648.7196875,667.96875,672.456875,682.886875,711.93625,705.7746875,725.7553125,744.7446875,749.6275,768.2840625,761.7284375,785.8984375,776.783125,792.0884375,780.4128125,791.3146875,790.855,808.6640625,799.0734375,811.440625,800.500625,803.1303125,794.8896875,791.0240625,785.6090625,793.78625,774.634375,782.88125,766.8825,762.96625,747.6596875,744.916875,718.4928125,711.5171875,698.571875,680.24875,664.2975,656.905,644.3878125,630.5684375,614.966875,599.1184375,581.4390625,556.78625,532.326875,507.7299688,484.5326875,447.20225,425.7174375,428.315
431.6405,424.7435313,453.5328125,479.4686563,510.1542187,540.6196875,559.72875,587.4453125,601.52875,616.1821875,638.66125,648.335,665.9190625,670.3015625,684.0084375,709.921875,706.721875,726.29,744.9459375,749.185,767.155,760.11,786.0971875,776.34,789.4871875,782.5815625,792.3328125,789.888125,808.5215625,798.965,813.68875,801.1809375,802.7615625,795.7728125,788.416875,784.563125,794.9340625,773.3325,783.2584375,763.9525,764.0928125,745.8928125,742.8340625,717.5678125,710.665,699.730625,679.4834375,663.9109375,656.106875,643.4553125,630.945,613.08,601.145,580.8721875,556.9184375,532.313125,508.7084375,483.657875,447.7799375,425.5350938,428.315
431.6405,424.3425,452.198625,477.4011563,509.292375,540.7728125,560.6434375,587.323125,601.6325,615.6628125,638.273125,648.22625,662.61125,671.046875,682.5084375,711.6240625,708.0353125,725.873125,745.605625,749.1903125,768.6040625,761.33375,787.299375,776.9340625,790.4846875,780.451875,794.03375,790.90125,806.841875,798.6315625,816.311875,801.4215625,806.38125,798.36375,792.214375,786.829375,793.8628125,774.731875,783.95625,765.515,766.8296875,746.28,745.1828125,719.3165625,711.4875,700.2721875,679.8975,663.8528125,658.8571875,643.2984375,631.975625,611.724375,601.6878125,580.61,556.93875,530.198125,509.8270625,482.5231875,446.8725312,425.5661563,428.315
431.6405,425.08475,450.422125,477.7726563,511.24175,540.6865625,559.96,587.46625,600.848125,615.980625,638.82,647.925,662.5775,671.86375,682.9409375,709.245,707.1834375,726.9971875,747.5646875,749.1790625,767.879375,760.6240625,785.7584375,774.886875,791.1540625,781.928125,794.4828125,790.8553125,806.2875,800.53625,816.026875,802.9428125,808.094375,799.1375,794.8478125,787.541875,795.0396875,773.9109375,781.5646875,767.4115625,765.168125,743.6021875,745.3909375,720.4003125,711.2821875,700.4746875,681.5746875,665.39375,658.0678125,643.4921875,632.7346875,611.8521875,603.1659375,578.809375,559.788125,529.258125,509.6610625,481.5189063,447.4074062,425.522125,428.315
431.6405,424.2219688,447.8880313,477.9809375,511.9820625,541.2903125,561.694375,585.86,599.8621875,617.506875,635.470625,648.2590625,663.1725,672.4771875,684.2115625,708.4284375,709.493125,728.845625,747.455625,749.289375,768.3915625,762.200625,784.7765625,775.5871875,790.520625,781.2403125,796.02625,789.6378125,806.99625,800.5065625,819.5790625,801.590625,809.244375,800.34125,796.7996875,787.069375,797.5146875,775.963125,784.475,771.841875,765.7303125,745.70125,745.219375,719.6934375,713.0565625,702.1609375,680.1675,663.23875,657.218125,643.48,630.9009375,614.4409375,600.2209375,579.064375,560.31625,530.8746875,508.3290937,481.8558438,448.3116875,424.1537813,428.315
431.6405,424.0444375,446.5977187,477.8307813,510.8814375,542.7325,561.5775,586.9471875,598.0753125,617.3871875,635.468125,647.2465625,663.0965625,670.6190625,684.1265625,708.5153125,709.5671875,726.9415625,747.1853125,750.52,768.6275,764.1428125,785.0509375,775.5365625,792.00375,784.215625,795.095,788.41625,805.7378125,801.096875,820.130625,804.165625,810.68875,798.066875,799.409375,787.8671875,794.9515625,776.8553125,783.29625,770.9459375,766.405,743.228125,746.068125,720.4121875,711.9696875,702.68375,682.25375,663.5196875,658.609375,643.1646875,633.21,614.771875,602.9303125,577.5734375,560.22,532.3746875,509.8395,481.8932813,447.608625,423.8430625,428.315
431.6405,425.1103125,446.7155625,479.448375,511.142375,544.875,560.343125,584.3871875,599.3275,617.121875,635.3484375,647.5990625,662.206875,666.6984375,681.9190625,706.061875,709.7453125,726.079375,749.131875,750.09875,767.8034375,763.7571875,785.456875,773.7209375,792.8478125,783.680625,796.0603125,789.3640625,806.130625,800.26875,821.7625,802.0734375,810.005625,800.9653125,798.04875,787.121875,796.83875,778.3390625,783.7078125,768.255,767.4490625,745.439375,746.57125,719.501875,710.9628125,704.29625,681.316875,664.5746875,656.964375,644.1634375,631.1228125,614.7084375,602.0615625,578.3615625,557.4084375,532.0040625,510.4348125,479.746625,446.8077813,424.2545312,428.315
431.6405,426.0724688,447.1103437,478.3920937,511.9672187,542.3540625,562.3784375,584.606875,599.87375,615.70375,636.3584375,644.9640625,661.205625,667.95375,683.578125,708.240625,707.9146875,727.46,748.124375,750.3278125,767.9921875,762.9678125,783.930625,773.68625,790.1728125,781.9446875,798.759375,789.041875,805.4790625,798.8153125,822.293125,802.841875,809.370625,800.4490625,798.714375,786.0084375,795.846875,776.855,784.1965625,768.2196875,771.0996875,742.5815625,747.899375,720.1146875,713.305,702.5703125,684.4815625,664.589375,655.7934375,643.349375,631.7003125,614.981875,601.1846875,577.4940625,558.1421875,532.0728125,509.7340938,478.763625,447.0401563,423.2141562,428.315
431.6405,425.2084375,446.3085937,477.9775625,512.3805,540.428125,561.0475,583.7596875,599.0196875,614.6496875,638.024375,646.5946875,657.168125,667.340625,683.5703125,705.641875,706.73875,729.8315625,746.8215625,746.8975,767.22375,762.8221875,785.3496875,774.4671875,788.0878125,783.7115625,797.85625,787.0153125,803.7665625,798.5084375,822.3609375,802.4990625,810.3159375,798.4359375,796.448125,787.0365625,797.613125,779.883125,784.7440625,768.678125,772.15,740.8290625,746.219375,721.116875,713.2128125,703.869375,683.7146875,664.0721875,656.1284375,643.659375,631.2678125,615.4784375,603.2465625,577.7221875,558.203125,532.593125,509.847875,475.766875,447.7621563,422.4555312,428.315
431.6405,425.238875,445.7804062,475.8047188,512.1761563,541.004375,562.2278125,584.3196875,598.1746875,615.91875,635.95125,646.03875,656.566875,668.7784375,682.15,704.0821875,708.454375,730.548125,747.18375,747.42,765.90875,763.315625,784.2596875,772.4665625,788.7934375,780.334375,796.4809375,788.2375,802.710625,796.4403125,822.2759375,801.3609375,813.2165625,799.8375,799.159375,787.4128125,795.59,781.024375,783.74,771.6425,773.6678125,739.269375,748.484375,722.0009375,713.9884375,703.388125,685.64375,665.083125,656.6290625,643.715,631.9021875,615.3709375,601.95,578.596875,558.8590625,531.9715625,510.8563125,476.2825,447.34975,422.120125,428.315
431.6405,425.9719375,444.9319375,475.7509063,513.3461875,539.9071875,561.6234375,582.6115625,597.938125,616.6665625,634.999375,646.1521875,656.855625,668.035625,682.2459375,702.6840625,707.060625,732.0821875,748.3875,747.1259375,765.5821875,761.39125,784.2103125,772.2928125,789.3446875,780.4115625,795.7225,787.3425,803.0421875,797.9146875,820.4634375,801.0625,812.0659375,797.9603125,799.6396875,786.0003125,797.2165625,782.8859375,784.47375,770.736875,772.648125,739.1965625,747.525,723.3075,715.825,704.3784375,684.35875,666.0009375,656.2446875,643.36625,631.7634375,616.2640625,600.6103125,577.9378125,559.53375,531.0353125,507.8195313,475.4772812,447.4710313,422.2424375,428.315
431.6405,425.2251563,444.5315625,475.8829063,510.8688125,540.090625,561.716875,581.23,597.7353125,617.2640625,631.443125,646.1178125,657.6259375,667.81125,681.2325,703.1184375,709.8771875,730.6675,746.0425,746.685,765.170625,762.3653125,783.731875,773.0565625,788.5684375,780.13375,793.5409375,786.404375,805.410625,796.0265625,822.095,799.6309375,810.5609375,796.1234375,799.413125,783.929375,798.4825,785.2103125,786.586875,773.0103125,774.8159375,741.16625,746.1896875,724.8409375,714.6003125,704.34875,685.7396875,665.79875,655.9565625,642.841875,630.08875,617.0146875,599.8721875,578.844375,559.060625,531.97,508.7399063,475.2274688,448.2508438,421.288375,428.315
431.6405,425.410625,445.1862187,476.6796875,509.4600625,540.8040625,560.041875,580.35875,598.0546875,616.8896875,632.7678125,645.990625,654.6221875,666.3553125,680.0159375,701.3859375,710.1521875,727.5425,746.4396875,746.7571875,766.351875,762.3384375,784.0203125,770.5165625,790.335,780.4446875,792.9009375,787.7428125,803.3959375,795.7009375,820.49125,800.2909375,811.296875,793.945625,798.97375,782.974375,795.28125,785.773125,784.99125,770.0478125,774.8715625,737.380625,746.6425,725.6215625,714.164375,705.4740625,688.7334375,665.553125,657.78625,642.645,630.3421875,617.56625,602.02875,578.574375,558.748125,532.7575,509.7975,474.4893125,447.8506875,420.8735625,428.315
431.6405,426.5225312,447.1654062,477.7876875,508.9531875,540.0609375,559.8675,577.1434375,599.8409375,616.108125,632.8809375,644.288125,653.0290625,666.64125,679.0978125,699.2703125,706.6653125,726.610625,745.7115625,744.290625,766.49375,760.8990625,784.344375,768.5090625,788.5840625,779.3184375,792.856875,787.5128125,802.7340625,793.0878125,819.6140625,796.6765625,809.1965625,794.5696875,799.1690625,782.6675,795.3428125,785.0521875,784.9378125,770.0371875,775.998125,736.1821875,746.87125,725.0478125,713.5084375,703.70375,687.28125,667.8846875,657.4815625,641.903125,629.073125,617.9553125,601.55125,579.020625,557.18875,531.539375,508.5042813,472.1925,447.0498125,421.1002813,428.315
431.6405,426.2747812,446.6785625,475.5773437,509.559125,537.6275,560.3075,577.9578125,599.2765625,615.6646875,631.991875,643.1790625,652.4790625,668.4534375,679.21125,701.1071875,706.32,728.8721875,744.7434375,743.4109375,766.9396875,758.600625,782.2615625,767.006875,784.5665625,777.6540625,792.73,785.8034375,801.93625,791.8509375,818.625625,796.9884375,808.8578125,792.6646875,797.9690625,783.0140625,793.489375,785.3278125,787.1659375,770.3625,779.059375,733.5671875,744.9965625,724.7425,714.4440625,702.609375,689.324375,666.713125,657.96125,642.920625,629.483125,618.02125,600.3215625,578.3921875,557.8584375,532.9403125,506.80575,472.9702187,447.7362188,419.7815313,428.315
431.6405,427.2384375,446.3394063,474.4685625,508.6095938,538.215,558.8225,576.71375,598.4434375,616.725,632.2271875,642.908125,649.8815625,665.3675,679.3059375,698.8534375,706.630625,729.491875,743.73375,740.4596875,765.063125,757.6865625,781.33,768.78,786.045,777.569375,790.9846875,785.5396875,800.7625,792.3715625,816.5984375,796.4015625,809.04125,790.969375,796.7784375,783.973125,793.5853125,786.41375,786.966875,771.174375,775.9403125,736.205,743.9725,727.7465625,712.8115625,703.0059375,689.50375,666.9528125,658.6190625,642.3771875,628.369375,619.3953125,601.90375,579.6671875,558.5771875,532.6353125,507.0383437,471.9550313,447.2135937,419.8719688,428.315
431.6405,427.2120625,448.3743437,473.299625,508.4308437,538.38875,560.72375,579.3771875,597.695,617.574375,629.5821875,642.949375,651.4871875,666.7209375,680.6559375,698.045625,707.9875,728.196875,744.8809375,742.4225,763.391875,757.5121875,778.0265625,765.6953125,786.501875,776.99125,790.3603125,786.6684375,800.015625,790.109375,813.1178125,793.8378125,807.7659375,792.465,797.705,782.8815625,791.2515625,785.2359375,786.7971875,771.16125,776.67125,735.92625,744.8971875,726.63875,712.21875,702.71375,689.5075,667.6515625,660.118125,641.4415625,626.1278125,618.803125,599.344375,579.4159375,559.0090625,533.9665625,506.3908437,474.2328125,445.4237188,419.9551875,428.315
431.6405,427.097625,447.6580625,473.7417188,507.6844062,536.543125,559.5553125,576.0259375,598.48,619.1534375,628.7175,643.4815625,651.1728125,666.1134375,679.3275,698.2121875,706.4084375,727.2859375,744.25125,742.308125,764.100625,757.77875,779.8359375,766.896875,785.9521875,778.4453125,790.2159375,786.96125,801.58125,792.0203125,812.0540625,795.2921875,806.345625,791.4240625,798.0603125,783.9465625,791.145,787.656875,788.100625,770.2409375,774.7678125,739.0996875,744.38875,728.1096875,712.19375,703.559375,686.7325,668.1059375,659.810625,641.29125,625.916875,618.614375,598.7409375,578.965625,559.843125,534.085,502.897125,474.6,444.3375938,419.7819375,428.315
431.6405,427.0715938,448.0231875,475.2781875,506.7088437,537.085,559.716875,576.42375,598.4934375,617.3540625,627.5596875,643.8234375,652.3696875,666.5375,679.4946875,699.136875,709.2059375,725.5640625,742.596875,742.3384375,763.9596875,758.9678125,778.8553125,767.5490625,784.6540625,777.5075,788.6609375,786.8378125,801.345625,790.9671875,810.7515625,792.4778125,803.8290625,790.9378125,795.0875,783.38375,790.9325,786.34125,786.761875,771.43375,775.3059375,739.2653125,744.160625,728.033125,711.94875,701.5240625,691.01125,667.518125,661.064375,641.816875,624.93375,618.27375,600.440625,579.323125,559.9128125,535.0853125,504.8979687,474.657375,445.31325,419.2605625,428.315
431.6405,427.155,448.1381875,475.835375,507.1805937,535.68625,558.8340625,574.4471875,599.11125,616.5603125,629.49625,644.2334375,650.8146875,667.263125,678.2878125,698.03375,708.1803125,725.800625,742.4875,741.5246875,764.6240625,756.0859375,779.5409375,765.259375,786.346875,778.0515625,789.320625,787.8753125,798.7984375,790.705625,809.2290625,792.8621875,805.5871875,791.9121875,795.85875,782.829375,788.38375,784.37125,786.213125,768.4971875,773.231875,737.8565625,744.8840625,727.65375,713.1715625,702.4196875,689.8434375,667.5603125,660.59375,641.6534375,627.2596875,617.5653125,600.98125,579.568125,559.7278125,534.7828125,505.5801562,473.2825,444.953125,419.5094688,428.315
431.6405,428.9436563,448.7636875,474.29325,508.1949687,534.8,558.7471875,575.02375,598.8459375,613.7778125,628.758125,643.080625,651.2159375,668.88625,679.5790625,697.7571875,704.255,725.0646875,740.4378125,740.5903125,763.34625,754.8521875,779.340625,764.105625,782.7715625,775.9571875,787.17,786.6246875,799.774375,790.1759375,808.1759375,790.949375,804.0190625,791.374375,794.78625,782.585,788.8184375,783.155625,785.66875,771.2625,773.8625,738.9190625,743.3859375,725.7965625,714.116875,699.840625,689.5384375,669.376875,661.4303125,641.3965625,628.1353125,617.24375,600.0353125,580.7465625,558.16875,533.96625,504.402875,473.2971875,444.1098125,420.0289375,428.315
431.6405,429.09525,446.9320625,472.8949062,507.6277813,533.894375,558.0225,576.3096875,595.955,615.74375,626.7140625,643.0678125,651.2959375,668.2484375,677.165625,699.09,706.3196875,725.595625,740.3803125,741.0390625,762.585,752.4028125,777.8203125,765.73,782.6790625,773.5828125,786.41375,786.434375,800.85875,789.575625,807.5671875,793.079375,805.4284375,791.2609375,792.1409375,781.284375,787.531875,784.70875,787.14125,770.8384375,773.428125,740.905,741.6025,727.45125,716.040625,699.6703125,690.765,666.5428125,662.244375,643.265,630.0153125,616.923125,597.8334375,580.8571875,558.24625,533.875,505.2017187,475.8882187,443.709,420.8897188,428.315
431.6405,430.4238125,447.2370313,472.609125,505.3477813,535.4315625,557.8665625,575.4603125,595.2428125,615.8484375,626.1684375,642.301875,650.6675,666.79625,679.3534375,698.520625,707.508125,724.77375,741.5646875,741.99625,761.269375,753.1525,776.78125,767.6496875,784.393125,774.195625,786.1446875,787.5678125,801.450625,790.7740625,807.0775,791.9871875,806.8953125,789.4321875,793.4921875,783.9671875,787.998125,782.8325,786.745625,772.6209375,771.8090625,745.125625,743.8325,729.8790625,716.678125,700.01625,691.5040625,668.3878125,662.6459375,642.63125,630.4140625,616.58875,598.979375,580.9109375,559.448125,532.1934375,505.0273125,476.2912188,442.7360625,421.182375,428.315
431.6405,429.8420625,447.6465,473.0795938,505.8596562,534.6559375,558.7753125,576.0128125,596.6765625,615.7425,624.4325,643.53125,652.7465625,669.200625,680.1903125,698.1803125,707.156875,723.4328125,743.299375,743.838125,761.81,752.9390625,775.58,765.92625,783.9209375,775.47875,786.5171875,786.89375,802.67,789.4678125,804.655,792.433125,804.268125,791.0903125,795.1121875,785.31125,787.42625,783.4459375,786.5015625,772.16625,773.58875,743.9465625,745.380625,728.5828125,716.195625,700.341875,690.338125,668.4503125,662.4215625,642.2734375,630.94375,616.6421875,597.5021875,580.169375,558.7834375,532.7321875,504.3266875,477.499125,441.7072187,421.5651875,428.315
431.6405,430.0860938,445.5273125,473.8371875,505.9025625,533.6234375,557.5728125,574.260625,597.123125,616.846875,625.1690625,644.6471875,652.9184375,668.70375,678.25875,697.8696875,706.7415625,724.2684375,740.9765625,743.8346875,764.1765625,752.9659375,777.8753125,767.42375,782.626875,777.39625,786.5290625,787.9503125,803.3915625,791.88375,807.92,792.7909375,804.71,791.4121875,798.21875,787.7240625,787.3053125,785.408125,785.88875,772.2625,771.1425,746.503125,746.5553125,731.1125,716.175625,699.920625,690.0290625,669.1025,660.4896875,643.0221875,634.228125,616.2759375,598.3990625,580.086875,559.98625,531.944375,503.71625,477.5795937,442.181125,421.1527813,428.315
431.6405,430.96175,445.1730938,475.730625,507.6786563,533.395,557.6828125,574.6271875,596.4721875,614.3625,624.4425,644.433125,655.0959375,668.788125,678.485625,698.621875,707.440625,725.6728125,742.0778125,744.1190625,765.021875,753.0103125,774.9525,768.9596875,783.0725,776.72875,786.4903125,787.924375,801.1471875,790.8384375,807.226875,791.8465625,802.7903125,791.6209375,797.1409375,787.57875,788.351875,783.0315625,783.8728125,771.939375,770.393125,745.8534375,749.081875,729.2475,718.360625,699.1421875,692.3478125,667.7025,662.195,643.7565625,633.8215625,616.2325,600.09,579.7296875,560.38125,532.763125,505.4843438,477.8824688,443.338375,422.7334375,428.315
431.6405,430.8100625,444.6227188,475.5404688,508.0604063,532.7071875,557.66375,573.3878125,595.89625,613.2271875,626.2903125,645.313125,655.4784375,667.6115625,678.530625,698.56125,703.801875,726.5959375,741.685625,742.9125,763.455625,750.97875,775.6440625,766.5496875,783.7425,778.3909375,787.216875,788.0540625,802.390625,789.7559375,808.82375,794.6328125,805.7403125,794.0878125,800.8021875,788.405,790.4453125,781.8396875,783.976875,769.9134375,769.765,747.1928125,749.97,728.23625,717.5896875,700.6578125,688.285625,670.148125,660.9121875,644.0496875,636.3690625,615.7909375,601.315,580.903125,559.8540625,532.81875,506.2612188,476.2523125,442.4101875,422.95425,428.315
431.6405,432.6011875,445.2970313,475.454375,508.332625,532.3890625,556.5440625,574.07125,594.8759375,610.54875,625.6546875,642.9771875,655.7459375,666.6575,680.14625,698.4559375,700.00875,724.2615625,741.5559375,744.84375,762.6346875,751.6596875,775.3096875,767.4215625,782.02625,777.6896875,788.3915625,788.1375,803.5296875,791.5853125,810.2178125,795.8446875,804.2178125,793.551875,799.4703125,791.1575,792.438125,781.971875,784.1815625,772.004375,771.2403125,749.96625,749.1225,726.5675,718.7625,700.1346875,688.3825,670.3315625,661.6909375,644.3115625,635.84125,617.3025,601.454375,581.5725,559.9953125,534.2353125,504.5490313,478.9098438,442.2069063,423.4249688,428.315
431.6405,432.60875,444.6038437,477.0624375,507.086375,532.2753125,557.0221875,574.0934375,592.3775,609.829375,625.979375,643.763125,654.873125,666.02,678.2315625,699.5846875,702.170625,723.8678125,742.04625,745.2534375,762.51125,751.844375,774.979375,769.6340625,784.515625,779.443125,789.3184375,789.3859375,804.4115625,790.9275,809.8246875,797.8378125,807.0128125,796.0140625,801.64375,791.45125,791.9534375,781.22625,784.9196875,771.7728125,769.2615625,751.595,749.2965625,729.2959375,719.641875,701.1265625,688.2059375,670.3734375,663.088125,645.8471875,637.5646875,616.5175,600.570625,580.4709375,560.948125,534.903125,505.8756875,479.4746563,441.84975,424.2955,428.315
431.6405,432.800625,445.6191875,478.1386563,508.193875,533.433125,556.7471875,574.2628125,592.2325,607.0421875,626.84125,643.8096875,655.2496875,667.7715625,680.3859375,701.17625,702.7721875,725.50875,743.460625,746.3775,761.6646875,754.6671875,776.2528125,769.014375,784.7659375,781.91,789.6475,790.55375,804.7503125,792.81375,810.853125,797.730625,807.510625,794.1590625,803.4875,794.634375,792.865625,779.2721875,783.83375,773.80875,769.9128125,754.416875,751.639375,728.37,720.18125,703.9303125,686.94375,672.10375,661.7625,645.8021875,637.59875,615.088125,602.0965625,579.4003125,562.341875,534.26375,503.6676563,479.2114375,443.5391563,423.4382812,428.315
431.6405,433.0182188,445.804,479.244875,508.8319688,533.3046875,556.7859375,574.540625,594.101875,606.515,626.396875,645.31375,657.3240625,669.5553125,679.550625,699.805625,702.0878125,724.0040625,742.8396875,747.0440625,762.6128125,755.223125,775.960625,767.99875,784.1940625,780.5865625,788.6375,789.5815625,806.22375,793.49875,811.4365625,799.8934375,806.945,797.04875,804.3453125,792.9759375,792.588125,779.2603125,784.1521875,774.034375,771.7703125,752.8025,752.6009375,727.4153125,719.9590625,703.8040625,685.993125,671.0234375,660.4015625,645.605,640.13,616.8771875,601.6415625,580.0503125,562.3584375,535.145,505.1224688,477.9517813,445.0512188,423.7169063,428.315
431.6405,432.96575,444.4721563,479.594125,507.881625,533.1153125,556.69875,574.9440625,594.4065625,605.516875,629.54625,646.5896875,657.701875,670.63125,678.2496875,701.9265625,700.745625,725.6153125,740.35375,745.325625,762.2459375,753.9346875,776.981875,768.7540625,784.6103125,781.2165625,789.0965625,791.6740625,805.455625,794.6659375,813.4021875,798.999375,807.825,796.318125,807.3246875,792.646875,792.8003125,779.2059375,783.7928125,771.9228125,769.5609375,754.234375,752.6178125,729.8178125,719.0809375,703.9828125,687.2609375,670.9909375,659.5365625,645.86625,641.3278125,615.7665625,602.72125,580.551875,562.99,533.6378125,506.2899687,477.0983125,446.277,424.121,428.315
431.6405,433.8967188,444.8408125,481.7514375,507.9252812,532.29,555.8953125,573.3553125,593.6684375,604.0815625,629.49625,646.6178125,658.80375,670.524375,678.0109375,703.04,702.8690625,726.32625,743.27375,746.7003125,762.48375,753.7125,775.3690625,771.343125,786.9459375,779.7,787.8471875,790.0003125,804.9196875,793.6575,812.3065625,800.7171875,807.6425,795.5896875,805.309375,789.2846875,792.343125,777.71,784.01875,770.93375,769.5528125,752.441875,753.1609375,727.4346875,721.685,704.9290625,687.5428125,669.9515625,661.4371875,646.5690625,640.5965625,616.195625,603.93875,579.5196875,562.9159375,533.4234375,507.4850938,477.9692813,446.2385,426.1892188,428.315
431.6405,433.5457188,444.6754375,481.7625625,507.1649687,533.5109375,556.4690625,574.875,593.1821875,602.1490625,632.303125,647.92125,657.88125,669.845625,680.574375,703.54,702.0090625,725.9159375,741.8275,744.6809375,762.4978125,754.4303125,775.6915625,769.8209375,787.459375,782.7009375,789.334375,790.105,806.5190625,792.620625,812.9284375,802.1290625,809.391875,795.380625,805.444375,790.4634375,793.7034375,776.7325,783.5565625,771.125,770.1546875,751.73,751.074375,729.18375,718.495625,705.77625,685.3809375,672.35125,661.1359375,645.90125,642.940625,615.98125,604.8190625,580.166875,560.1234375,533.5790625,508.2129063,477.6235625,445.3626562,425.29725,428.315
431.6405,432.8154062,444.7476563,482.7518125,506.58125,532.8125,555.34625,573.6871875,592.47875,602.6821875,630.5634375,644.466875,658.32875,670.7321875,679.923125,703.9140625,701.6721875,724.0809375,744.1459375,746.81625,764.6503125,756.7171875,775.89375,771.225625,787.079375,784.246875,790.4715625,789.55375,807.0875,794.7034375,814.148125,802.3103125,807.9209375,794.7475,803.7565625,790.808125,791.3646875,775.3275,783.7303125,772.225,772.265,752.5540625,750.5753125,727.3546875,718.254375,704.8984375,685.205625,672.1903125,661.845,646.1840625,638.0953125,617.8871875,603.3071875,579.4396875,561.6703125,535.115,506.6763438,479.9831563,445.9955937,424.4665,428.315
431.6405,430.7540625,444.7905625,483.3237187,506.3643438,533.085625,555.6403125,574.9740625,593.39,602.70125,630.9621875,646.516875,657.805,670.9715625,679.783125,705.72625,704.3025,724.449375,745.090625,747.2184375,765.4334375,758.1415625,775.5734375,771.43375,788.8215625,784.800625,790.4075,790.4934375,806.8671875,794.26,813.1603125,802.8215625,809.971875,795.6928125,805.195625,788.229375,789.851875,775.2584375,783.3428125,772.3834375,770.543125,751.3234375,751.623125,727.3784375,718.306875,705.9109375,684.548125,671.346875,663.4290625,647.8428125,637.0653125,617.0875,602.739375,578.6809375,561.6278125,535.5821875,508.1716563,478.9320625,447.91725,424.3680937,428.315
431.6405,429.2405312,445.1304688,483.4382813,507.8159062,533.399375,556.25625,574.988125,594.3028125,603.76125,633.2890625,647.1175,660.1221875,670.785625,679.471875,707.269375,704.76875,727.5409375,747.00875,746.728125,764.14,758.5603125,776.564375,771.4240625,789.0159375,784.4440625,791.8834375,791.3009375,806.6484375,795.3765625,813.715,801.4290625,809.7090625,792.7453125,803.460625,788.0215625,789.6071875,776.1821875,782.034375,770.859375,771.6078125,750.9165625,752.6259375,725.2575,716.7084375,707.4615625,682.3703125,671.8521875,660.6296875,646.56375,636.174375,617.310625,604.3175,578.50125,563.0209375,534.7315625,506.92,479.5580312,449.4377187,423.0706562,428.315
431.6405,428.1822812,445.2839375,482.6366875,506.6780625,532.5321875,556.8334375,575.5196875,595.2940625,606.086875,633.8440625,648.844375,660.5978125,670.300625,680.36125,706.3359375,705.7275,725.6934375,746.389375,745.3890625,766.7090625,760.000625,774.805,770.93,788.921875,783.0975,792.3009375,791.28625,806.0084375,795.569375,814.4765625,803.2084375,810.685,794.13875,803.51125,787.2425,788.9703125,776.1178125,786.4059375,769.4809375,772.5215625,747.421875,750.6440625,725.976875,716.7325,705.95875,683.60125,672.0134375,661.62625,646.4353125,636.6646875,620.270625,604.598125,579.4446875,562.853125,534.528125,508.9420938,476.6114687,449.5955,423.926875,428.315
431.6405,427.2272187,445.289875,481.8092812,505.031375,532.3559375,557.4065625,576.2446875,596.9496875,606.9275,637.7178125,650.9146875,659.456875,673.086875,681.996875,707.6796875,707.0525,729.3765625,748.281875,742.9875,765.4646875,759.34375,778.0646875,771.755,791.4753125,784.8390625,794.985625,793.869375,805.0090625,795.0778125,814.004375,802.2715625,810.9221875,792.69625,802.5790625,788.27,789.063125,777.423125,785.6528125,767.98125,769.7184375,745.9971875,747.92875,728.9634375,715.1125,708.1253125,685.3321875,673.4271875,662.118125,647.4496875,635.6284375,619.4446875,605.2903125,579.62,561.956875,533.909375,510.0777188,475.1711875,449.333125,424.9766563,428.315
431.6405,427.2041875,448.5370313,482.7735938,505.3498438,531.44875,557.9021875,576.2746875,595.87625,609.171875,636.920625,651.20625,659.5615625,673.724375,684.6903125,707.4059375,712.635625,730.9978125,750.76,745.8165625,767.6765625,761.4503125,779.3446875,774.138125,793.14375,783.4759375,793.3534375,792.3371875,805.973125,794.2853125,815.7475,802.7165625,811.555625,793.258125,799.1484375,785.9340625,787.9646875,776.1490625,787.365,769.7309375,771.2625,745.2359375,745.10875,726.655625,717.989375,708.6184375,683.6621875,673.2625,663.548125,649.1825,636.275625,620.0278125,606.1875,578.9915625,562.49625,533.71125,508.7264687,475.986625,448.9977813,425.751625,428.315
431.6405,426.239875,449.0469688,481.5092812,504.6035938,532.803125,558.6340625,577.0896875,597.096875,608.869375,639.2659375,650.00375,659.243125,674.78125,687.51375,707.464375,713.544375,729.4121875,749.0059375,746.13,769.1665625,763.3328125,779.8121875,773.9425,793.521875,785.8125,796.485625,794.6496875,806.0634375,796.97625,814.91,802.8484375,812.981875,793.035625,798.755625,788.9590625,789.1915625,778.3884375,786.57625,771.2159375,772.5496875,745.3278125,740.8484375,729.0859375,715.961875,708.298125,683.5046875,673.350625,664.8909375,648.506875,637.5034375,620.20875,604.814375,579.005,559.636875,533.4290625,507.9550625,475.0647187,448.2375312,425.2460313,428.315
431.6405,425.0567813,450.0214375,480.894875,505.6720313,533.1203125,559.4434375,575.7509375,597.88125,612.960625,637.2603125,648.6534375,661.83875,676.145,685.8590625,708.098125,715.04875,730.316875,751.7121875,748.90125,769.7146875,766.616875,783.0040625,773.9975,794.4359375,784.97,795.574375,792.42375,805.1890625,799.055625,815.42,801.2765625,811.7775,792.71,797.6365625,785.8565625,788.0225,777.8540625,787.5459375,771.2390625,773.746875,746.5096875,740.606875,726.3134375,716.26,707.7146875,683.0025,673.04125,664.9871875,649.8284375,632.09,621.435,603.7378125,578.999375,562.6425,534.11875,507.4256875,474.4402812,448.6057188,424.2378437,428.315
431.6405,424.534625,451.7753438,479.3603125,507.2098125,533.990625,559.700625,579.4871875,600.721875,614.3678125,639.6,652.0515625,661.6753125,677.521875,688.62125,708.6140625,717.9228125,731.7409375,750.341875,747.4440625,770.6440625,767.5459375,783.6546875,774.605625,795.5159375,783.8575,795.5134375,795.3753125,804.5778125,799.6096875,814.3078125,802.2434375,813.3915625,792.2771875,797.3471875,785.705,788.6196875,780.925625,787.43375,770.7075,770.39625,743.9790625,742.8265625,728.2915625,717.8296875,707.6290625,685.5103125,668.9421875,664.9515625,649.5625,631.241875,622.5071875,603.5490625,578.9446875,561.7303125,534.8146875,509.2969375,473.9841875,450.5040937,425.1659688,428.315
431.6405,424.3172187,452.10525,478.7679688,507.236375,534.6778125,563.004375,579.34375,600.7559375,617.8284375,643.26125,654.1184375,664.9315625,678.0034375,687.7559375,709.7834375,717.8659375,733.244375,751.299375,745.114375,770.9684375,766.953125,783.16125,775.0890625,794.89875,784.2184375,796.246875,795.6703125,806.50375,798.3909375,813.8153125,801.0584375,813.1721875,792.35875,796.283125,787.473125,789.591875,781.916875,788.7003125,769.0534375,771.921875,744.4803125,743.540625,729.1321875,716.293125,707.3815625,685.4415625,668.9475,662.7134375,648.09375,632.6509375,623.2825,603.4878125,580.004375,561.0165625,532.9053125,508.5544375,474.2758125,449.2514687,424.9645625,428.315
431.6405,423.477375,451.3697188,477.426125,507.5098125,534.793125,562.165,578.953125,602.0065625,620.985,642.755,653.7321875,664.6546875,678.951875,688.3090625,708.545625,719.844375,732.7109375,752.215,744.7921875,773.73625,767.60125,782.8828125,774.87,795.5728125,786.1484375,796.9934375,794.85375,805.9171875,797.425,814.1315625,803.7053125,811.703125,793.245,797.018125,790.785,789.669375,783.6246875,792.108125,767.226875,772.615625,742.7803125,741.110625,730.2003125,718.3703125,707.285,687.0315625,669.2340625,664.6309375,648.6503125,631.1246875,624.545,603.7759375,580.9171875,559.276875,532.9240625,509.4723438,471.7377188,449.0700312,425.6339375,428.315
431.6405,424.2560313,452.687875,478.6913125,507.8822188,535.093125,562.805,578.86125,603.823125,622.76,642.665625,654.24375,665.370625,680.1609375,689.43375,708.344375,721.295625,736.3625,754.6234375,747.3484375,772.5565625,765.7675,787.521875,776.1346875,797.08875,787.8503125,798.2275,795.3696875,807.39,797.311875,814.0090625,802.31375,810.150625,792.884375,794.640625,789.7453125,790.005625,783.5665625,789.108125,768.90625,771.239375,744.4721875,741.6153125,731.624375,716.2240625,708.3834375,686.6546875,667.8825,664.17375,649.7959375,630.2696875,623.73625,602.421875,580.855625,558.6071875,533.7478125,509.2045,472.2249375,448.193375,426.4084375,428.315
431.6405,424.1365625,454.9015313,478.1225625,510.326125,534.0128125,565.449375,579.34,601.9778125,624.629375,638.9753125,653.2009375,665.845625,679.7790625,690.845,707.875,722.85125,737.1825,753.45875,749.87625,775.09875,767.684375,788.165625,777.0278125,797.5703125,786.7553125,796.6903125,794.3196875,809.308125,795.6175,815.0271875,802.73625,809.71125,794.5790625,794.05375,788.3696875,789.9465625,782.385625,790.2075,769.561875,772.061875,746.7428125,741.084375,731.620625,716.215,705.64125,683.1553125,667.7165625,664.6628125,649.4325,627.8809375,624.5284375,602.7975,581.20625,559.7,532.733125,506.5973125,473.5497187,448.2814688,426.9703437,428.315
431.6405,422.622125,453.11125,476.47675,509.254875,535.370625,565.84,578.7871875,603.146875,623.6396875,639.9303125,651.2403125,665.5284375,679.0178125,691.6209375,707.2178125,721.043125,734.3034375,751.403125,751.2378125,775.40375,768.776875,787.630625,777.69125,797.965625,787.011875,798.849375,796.8034375,808.2915625,797.784375,813.8375,802.921875,811.6415625,794.6171875,794.569375,791.5003125,792.3628125,786.8371875,789.2371875,769.8315625,772.360625,745.5690625,739.8934375,732.11125,716.0171875,705.4309375,683.3659375,666.8875,664.3284375,648.5290625,626.5515625,624.485625,600.76625,579.9596875,558.4890625,532.68375,506.4134063,472.5735938,448.221375,427.128,428.315
431.6405,422.1228125,453.8457188,476.2555312,511.2558125,535.5365625,567.0090625,580.36625,604.98875,626.781875,639.89625,652.7084375,667.0325,679.391875,691.28,708.1784375,720.499375,736.98625,752.974375,750.5659375,773.4840625,770.0528125,790.248125,777.0396875,798.553125,785.539375,797.9328125,794.836875,806.6421875,794.92125,815.2225,800.939375,809.244375,794.13125,793.2484375,790.475625,792.433125,784.645625,789.5571875,768.8240625,772.2559375,746.366875,741.4284375,731.0234375,714.9740625,705.1978125,683.54375,668.5521875,662.504375,648.64375,624.418125,624.0846875,602.55875,580.226875,561.8409375,534.17,507.372,471.0204063,448.7274062,426.0602812,428.315
431.6405,421.82025,455.6575,474.5111562,512.20425,535.8225,566.2853125,583.74375,606.8890625,625.4109375,643.9809375,654.8225,665.5121875,681.1121875,693.6046875,708.3271875,720.4890625,738.1421875,749.98625,746.8375,774.565,766.644375,788.9921875,778.4078125,797.7603125,785.7525,797.91625,798.5575,806.9171875,795.6159375,815.9715625,803.5121875,810.1034375,794.0990625,793.66125,794.47625,793.1728125,786.040625,791.1090625,765.9734375,769.89625,744.5440625,742.2046875,733.3321875,716.1990625,704.06875,686.554375,667.0203125,662.805625,647.65375,625.520625,624.0171875,603.564375,579.36875,559.8325,534.4534375,507.6954375,471.834375,449.8176563,426.7954062,428.315
431.6405,422.3524375,455.3426875,475.551375,511.6583125,535.818125,567.9134375,582.6478125,606.4684375,625.63875,645.8465625,657.2265625,667.023125,682.7,692.6175,709.0821875,720.078125,737.35625,750.8503125,747.8340625,774.60625,766.5815625,787.9484375,778.165625,796.89125,785.813125,797.66125,797.755,808.516875,793.8328125,815.9759375,802.2240625,809.6165625,795.7215625,792.4734375,794.251875,792.4940625,784.5534375,791.9203125,766.27375,770.8959375,746.181875,740.31625,733.8465625,716.7340625,706.7825,686.00625,669.7328125,663.85125,648.0425,628.880625,621.76,602.73,578.975,557.9353125,531.9734375,506.0112187,472.2919062,448.4102188,426.698375,428.315
431.6405,423.2362812,454.788125,477.116875,512.59925,536.2715625,565.5428125,583.4971875,607.78125,624.135,644.1446875,655.4365625,666.709375,684.4340625,691.4221875,706.8759375,722.2453125,737.6825,752.55,750.1834375,775.7440625,767.3759375,790.115625,778.1075,797.131875,786.45,796.603125,795.68375,806.6221875,792.3790625,816.0409375,803.8909375,808.5203125,795.4215625,793.69125,795.00375,791.266875,785.76875,790.36375,767.8365625,771.2915625,745.2375,737.9378125,730.6853125,716.725625,707.394375,685.0325,669.6715625,664.9190625,647.5603125,626.334375,620.0628125,602.5,579.155625,558.591875,535.080625,506.0403125,471.3108438,448.1285313,425.4765938,428.315
431.6405,425.58725,456.5218125,478.4173438,513.091125,536.795,567.7953125,584.415,608.314375,623.4090625,642.220625,656.788125,669.0653125,683.70375,692.8853125,708.536875,721.5771875,740.47375,751.1146875,753.6825,774.92,766.4684375,792.0753125,778.4525,796.1090625,787.0959375,796.189375,796.754375,807.7803125,792.1725,815.203125,802.9803125,807.9734375,796.2775,792.640625,791.8309375,791.7475,782.39,788.30625,769.9859375,770.3425,747.6034375,740.441875,730.66625,714.2025,706.076875,683.474375,667.6834375,664.935,648.1359375,626.20375,618.355625,600.46875,579.3640625,558.4559375,535.990625,505.7862188,472.73875,446.6877188,426.7411563,428.315
431.6405,425.5970625,455.4860938,477.5249688,513.61375,538.7403125,569.5715625,584.375625,607.936875,623.606875,642.2034375,658.0096875,669.6265625,683.8784375,692.0840625,707.8675,722.0096875,740.493125,750.696875,754.558125,775.959375,768.039375,791.0278125,780.310625,797.6471875,787.93625,795.1715625,797.13875,807.9946875,791.8478125,814.7115625,803.9375,809.031875,798.1678125,793.6884375,791.2740625,793.0984375,783.924375,790.3778125,768.2134375,768.6790625,749.1859375,741.0725,731.115625,713.9265625,704.2675,683.5625,669.219375,664.043125,647.223125,626.4846875,619.3953125,601.7625,579.6446875,559.5228125,536.3484375,506.7915625,474.3483438,448.331,425.1654063,428.315
431.6405,423.878875,453.3309688,477.6610625,512.520625,540.4115625,569.205625,585.8203125,609.546875,623.199375,645.6721875,658.425625,670.06125,683.3521875,693.4721875,710.0634375,721.1840625,739.3434375,751.1346875,755.734375,776.4659375,769.4421875,790.288125,781.488125,798.3484375,789.90125,795.811875,799.2215625,807.1040625,791.8434375,813.77875,803.5271875,810.11,798.155,793.3034375,790.916875,795.6415625,785.588125,788.66625,769.1875,769.531875,746.789375,742.0215625,729.0828125,715.4921875,705.5953125,685.3521875,668.1303125,662.3578125,646.669375,628.0684375,618.4365625,601.441875,577.9746875,560.44875,538.230625,508.1334375,474.4415,448.2627813,424.9477812,428.315
431.6405,424.1338667,454.2020333,478.9511667,514.528,539.86,568.7156667,588.2853333,611.055,624.8923333,646.215,660.2933333,670.7436667,684.048,692.3153333,711.1626667,721.7163333,741.1193333,752.6536667,753.4596667,776.2526667,768.6136667,791.2276667,779.925,796.5146667,791.339,794.584,797.559,806.1283333,788.5426667,814.2286667,802.2076667,808.1736667,797.3513333,792.3186667,790.4333333,794.1346667,782.232,788.508,768.1233333,769.9136667,748.4996667,743.4483333,728.509,713.751,704.3236667,686.121,669.5506667,662.314,646.0046667,627.962,617.4906667,603.0616667,578.8793333,561.9806667,539.6856667,509.5608333,473.8998333,448.5846,424.0279333,428.315
431.6405,423.8004286,454.7506429,477.5476071,514.8103571,540.4189286,568.4632143,588.7746429,609.9753571,622.5582143,646.905,661.3617857,670.0410714,684.3864286,692.0471429,711.4964286,719.7282143,741.1146429,751.1146429,752.8996429,777.8817857,765.3267857,788.9657143,780.4710714,795.1682143,791.2367857,794.3582143,799.0771429,807.5946429,790.0964286,815.7521429,805.1185714,808.6128571,797.94,792.0992857,790.3125,793.7307143,782.2857143,789.5625,766.6435714,769.2978571,748.1717857,743.3953571,727.8853571,714.5875,704.0910714,685.7775,669.2739286,663.6125,646.2939286,628.2403571,616.5067857,603.5132143,578.7189286,559.3142857,538.9821429,508.5519643,475.6686429,448.8690714,424.7482857,428.315
431.6405,424.4439231,452.6642692,480.4851154,513.3830769,539.8173077,568.9665385,587.1496154,610.1892308,622.1857692,645.8642308,662.6073077,670.9261538,685.0442308,691.265,711.2392308,720.2757692,738.7626923,754.0742308,757.1069231,777.6973077,767.2423077,788.7569231,780.0657692,795.5673077,790.49,794.8903846,797.7407692,808.3461538,787.5738462,815.4465385,803.5215385,810.0161538,798.4957692,791.3961538,786.7611538,791.9776923,782.0696154,788.345,769.4488462,769.9011538,749.0730769,742.6130769,726.4257692,716.2457692,706.7838462,683.4119231,671.3923077,665.0961538,646.7396154,629.3861538,615.8180769,602.0526923,577.6730769,559.4930769,537.2542308,507.9342308,476.4194615,448.2581538,425.6336538,428.315
431.6405,425.6992083,452.0228333,481.4599167,513.7166667,540.2004167,568.5533333,588.5920833,610.335,619.7166667,645.1420833,660.6233333,671.1816667,684.6245833,690.4679167,710.02875,721.3025,741.1304167,755.47375,759.5745833,778.4991667,768.095,792.3733333,780.66875,796.79125,789.9279167,794.0704167,796.6183333,806.11875,787.10875,815.26875,805.5583333,811.2495833,798.0233333,793.79,787.5175,791.6625,783.62875,787.6041667,773.5054167,770.7454167,747.5808333,740.5666667,722.1708333,712.7354167,704.6166667,681.8354167,670.0345833,663.7045833,645.8791667,627.9104167,615.18125,601.76,578.1591667,561.63375,539.75,508.4715,475.320875,446.9370417,424.4645417,428.315
431.6405,426.635,453.7474091,479.3361364,514.3268182,541.3709091,571.4140909,589.3163636,611.5727273,621.3386364,644.3022727,663.2709091,672.8777273,682.6495455,694.0409091,711.7359091,721.875,745.5304545,754.1559091,760.9368182,778.1922727,769.1313636,792.1972727,781.3409091,796.7004545,791.4927273,795.5790909,800.63,806.7827273,787.8527273,814.395,804.4627273,811.6695455,797.9522727,792.5613636,787.0354545,793.4677273,781.0286364,788.88,772.7386364,768.8327273,748.0440909,743.3536364,725.5081818,713.4054545,703.6186364,681.5136364,671.48,665.1513636,646.9545455,629.2572727,614.8463636,600.8409091,578.3663636,559.7118182,538.5627273,509.4947727,476.7495455,446.1168636,426.886,428.315
431.6405,425.0389,452.23535,479.7196,511.818,544.4435,570.34,590.2185,611.676,622.2475,648.28,665.886,673.7785,684.878,693.3455,710.3885,724.1585,744.384,757.1375,760.79,779.68,771.9075,790.8965,784.829,799.6,793.8795,795.0125,801.6645,805.6035,790.9095,816.591,804.981,813.6035,800.317,792.754,788.1245,795.799,785.484,791.928,773.4405,767.6705,749.0905,743.37,725.954,714.162,704.7455,685.034,674.301,663.566,647.499,634.1315,616.2685,603.0895,576.2095,560.7325,540.235,511.5643,477.56775,449.22,423.75745,428.315
431.6405,423.4207778,453.0167778,479.9516667,511.6355556,542.9333333,569.3777778,593.2016667,614.515,622.1066667,653.6927778,666.1472222,675.6861111,686.1288889,695.1555556,714.9922222,722.8694444,744.67,759.1488889,760.7355556,781.9883333,774.4383333,790.7633333,782.9866667,799.5072222,795.8338889,794.9955556,803.7194444,805.6483333,788.5483333,814.8122222,804.405,813.1627778,800.1611111,792.2316667,787.8511111,797.3438889,784.9966667,788.6855556,775.7133333,771.6577778,746.175,743.6822222,723.0644444,715.63,706.8527778,685.1583333,672.7744444,664.4472222,646.4916667,634.5816667,614.5322222,603.375,575.9461111,562.8694444,541.1072222,510.1908889,477.5445556,447.1377778,425.6741667,428.315
