47.44405000000001,47.15824375,45.92256875,46.74743124999999,47.119181250000004,45.445024999999994,46.1801625,45.40801875,45.14240625,44.163981250000006,45.8319625,44.90743125,44.646968750000006,43.71871249999999,43.5321,44.5684,41.5103125,42.87822500000001,43.3280125,42.22171250000001,42.348406250000004,40.75589375,41.80578750000001,39.277474999999995,40.171975,38.125981249999995,38.77051875000001,38.285450000000004,38.603825,38.13015,39.50908125,38.241118750000005,38.76790624999999,37.801837500000005,38.441537499999995,38.668862499999996,40.14655625
47.44405000000001,46.86757777777778,45.76741666666667,47.06237777777777,46.78470000000001,45.73191111111111,45.98918888888889,45.62488888888889,44.98385555555555,44.38247222222223,45.7507,44.88026111111111,44.35109444444444,43.97786111111111,43.43728333333334,44.36848888888889,41.47652777777778,42.812400000000004,42.92895,41.77782777777778,42.06521111111112,40.56522222222223,41.53802222222222,38.95866666666666,39.825622222222215,37.98887222222221,38.95872777777778,37.94688888888889,38.31689444444444,37.99812222222223,39.35908888888889,38.152033333333335,38.86966666666666,37.830783333333336,38.25659444444445,38.429105555555545,39.817122222222224
47.44405000000001,46.87884500000001,45.890785,46.97402499999999,46.64984499999999,45.482845,46.030815000000004,45.690979999999996,45.11667,44.508175,45.35231,44.62891,44.36565999999999,43.86736,43.278834999999994,44.280005,41.618535,42.75348,42.950810000000004,41.92214,41.90959,40.56014999999999,41.479364999999994,39.16611499999999,39.804984999999995,37.910019999999996,38.91252000000001,38.041205000000005,38.347035000000005,37.905699999999996,39.36028999999999,37.956045,38.63672499999999,37.561724999999996,38.29909,38.17203,39.94565
47.44405000000001,46.88572727272727,45.962654545454555,47.00301818181818,46.66129545454545,45.42417727272727,45.94152727272727,45.65204545454546,45.3217590909091,44.32993181818182,45.31424090909092,44.66310909090909,44.29552727272727,43.58053636363636,43.361045454545454,44.274463636363635,41.38563181818182,42.55543636363637,42.68245909090909,41.89499090909091,41.626245454545455,40.418554545454555,41.268640909090905,38.80245909090908,39.71794545454546,37.95585454545454,38.688013636363635,37.80216363636364,38.32374545454546,37.722213636363634,39.27884999999999,38.07623636363636,38.641336363636356,37.5659,38.188863636363635,38.15433636363636,39.82512727272727
47.44405000000001,46.981791666666666,45.800275,46.97532083333333,46.72040833333333,45.469049999999996,46.074799999999996,45.77135833333333,45.07127916666667,44.22034166666667,45.06223750000001,44.631212500000004,44.37795416666666,43.38742500000001,43.04404166666667,44.159462500000004,41.5432625,42.46319583333333,42.51615833333333,41.6696125,41.5538,40.19457083333333,41.23306666666667,38.95508749999999,39.659125,37.73712916666667,38.615966666666665,37.915154166666674,38.48800416666667,37.752245833333326,39.34315833333333,38.07604166666666,38.439249999999994,37.53800833333334,38.24190416666667,37.87066250000001,39.80745833333333
47.44405000000001,46.92693461538461,45.93215,47.032799999999995,46.917976923076914,45.39642692307693,46.041799999999995,45.74030384615384,45.03982307692308,44.516311538461544,45.17726153846154,44.524315384615385,44.550015384615385,43.518096153846145,43.344588461538464,44.12915384615385,41.42611538461538,42.374007692307686,42.53629615384615,41.4375,41.570342307692314,39.992650000000005,41.17029615384615,38.75700769230769,39.53932692307693,37.9908,38.45585769230769,37.8188576923077,38.446061538461535,37.661853846153846,39.32706153846154,37.89530384615384,38.261246153846145,37.65501538461538,37.99986538461539,37.96845769230769,39.70200384615384
47.44405000000001,46.846282142857135,45.97856071428572,46.934914285714285,46.76376428571429,45.585175,45.80708214285714,45.80591071428571,45.065596428571425,44.53210714285714,45.342332142857146,44.484878571428574,44.32771785714286,43.669896428571434,43.493525000000005,43.974892857142855,41.611900000000006,42.50716785714286,42.512792857142855,41.33606071428572,41.53282857142858,39.84434642857143,41.04300714285715,38.998425,39.572432142857146,38.17561428571429,38.54211428571428,37.71081428571429,38.438182142857144,37.63710357142857,39.37539999999999,37.78333571428571,38.261464285714275,37.66420357142857,38.12638571428572,38.101974999999996,39.60394642857142
47.44405000000001,46.888670000000005,46.05797,47.040530000000004,46.823559999999986,45.69586666666667,45.85988333333333,45.840639999999986,45.23847,44.65763,45.223263333333335,44.40547000000001,44.32886333333333,43.74211666666667,43.780866666666675,43.81094333333334,41.92684666666666,42.532363333333336,42.42233333333333,41.10773999999999,41.459023333333334,40.07126333333335,41.01709,38.99305666666667,39.58319333333334,38.00993666666666,38.48931333333333,37.64960333333334,38.33023333333333,37.652343333333334,39.126279999999994,37.65789333333332,38.22308999999999,37.51165666666667,37.74786,37.849243333333334,39.483079999999994
47.44405000000001,46.788909375,46.05759062499999,47.099562500000005,46.593559375,45.761215625,45.85319375,45.870974999999994,45.2133375,44.70499375,45.16111875000001,44.43413125,44.246971875,43.501584375,43.713503124999995,43.871031249999994,41.89895625,42.58100625,42.334925000000005,40.986562500000005,41.44160624999999,40.04379374999999,41.100412500000004,39.1730375,39.5591375,38.056671875,38.60227187500001,37.767171875,38.511356250000006,37.58230312500001,39.27157499999999,37.749046875,38.24083125,37.59340625000001,37.869775,37.803068749999994,39.502203125
47.44405000000001,46.78160625000001,46.180065625,47.045828125,46.72894375,45.67939375,45.81004375,45.78248124999999,45.413296875000015,44.72459375,44.751859375,44.300603125,44.32685,43.48805625,43.635084375000005,43.79785,42.0575375,42.539609375000005,42.316228124999995,41.000040625,41.29700625000001,40.040025,41.10377812499999,39.154321875,39.546965625000006,38.01717500000001,38.391125,37.756009375000005,38.542368749999994,37.452784375,39.265828125,37.711990625,38.12811875,37.40125937500001,37.849987500000005,37.58465625,39.650918749999995
47.44405000000001,46.7723125,46.143440625,46.982265625,46.77831875,45.71108125000001,45.857803125,45.81895625,45.5317875,44.76337499999999,45.068753125,44.451415624999996,44.291171875,43.31698125,43.8531375,43.640690625000005,42.018740625,42.487721875000005,42.108228125,40.76157187500001,41.30815000000001,39.92979375,41.12324687499999,39.2004375,39.41233750000001,38.078637500000006,38.372621875,37.703446875000004,38.616121875,37.5152625,39.17891249999999,37.808328125,38.029531250000005,37.44232812500001,37.75836875,37.5959,39.613118750000005
47.44405000000001,46.709250000000004,46.09001875,46.86621875,46.92390312499999,45.841012500000005,45.850059375,45.883521875,45.30673125,44.85939062499999,44.928253125,44.34965312499999,44.419790625,43.343271875,43.80829062499999,43.57215624999999,42.22122499999999,42.629034375,42.053515624999996,40.575287500000016,41.31933437500001,39.7137,41.169340625,39.200812500000005,39.419640625,38.068209375,38.39629375,37.705928125,38.688771875,37.499390625000004,39.34250937499999,37.552949999999996,37.966274999999996,37.516962500000005,37.73049375,37.46359375,39.5494
47.44405000000001,46.601356249999995,46.249525,46.892603124999994,47.013128125,45.883353125,45.72749062499999,45.87925,45.467209374999996,45.198134374999995,45.056090624999996,44.383740625,44.416900000000005,43.426609375,43.97384062500001,43.553228125000004,42.111875,42.60068749999999,42.009465625,40.38795625,41.37080625,39.497228125,41.012871874999995,39.1406875,39.348965625000005,38.39396875,38.297203124999996,37.67306562500001,38.627653125,37.4903,39.143753124999996,37.435703124999996,37.91002499999999,37.472181250000006,37.511693750000006,37.70442187500001,39.477128125
47.44405000000001,46.61200624999999,46.27920937500001,46.896409375000005,46.89358437499999,45.991800000000005,45.79663125,45.97692187500001,45.511296875000006,45.238275,45.02645625,44.395828125,44.21560937500001,43.285162500000006,44.06432500000001,43.344475,42.384365625,42.627903125,42.021225,40.466325000000005,41.249978125,39.545550000000006,40.951290625,39.3559125,39.2825625,38.27588125,38.545659375,37.568653125000004,38.63134375,37.571,39.21060937499999,37.456759375000004,38.004268749999994,37.38866562500001,37.53325312500001,37.523515625,39.372412499999996
47.44405000000001,46.67966874999999,46.37383749999999,46.998746874999995,46.982350000000004,46.11611875000001,45.94933125,45.98249375,45.72629062499999,45.374184375000006,44.56832812500001,44.34073125000001,44.382484375,43.24226562499999,44.117265624999995,43.343334375000005,42.430334375,42.68705625,41.931203125,40.349734375,41.16398437499999,39.68591562500001,41.05845000000001,39.28454375,39.29020312500001,38.0012875,38.381471875,37.48940625,38.621475000000004,37.491159374999995,39.046784375,37.539484374999994,37.899575,37.277653125,37.292953125000004,37.256556249999996,39.408815625
47.44405000000001,46.590746874999994,46.48311874999999,46.98103437499999,46.845209375,46.1723,46.120653125000004,45.79893437500001,45.59306874999998,45.44445625,44.54931875,44.544646875000005,44.4368125,42.94082187499999,43.93392812500001,43.33061875,42.24609687499999,42.61349375,42.06509375,40.390771875,41.270859375,39.352140625000004,41.20628125,39.3352875,39.21059375,38.060793749999995,38.38371874999999,37.64347812500001,38.762965625,37.46213437499999,39.1709125,37.66118124999999,37.79866875,37.316987499999996,37.5528625,37.37819687499999,39.479546875
47.44405000000001,46.68824687499999,46.38925625,46.890950000000004,47.10695,46.186406250000005,46.03250625,45.86689687500001,45.63486874999999,45.3938375,44.57941875,44.549096875000004,44.435396875,43.243703124999996,43.929903125,43.368690625,42.494878125,42.639465625,42.13128750000001,40.4029125,41.295643749999996,39.475965625000015,41.286978125000005,39.218025,39.15214375000001,38.04523437500001,38.18205,37.565990625000005,38.697709374999995,37.41561874999999,39.060871875000004,37.68735625,37.729296875,37.22258125,37.485221875,37.31259687499999,39.57450312499999
47.44405000000001,46.66949999999999,46.33610312500001,46.66551562499998,47.073740625,46.1879125,46.14853125,45.85407812500001,45.57671875,45.286040625000005,45.02549375,44.816287499999994,44.45450625,43.259628125000006,44.08336249999999,43.263334375,42.313325000000006,42.706931250000004,42.18099062500001,40.42916875,41.375559375,39.190275,41.3608375,39.449128124999994,39.086784375,38.14737499999999,38.364015625,37.537265625,38.776209375,37.509671874999995,38.992565625000005,37.709096875,37.617568750000004,37.378040625,37.51716562500001,37.40078749999999,39.53151875
47.44405000000001,46.60304687499999,46.42337500000001,46.664915625,47.195715625000005,46.134731249999994,46.0581875,45.874953125,45.41634375000001,45.245300000000015,44.948896875,44.80958125000001,44.443743749999996,43.51114375,44.118503125,43.464334375,42.35022500000001,42.67065625000001,42.282956250000005,40.577946875,41.42684062500001,39.259290625,41.362953125,39.264346874999994,39.1769125,38.034859375,38.315715625,37.52790312500001,38.69889375,37.404403124999995,39.163421875000004,37.463565625,37.727084375,37.4055,37.457184375000004,37.2958,39.385874999999984
47.44405000000001,46.5420625,46.487084374999995,46.776928125,47.15554375000001,46.107715625,46.15786874999999,45.87916562499999,45.63345312500001,45.12446250000001,45.049921875,45.020865625,44.35860625,43.49866250000001,44.030199999999994,43.475378125,42.29401562500001,42.572246875,42.348687500000004,40.576975000000004,41.577978124999994,39.418296874999996,41.24855624999999,39.535865625,39.15246249999999,38.02808125,38.2436625,37.60147812500001,38.737125,37.41340937499999,38.969187500000004,37.5816,37.805428125000006,37.325925,37.420978125000005,37.27050624999999,39.442271875
47.44405000000001,46.741731249999994,46.49450625000001,46.872746875000004,47.130340624999995,46.112384375,46.302709375,45.90382187499999,45.634696875,44.94165937500001,44.98835625000001,45.022537500000006,44.40701250000001,43.444646875,44.10734375,43.40248125000001,42.454875,42.58983125,42.53165312500001,40.94247500000001,41.57123125,39.665124999999996,41.34846875000001,39.56203124999999,39.146503124999995,37.766378125,38.48753750000001,37.48173125,38.64265625,37.438884374999994,39.06816875,37.686390624999994,37.88790625,37.210428125,37.494284375,37.08968124999999,39.37667187499999
47.44405000000001,46.74381875,46.491778124999996,46.904771875,47.05094374999999,46.16104687499999,46.382403124999996,45.91877499999999,45.81050625,44.95948125000001,44.76305,45.00818124999999,44.65991250000001,43.540437499999996,44.018,43.61372187500001,42.25304375,42.752759375,42.62536875000001,40.95685,41.754965625,39.67743125,41.39755625,39.367284375,39.367303125,37.769709375000005,38.246328125000005,37.40575937500001,38.68871562499999,37.309093749999995,38.960421874999994,37.626328125,37.796959375,37.138859374999996,37.430665625,37.08337499999999,39.540521874999996
47.44405000000001,46.704834375000004,46.506271874999996,46.947071875000006,47.0629625,46.17782812499999,46.32230937499999,45.80735937499999,45.6675625,45.004456250000004,45.12459062500001,45.22284687499999,44.668493749999996,43.37868125,44.0012875,43.580365625,42.08640625,42.621012500000006,42.727728125000006,41.071315625000004,41.872371875,39.493790624999995,41.4216,39.313253124999996,39.370275,37.83650000000001,38.28465,37.53087187500001,38.71249999999999,37.367718749999995,38.8964625,37.62204687500001,37.807028125,37.093940625,37.580221875,37.24146562499999,39.494096875000004
47.44405000000001,46.85316875000001,46.326740625,46.946440625,47.20684374999999,46.132328125,46.245765625000004,46.143496875,45.64327499999999,44.987484374999994,45.229296875,45.17356875000001,44.586921874999994,43.598675,44.01585937500001,43.69446562499999,42.124162500000004,42.726756249999994,42.74629062500001,41.324459375,41.82540625,39.6417375,41.27132812500001,39.20290312499999,39.43447187500001,38.04015625000001,38.229156249999996,37.45096562500001,38.627628124999994,37.359484375,38.86871875,37.55740000000001,37.879871875,37.088346875,37.41673125,37.22431249999999,39.433328125
47.44405000000001,46.796746875,46.51988125,46.837009375,47.236262499999995,46.25670624999999,46.371509375,46.038475,45.69655,44.90367499999999,45.22613125,45.320637500000004,44.87355625,43.627196875,43.994115625000006,43.74205624999999,41.619175,42.65644062500001,42.722659375000006,41.54478125,41.78548437499999,39.338943750000006,41.16281875,39.23319374999999,39.428678125,38.076012500000004,38.243728125,37.332228125,38.619362499999994,37.37735625,38.832565625,37.59334375,37.773706250000004,37.21755,37.312934375,37.293387499999994,39.308328124999996
47.44405000000001,46.879259375000004,46.72852499999999,47.1004125,47.26048125000001,46.10598125,46.371606250000006,46.11474062500001,45.684715625,45.07260625,45.187974999999994,45.24005312500001,44.88355625,43.603981250000004,43.94384375000001,43.96615937499999,41.568762500000005,42.49168749999999,42.770987500000004,41.823787499999995,41.90214999999999,39.723812499999994,41.08315625,38.98401249999999,39.503821875,37.917928125,38.16287499999999,37.41233437500001,38.52845625,37.363378125000004,38.938384375,37.50913125,37.874750000000006,37.125825,37.354284375,37.27104062499999,39.210268750000004
47.44405000000001,46.922349999999994,46.815909375000004,47.17643437500001,47.21393750000001,46.32291875,46.41591250000002,46.11230937500001,45.87924999999999,44.709865625000006,45.2723125,45.3047625,44.981409375,43.506434375000005,43.748653125000004,43.92129687499999,41.508071875,42.562134375,42.980584375,41.879625000000004,42.059290625,39.82924375,41.052096875000004,39.2055625,39.513321874999995,38.05207500000001,38.130750000000006,37.48827812500001,38.57068125,37.347887500000006,38.7760125,37.60681249999999,37.909740625000005,37.21110625,37.31886875,37.218712499999995,39.20306562500001
47.44405000000001,47.10084375,46.829403125000006,47.300062499999996,47.177603125000005,46.360437499999996,46.35625000000001,46.14595625000001,45.814509375,44.65214687500001,45.353962499999994,45.244334375,45.05856562499999,43.817012500000004,43.70510625000001,43.84373125,41.66141875,42.56294687500001,43.044696875000014,42.10333125,42.096553125,40.023446875,41.160690625,39.00046874999999,39.694675,38.033043750000004,38.187465625,37.38765000000001,38.385665624999994,37.3181,38.9221,37.649359374999996,37.879678125000005,37.086765625,37.314190624999995,37.174437499999996,39.101009375
47.44405000000001,47.016290625,46.7094625,47.298046875,47.03059374999999,46.25560625,46.360259375000005,46.09465937499999,45.878803125000005,44.7014,45.375024999999994,45.298434375,45.12778125,44.029893749999985,43.798334375,44.095865625,41.5821875,42.633649999999996,43.2069625,41.906118750000005,42.289428125,40.181862499999994,41.144196875,38.98828125,39.899018749999996,38.142468750000006,37.95664062499999,37.424359375,38.38625,37.28914687500001,38.875943750000005,37.609290625,37.79833125000001,37.105974999999994,37.142553125,37.030818749999995,39.14043125
47.44405000000001,47.05725,46.72438125,47.20231562500001,47.125778125,46.305490625000004,46.2179125,46.12258750000001,45.86477500000001,44.6114625,45.756790625,45.4742625,45.035206249999995,43.892425,43.95483124999999,44.175640625,41.5325875,42.548440625,43.08615624999999,41.94513125,42.275478125,40.020684375,41.19763124999999,39.12376875,39.87576874999999,38.108700000000006,37.99092499999999,37.4036875,38.299096875000004,37.37108437500001,38.757306250000006,37.600899999999996,37.874787500000004,37.12726562499999,37.23517187499999,37.073134374999995,39.062828124999996
47.44405000000001,47.100553125,46.70029687500001,47.130462500000014,47.190059375,46.312565625,46.330728125,46.199196875,45.99544375000001,44.654509375,45.83060312500002,45.506121875000005,45.06352812499999,44.010390625,43.989440625,44.28210000000001,41.5360625,42.769987499999985,43.17799999999999,42.187200000000004,42.306453125000004,40.03012812499999,41.125159374999996,39.186246874999995,39.83656874999999,38.242121875,38.003590624999994,37.302540625,38.287671875000015,37.35842812500001,38.774290625,37.531568750000005,37.806265625,37.068296874999994,37.01625624999999,37.069659375,39.002728125
47.44405000000001,46.985231250000005,46.9709125,47.17787812500001,47.289646875,46.396671874999996,46.34481874999999,45.958940625,46.211715625,44.67300625,45.730715625,45.483359375,45.21699687500001,44.14459375,43.868587500000004,44.24065937500001,41.442246875,42.69036562499999,42.948259375000006,42.04517812500001,42.342121875,40.069996875,41.132296874999994,39.128268750000004,39.855968749999995,38.14105000000001,37.91916875,37.223028125,38.306884374999996,37.365581250000005,38.740640625000005,37.501090624999996,37.67255,37.05381562499999,36.99175625,37.082893750000004,39.016790625
47.44405000000001,47.02114687499999,47.122853125,47.370421875000005,47.18692187500001,46.274675,46.271071875000004,45.992434375,46.220593750000006,44.983040625,45.491825,45.356303125,45.12280625000001,44.11862187499999,43.875671874999995,44.27518125,41.73961874999999,42.76666249999999,42.99405937499999,42.137953125,42.444362500000004,40.42915937499999,41.05483124999999,39.054878125,39.954521875,38.103546875000006,37.946009374999996,37.317246874999995,38.1494875,37.452565625000005,38.767231249999995,37.38502187499999,37.81758437500001,36.907128125,37.07255,37.096203125,39.023737499999996
47.44405000000001,46.93823125,47.13615624999999,47.322434375,47.18150000000001,46.4912375,46.246478125,45.938275,46.25634375,44.839515625000004,45.41782187499999,45.313446875,45.28470937499999,43.9285625,43.841296875,44.10925625000001,41.72988749999999,42.821403125,43.110496874999995,42.06148437499999,42.399668750000004,40.20465,40.974565625,39.10593750000001,39.94985937499999,38.202178125,37.763774999999995,37.178915624999995,38.034034375000005,37.351909375000005,38.608871875,37.203193750000004,37.708000000000006,36.925803125,36.778412499999995,36.96787187500001,38.8656875
47.44405000000001,46.8912125,46.912903125,47.33484687499999,47.14155625000001,46.306421875000005,46.25219687499999,45.985615624999994,46.07128125000001,45.061209375000004,45.35697187499999,45.17128749999999,45.2158125,43.846075,43.69738125000001,44.109890625000006,41.93263749999999,42.82413124999999,42.926028125,41.892171874999995,42.26957187499999,40.034099999999995,40.906246875,39.07150312500001,40.03858749999999,38.0291625,37.782075,36.97053437499999,37.926565624999995,37.242365625000005,38.743384375,37.226918749999996,37.640946875,36.72950937499999,36.770428125,36.87335625,38.923421875
47.44405000000001,46.83890312500001,46.831856249999994,47.310399999999994,47.18834375,46.159446875,46.22350312499999,45.765040625,45.89989687500001,45.271265625000005,45.09542187499999,45.206665624999985,45.09195312499999,43.888178124999996,44.03363125,44.219934375,41.85176249999999,42.85026875,42.936468749999996,41.614050000000006,42.17481875,39.901143749999996,40.84249687500001,39.020303125,39.942,37.996990624999995,37.687553124999994,36.968203124999995,37.77278125,37.16086562500001,38.678803124999995,37.185146875,37.484381250000006,36.6447125,36.64546875,36.80993125,38.94134999999999
47.44405000000001,46.733359375,46.785537500000004,47.12044374999999,47.247934375,46.27210625,46.14002812500001,45.895599999999995,45.966096875,45.272212499999995,45.195228125,45.34864999999999,44.918271874999995,43.85560312500001,44.10835625,43.987525000000005,42.033653125,42.931681250000004,42.57862187500001,41.566246875,42.035021875,39.6092375,40.88131562500001,39.117409375,39.749215625,37.8189375,37.63968125,36.762309375,37.656609374999995,37.06450000000001,38.485921875,36.987446874999996,37.3488125,36.608915624999995,36.745425000000004,36.909821875000006,39.001512500000004
47.44405000000001,46.538490625,46.77304062500001,47.053490624999995,47.23636249999999,46.213775,46.122728124999995,45.68365,45.97009374999999,45.248996875,45.11861250000001,45.29782499999999,44.89159375,44.080159375,44.08979375,43.77244375,42.35821249999999,42.978071875,42.58533125,41.51459375000001,41.994146875,39.707,40.84508437499999,39.04257499999999,39.59089375,37.59019375,37.47214062500001,36.6239375,37.59850312499999,36.87208125000001,38.3398625,36.81794375,37.051309375,36.34465625,36.500203125,36.730618750000005,38.92394375000001
47.44405000000001,46.43599999999999,46.83544375,47.110987500000014,47.04298749999999,46.139787500000004,45.933696874999995,45.61404375000001,45.99143437499998,45.08292812500001,44.958996875,45.222296875,44.69717187500001,43.825115625,43.802115625,43.6172375,42.456481249999996,42.763334375,42.374071875000006,41.223318750000004,41.962062499999995,39.645981250000006,40.76718749999999,39.0268,39.58607812500001,37.53746562499999,37.45718750000001,36.63306875000001,37.472859375,36.848721875,38.23072500000001,36.73135,37.033443749999996,36.29751875,36.6663625,36.74620625,39.030528125000004
47.44405000000001,46.402899999999995,46.836934375,47.16550937500001,46.86221875,45.99847499999999,45.79996874999999,45.65479687500001,45.821596875,45.02011875,44.6670625,45.186746875,44.64023125000001,43.866859375000004,43.90998437499999,43.505965625,42.673153125,42.734584375,42.42612187500001,41.16261875,41.81049375,39.662346875,40.538346875,38.93815,39.61135625,37.37696875,37.31674687500001,36.525965625000005,37.1279875,36.750715625000005,38.0556375,36.503234375000005,37.101259375,36.159921874999995,36.5959875,36.49951875,38.884721875000004
47.44405000000001,46.325584375000005,46.682571875,47.12624062500001,46.875018749999995,46.05134687499999,45.77641874999999,45.591190624999996,45.881946875000004,44.969331249999996,44.773171874999996,45.13323125,44.628703125,43.71852812500001,43.93691249999999,43.191259375,42.644793750000005,42.626146875,42.336549999999995,40.897859375,41.553221875000006,39.455796875,40.466346875,38.980565625,39.547740625,37.290115625,37.125915625000005,36.344462500000006,37.024275,36.543065625000004,37.95283125,36.354278125,36.86673437500001,36.117509375,36.48584375,36.298506249999996,38.761571875
47.44405000000001,46.325762499999996,46.437125,47.10525937500001,46.733890625,45.83121249999999,45.713059375,45.73366875000001,45.585978125000004,44.99751875,44.791253125,45.02603125000001,44.469468750000004,43.67202812500001,43.95578437499999,43.345287500000005,42.723568750000005,42.610871874999994,42.065296875,40.638837499999994,41.425856249999995,39.225128125,40.358953125,38.879887499999995,39.442178125000005,37.017553125,37.087675000000004,36.237284375,36.98494375,36.554809375000005,37.947043750000006,36.341281249999994,36.78575625,36.066962499999995,36.656965625,36.40620625,38.829971875
47.44405000000001,46.397256249999984,46.474396875000004,47.060312499999995,46.687290624999996,45.8598,45.640915625,45.525381249999995,45.33925,45.13295312499999,44.629400000000004,44.984040625,44.36979062500001,43.635615625,44.10348437500001,43.26216875,42.517134375,42.50913125,41.929628124999994,40.4574625,41.18433124999999,39.014825,40.31036874999999,38.683571875,39.37211875,36.991806249999996,36.99131875,36.16603125,36.879971875,36.37988750000001,37.826581250000004,36.12935625,36.659387499999994,35.91383125,36.580115625,36.432421874999996,38.813978125
47.44405000000001,46.24509374999999,46.36048125000001,47.0152125,46.54815,45.86119062499999,45.646274999999996,45.70349687499999,45.462234374999994,45.156946875,44.55977812500001,44.918653125,44.369665624999996,43.318656250000004,43.99383749999999,43.040503125000015,42.54277187500001,42.502059374999995,41.69376874999999,40.508684374999994,40.925084375000004,38.905843749999995,40.177521875,38.656743750000004,39.162465625,36.83865625,36.83724375,36.0016375,36.862893750000005,36.282421875000004,37.540884375,35.983696875,36.591759374999995,35.980134375,36.59805312499999,36.42979999999999,38.861721875
47.44405000000001,46.06293124999999,46.4669125,47.016209375,46.543896874999994,45.85117812499998,45.500621875,45.496287499999994,45.424,45.18792187499999,44.150784375,44.677334375,44.363871875,43.31785312500001,43.819656249999994,42.9152625,42.63680000000001,42.2251125,41.690875,40.460365624999994,40.76811562499999,39.06974375,40.04616874999999,38.419743749999995,39.16941562499999,36.6875625,36.6494,35.971953125,36.81979687500001,36.185078125000004,37.4274625,35.9791625,36.57284374999999,35.86531875,36.40650625,36.16479374999999,38.699996875
47.44405000000001,46.11034062499999,46.383853124999995,47.10741875000001,46.32326562499999,45.793793750000006,45.417984375,45.57110312499999,45.361975,45.16214375,44.100903124999995,44.629428125,44.198925,42.886015625,43.61367500000001,42.797253125,42.43846250000001,42.055465625,41.52157187500001,40.33268749999999,40.72923124999999,38.891753125,39.94009687500001,38.522668749999994,39.01078437499999,36.781840625,36.7672375,36.141278125,36.679796875,36.257709375,37.464271875,36.013434374999996,36.74392187499999,35.985121875,36.527371875,36.31500937499999,38.790328124999995
47.44405000000001,46.146846874999994,46.383365625,47.080021875,46.423721875000005,45.716550000000005,45.46680000000001,45.53620625,45.17689999999999,45.04916562499999,44.011684375,44.567665625,44.24691250000001,43.049259375000005,43.62690625,42.64388124999999,42.485887500000004,42.04685625,41.45515,40.25840937500001,40.473978125,38.9038875,39.72439375,38.388625000000005,39.01526874999999,36.644378125,36.461343750000005,36.02685,36.492149999999995,36.016159375,37.33625,35.8451,36.650693749999995,35.952209375,36.391496875,35.99326249999999,38.564484375
47.44405000000001,46.128803125,46.180206250000005,46.7345375,46.359584375000004,45.694740625,45.41407812500001,45.490865625,45.26594999999999,44.902903124999995,44.24923749999999,44.41392812499999,44.078034375,42.8943,43.374334375,42.52518437500001,42.32589062500001,41.89253125,41.334225,40.006781249999996,40.369528125,38.693628125,39.81431874999999,38.33341875000001,38.768753124999996,36.648775,36.56558125,35.96566875,36.601521874999996,36.00965,37.318109375,35.87643125,36.546003125,35.969115625,36.496078125,36.002562499999996,38.536696875000004
47.44405000000001,46.151815625,46.156878125,46.662006250000005,46.145256249999996,45.498775,45.329503125,45.50772812499999,44.8333875,44.590346874999994,44.288640625000006,44.47973749999999,43.95801249999999,42.925518749999995,43.32620625,42.67994062500001,42.196518749999996,41.67935937500001,41.24408125000001,40.060525,40.41415625,38.654450000000004,39.77983125,38.114671875000006,38.629165625,36.354053125,36.375715625000005,35.98941875,36.610653125,36.102284374999996,37.313762499999996,35.87085937500001,36.588334374999995,36.095728124999994,36.508759375,36.041143749999996,38.60460937500001
47.44405000000001,46.19101562499999,46.131131249999996,46.61223749999999,46.151325,45.614503125000006,45.3430625,45.24397812499999,44.78110625,44.440425000000005,44.260884375,44.413009374999994,43.917762499999995,42.739190625,42.960790625,42.38373125,41.901171875,41.361975,41.27028437500001,39.9784875,40.279346874999995,38.646540625,39.80477500000001,38.15721875,38.64053749999999,36.27178125,36.389675000000004,35.9284875,36.50793124999999,36.045256249999994,37.246528125,35.851543750000005,36.59925,35.93687500000001,36.428121875,35.776784375,38.587371874999995
47.44405000000001,46.135684375,46.07492499999999,46.481187500000004,46.07483437500001,45.438271875,45.360590625,45.31803437499999,44.947790625,44.17301875,44.152221875,44.268228125,44.032762500000004,42.585381250000005,42.899034375,42.454125,41.815121875,41.34793125,41.34091562500001,40.120287499999996,40.276199999999996,38.742337500000005,39.655778125000005,38.054640625000005,38.443234375,36.26451875,36.284687500000004,35.9210875,36.393471874999996,36.069265625,37.016190625,35.910281250000004,36.637234375,36.152134375,36.503553124999996,35.766190625,38.56354375000001
47.44405000000001,46.14103125,46.0762875,46.321931250000006,46.199465625,45.449431249999996,45.119096875,45.145840625,44.954503125,44.064899999999994,43.91907500000001,44.0758125,43.91759375,42.68754999999999,42.54314374999999,42.393496875,41.699078125,41.163903125000004,41.397396875000005,40.064165624999994,40.28359687499999,38.77358125,39.540478125,37.951421875,38.538446875000005,36.206565624999996,36.295131250000004,35.885915625,36.485828125,36.1386,37.018184375000004,35.88854375,36.706390625,36.12226875,36.453231249999995,35.70524375,38.44168437500001
47.44405000000001,46.34697187500001,46.061325,46.311446875,46.057378125,45.369128124999996,45.243246875,45.13055312499999,44.929109374999996,44.004396875,44.13193749999999,43.955540625,43.79079375,42.431696875,42.558303124999995,42.33400312500001,41.3962625,41.187659374999996,41.176015625,39.9236875,40.251621875,38.552965625000006,39.531278125,37.99977500000001,38.35724999999999,36.215871875,36.466209375000005,36.001346874999996,36.407640625,36.12519375,37.194946875,35.812625,36.734337499999995,36.1953625,36.56715625,35.86851250000001,38.48458125
47.44405000000001,46.29596875000001,46.0369125,46.23788437499999,46.230565625,45.41049062500001,45.215040625,45.04039374999999,44.70604687499999,43.96620625,43.93420312499999,43.863981249999995,43.7760875,42.461703125,42.299953125,42.342449999999985,41.22684687500001,41.16042812499999,41.184000000000005,39.963965624999986,40.076309374999994,38.562406249999995,39.38159687499999,37.85470625,38.43124375000001,36.19158437499999,36.285571874999995,35.851190625,36.505915625,36.02591875,37.189859375,35.868253124999995,36.721174999999995,36.2440875,36.593287499999995,35.722834375000005,38.30936875
47.44405000000001,46.18969687499999,45.95737187499999,46.011721875000006,46.01399375,45.416109375,45.179146874999994,45.017103125000006,44.65366875,43.941175,43.935096875,43.607965625,43.636653125,42.269628125,41.977231249999996,42.27991875,40.766565625,40.954193749999995,41.14427812500001,39.922703125,40.087450000000004,38.38114375,39.378490625000005,37.504025000000006,38.175884375,36.17672499999999,36.474312499999996,35.764775,36.616253125,36.19234062500001,37.267171875,35.89571874999999,36.747571875,36.302503125,36.700450000000004,35.970146875000005,38.249515624999994
47.44405000000001,46.251428125000004,45.950968749999994,46.163821875000004,45.903231250000005,45.42349062500001,45.217090625,44.810228124999995,44.3445625,43.82229375000001,43.76085937500001,43.586324999999995,43.55449062499999,42.03133125,41.73978125000001,42.223071875,40.529790625,40.76222812499999,41.25741875,40.253653125,40.132525,38.429493750000006,39.26545,37.5383375,38.129978125,36.023865625,36.39492812499999,35.80441249999999,36.78339375,36.213740625000014,37.43005625,35.97636875,36.884796875,36.485590625,36.601234375000004,36.03016875,38.450181250000014
47.44405000000001,46.228190625,45.84916249999999,46.20310937500001,45.9576375,45.634471875,45.12444999999999,44.583793750000005,44.46818125,43.653453125000006,43.699221875000006,43.377418750000004,43.54103125000001,41.74473750000001,41.355675,41.964443749999994,40.136921875,40.656612499999994,41.22520625,40.21158125,40.12356874999999,38.37596875,39.2220375,37.48068125,38.04763125,36.082668749999996,36.513721875,35.748949999999994,36.712587500000005,36.357571875000005,37.435171875,36.036778125,36.909659375000004,36.352528125,36.666753125,36.02114687499999,38.462706250000004
47.44405000000001,46.23413437500001,45.89951562500001,46.092650000000006,45.95896875,45.467275,44.930674999999994,44.53617499999999,44.586437499999995,43.357693749999996,43.47691250000001,43.280515625,43.42446875000001,41.7925,41.26590937499999,41.903565625,40.15321875000001,40.752234375,41.163856249999995,40.191900000000004,40.236146874999996,38.44680937500001,39.102334375000005,37.27403437500001,37.916846875000005,36.146981249999996,36.50169375,35.787231250000005,36.831859375,36.463509375,37.333840625,36.0796625,37.02057812500001,36.567928125,36.751000000000005,36.146178125,38.526534375
47.44405000000001,46.275112500000006,45.799775,46.18164999999999,46.06136562500001,45.474306250000005,44.78373124999999,44.290109375,44.55979375,43.10827187499999,43.372753125,43.182409375,43.052093750000004,41.91847500000001,41.04694375,41.611028125000004,40.0624875,40.6151,41.116953125,40.102740624999996,40.227953124999985,38.489959375000005,39.0675625,37.25715,37.951187499999996,35.990165624999996,36.440971875,35.719990624999994,36.944646875000004,36.699775,37.43731875,36.13855,36.973078125,36.507453125,36.79161875,36.134490625,38.48799687500001
47.44405000000001,46.280706249999994,45.958834375,46.06253749999999,45.889065625,45.378728124999995,44.850825,44.206731250000004,44.524346875000006,42.82468125,43.5412875,42.99053125000001,42.95057812500001,41.60583437500001,41.15696562499999,41.53491875,39.80265312499999,40.65133125,40.89965000000001,39.885740625,40.13311875,38.198365625,39.08075625,37.299893749999995,37.832596875,35.977850000000004,36.520900000000005,35.754578124999995,36.94581875,36.585203125,37.57813125,36.126487499999996,36.896175,36.468434374999994,36.932253125,36.151065624999994,38.480078125000006
47.44405000000001,46.12228125,45.85011562500001,45.913706250000004,45.94613125000001,45.32321875,44.64972812500001,44.03244062500001,44.29615,42.74998125,43.3963,42.838121875,42.7883125,41.53017187499999,40.9077,41.523362500000005,39.606459375,40.566271875,41.033175000000014,39.9500375,40.04473749999999,38.04683125,38.957865625,37.273731250000004,37.863843749999994,36.036640625000004,36.473006250000005,35.6196125,37.059362500000006,36.670965625,37.567028125,36.24498125000001,37.134996875,36.54826562499999,36.996834375000006,36.17289999999999,38.455690625
47.44405000000001,46.102840625,45.839040625,45.92232500000001,45.84924375,45.28807187500001,44.695465625000004,43.921515625,44.288528125,42.69805312499999,43.340365625000004,42.565681250000004,42.51718125000001,41.556915624999995,40.839549999999996,41.28376875,39.426050000000004,40.52865,40.899371875000014,39.711634374999996,40.003040625,38.06230624999999,38.771365625,37.02874375,37.833131249999994,36.09292812500001,36.55606250000001,35.65305312500001,36.932212500000006,36.937325,37.652478124999995,36.28914375000001,37.080396875,36.695696875,37.11622187500001,36.44721874999999,38.44373125
47.44405000000001,46.27664375000001,45.774278124999995,46.033362499999996,45.819174999999994,45.308390625,44.773196875,43.6891375,44.19845625000001,42.608790625,42.9631625,42.427665625,42.40988437500001,41.468446875,40.758296874999985,41.24622500000001,39.510625,40.42358125,40.80043437500001,39.847871874999996,40.061331249999995,38.084199999999996,38.736828124999995,37.208887499999996,37.881190624999995,36.117368750000004,36.66176250000001,35.72307812500001,37.144553125,37.046190624999994,37.90279062500001,36.547565625000004,37.27149375,36.84199999999999,37.133109375000004,36.50954062499999,38.69383125
47.44405000000001,46.249253125,45.715531250000005,46.07291562499999,45.75189687499999,45.284746875,44.69745624999999,43.74529375,44.263071875,42.45398437499999,42.816475,42.236990625000004,42.38190625000001,41.18900624999999,40.82649375,41.220346875000004,39.1389875,40.46665625,40.56261875000001,39.684278125,39.968487499999995,37.86014375,38.71513125000001,37.062540625000004,37.90028749999999,36.093243750000006,36.559790625000005,35.860487500000005,37.0558875,37.2483625,37.88523437500001,36.655065625000006,37.368634375,36.787103124999994,37.31495937500001,36.6200875,38.740246875
47.44405000000001,46.35951249999999,45.75662187500001,45.94451875,45.72823124999999,44.98818125,44.729571875,43.778575000000004,44.159196875000006,42.47665624999999,42.622803125,42.078484375,42.132878125,40.99080625,40.5673875,41.13875937500001,39.17345625,40.360484375,40.33270625,39.45362812500001,39.76565625,37.60976874999999,38.615878124999995,37.075615625,37.8388875,36.184365625,36.613125000000004,35.884528125,37.298418749999996,37.30503437499999,37.973990625,36.765884375000006,37.461724999999994,36.8986625,37.374684375,36.721487499999995,38.816840625000005
47.44405000000001,46.40279687500001,45.602653124999996,46.13975,45.737396875,45.002734374999996,44.73208125,43.585062500000014,43.94180625,42.564321875,42.57973750000001,42.03569375,41.83960312499999,41.015209375,40.68585625,40.992459375,39.115625,40.078446875000004,40.237465625,39.330303125,39.63507812500001,37.63321875,38.62813750000001,37.00625,37.84214374999999,36.173325,36.52685625,35.78200625000001,37.208165625,37.3178875,38.117978125,36.956756250000005,37.42819999999999,36.904478125,37.410415625000006,36.777375,38.72783125
47.44405000000001,46.25367812499999,45.722821874999994,46.029275,45.60926875,44.924074999999995,44.65265625000001,43.665584375,43.914821875,42.497462500000005,42.600534374999995,41.92437187499999,41.66051562499999,40.827184374999995,40.70991562500001,40.69821875000001,39.107396875000006,40.07350937499999,39.92739375,39.02060625,39.458796875,37.3986875,38.525975,37.129665625,37.763299999999994,36.232553125,36.614009375,35.91111875000001,37.22793125,37.215646875,38.259571875000006,36.962534375000004,37.45240312499999,36.988678125,37.483284375000004,36.858093749999995,38.829718750000005
47.44405000000001,46.24984999999999,45.631990625,45.99299999999999,45.5469,44.82695937500001,44.666153125,43.539503124999996,43.765793750000014,42.46446562500001,42.51495312499999,41.808978125,41.391865625,40.8616125,40.70531250000001,40.608206249999995,39.274865625,39.963796875,39.90776874999999,38.98406562500001,39.419909375,37.3384375,38.420987499999995,37.152984375,37.65282812499999,36.237471875,36.462590625000004,35.788890625,37.14663125,37.25495937499999,38.206193750000004,36.909615624999994,37.674096875,36.986215625,37.48791250000001,36.853168749999995,38.79830625
47.44405000000001,46.254574999999996,45.604771875,46.059281249999984,45.40079062499999,44.70809062500001,44.682159375,43.432778125,43.58644062499999,42.210971875000006,42.39503124999999,41.761665625000006,41.263775,40.59380937499999,40.540368750000006,40.31481875,39.214596875,39.849296875,39.709362500000005,38.624643750000004,39.378756249999995,37.306478125,38.319565624999996,37.16014375,37.560734374999996,36.329046875,36.453253125,35.939484375000006,37.020515625,37.47173124999999,38.15808749999999,36.999171874999995,37.600112499999994,37.065940625,37.594578125000005,36.86693124999999,38.81495
47.44405000000001,46.39798437499999,45.612059374999994,45.94572187499999,45.32750625,44.678609375,44.59141875,43.33086875,43.49863125,42.05134062500001,42.080096874999995,41.607896874999994,41.28059999999999,40.476025,40.471846875000004,40.38899375,39.31974687500001,39.622203125,39.387771875,38.583756250000015,39.318912499999996,37.214440624999995,38.35560625,37.180696874999995,37.55875625,36.1279125,36.446031250000004,35.83024375000001,36.9927875,37.24476875,38.204756249999996,37.0163375,37.719906249999994,36.957596875,37.533821875,36.68895625,38.941709375
47.44405000000001,46.3976875,45.54616249999999,45.93466875,45.28475000000001,44.519393750000006,44.4391125,43.399146875,43.44156875,41.950284374999995,42.09272499999999,41.570253125,41.190696875,40.310928125,40.651578125,40.17443749999999,39.086915625,39.597618749999995,39.24949375,38.22979062500001,39.09225,37.07456249999999,38.344846875,37.122696875,37.516171875,35.925171875000004,36.246825,35.866890625,36.693640625,37.29079062499999,38.064440624999996,37.006325000000004,37.694175,36.9395375,37.51653125000001,36.66420625,38.90842500000001
47.44405000000001,46.465890625000014,45.502059374999995,45.869862499999996,45.397525,44.30031875,44.29996875,43.33866874999999,43.239115625000004,42.13318437499999,42.22418124999999,41.491509375,41.023471875000006,40.275968750000004,40.464296875,40.095153125,39.095428125000005,39.3282625,39.1643375,37.96760312500001,38.8232375,36.96405937499999,38.240765625,36.919378125,37.351796875,36.052903125,36.42350625,35.627671875000004,36.665121875,37.097346875,38.068543749999996,36.97316562500001,37.6008875,36.813575,37.444153125,36.621115625,38.87280937500001
47.44405000000001,46.456015625000006,45.35532499999999,45.90896562500001,45.5354875,44.243046875000005,44.11935624999999,43.276184375,42.94776562499999,42.234943749999985,42.2149125,41.473359375,40.97314375,40.229665624999996,40.53478125000001,39.96396875000001,39.05061562499999,39.10238125,39.150375,37.786503125,38.86738125,36.90172187499999,38.201724999999996,36.8911,37.4289125,36.008509375,36.3738875,35.53792500000001,36.575603125,36.785303125,37.89991875,36.86517500000001,37.59784375,36.72636249999999,37.428778124999994,36.571821875,38.734940625000014
47.44405000000001,46.36087500000001,45.4486125,45.77216875000001,45.32574687500001,44.23890937499999,44.166231249999996,43.404928125,43.015334374999995,42.11729374999999,42.011,41.31790624999999,40.890753125,39.83732187500001,40.41559375,39.737068750000006,39.000209375000004,39.23144375,38.920618749999996,37.60949062500001,38.637043750000004,36.809346874999996,37.970437499999996,36.94708125,37.360318750000005,35.918456250000006,36.384750000000004,35.637337499999994,36.45714687500001,36.657646875,37.955071874999994,36.71435000000001,37.528775,36.7111375,37.41587187500001,36.554709374999995,38.80042812500001
47.44405000000001,46.421640625,45.444409375,45.851318750000004,45.312246875,44.26152187500001,44.252153125,43.34345,42.77733125,42.181153124999994,41.512271874999996,41.311768749999985,40.86527812500001,39.79893437500001,40.347540625,39.863584375,39.00475625,39.045984374999996,38.90348125,37.751540625,38.64907812500001,36.799090625,37.941409375,36.739009375,37.278228125000005,35.7898875,36.1934625,35.422771874999995,36.3105875,36.583296875,37.7872875,36.539612500000004,37.44862500000001,36.505521875,37.29560625,36.474728125,38.665209375
47.44405000000001,46.39873125,45.457171875,45.95360624999999,45.26610000000001,44.172734375000005,44.117890625,43.324853125000004,42.537409374999996,42.176171875,41.47365625,41.491321875,40.84360937500001,39.529165625000005,39.996721875000006,39.673309374999995,38.766709375000005,38.8313,38.679509375,37.544584375,38.63834687500001,36.6888125,38.01364375,36.703425,37.21949375,35.93534687500001,36.281303124999994,35.635999999999996,36.371737499999995,36.699975,37.746440625000005,36.583853125000005,37.370318749999996,36.546106249999994,37.208125,36.490396875,38.703365625
47.44405000000001,46.56860312499998,45.416718749999994,45.8416,45.405715625,44.22132187499999,44.05795937500001,43.49141562500001,42.613315625000006,42.270934374999996,41.45940625,41.2923375,40.827665624999995,39.57441875,39.974221875000005,39.644396875,38.803903125,38.698240625,38.514071875,37.573503125,38.45935625,36.614371875,37.91111875,36.54045000000001,37.16075312499999,35.652425,36.232556249999995,35.384396875,36.28105624999999,36.374300000000005,37.71807187500001,36.384318750000006,37.2047125,36.32363749999999,36.98473125,36.35594375,38.60455
47.44405000000001,46.546734374999986,45.41901250000001,45.750165625,45.421153125000004,44.001553125,43.943421875000006,43.43415937500001,42.550090625,42.13523437500001,41.593575,41.327337500000006,40.74841562499999,39.498943749999995,40.075025000000004,39.278809375,38.6294125,38.6756125,38.74855625000001,37.352953125,38.32517500000001,36.399496875000004,37.819965625,36.53470625,36.953109375,35.740509374999995,36.21481875,35.37624374999999,36.316287499999994,36.38624375,37.684165625,36.39368437500001,37.062621875,36.330490625,36.886071875000006,36.366628125,38.51455
47.44405000000001,46.46912499999999,45.46330625,45.709343749999995,45.55238124999999,43.86252187499999,43.74038125,43.39363125,42.4211875,42.13592812500001,41.684568750000004,41.33945625,40.622065625000005,39.547684374999996,39.918912500000005,39.295403125,38.52009062500001,38.414928125,38.843609375,37.3327,38.338871874999995,36.449334375,37.770184375,36.29144375,36.8823875,35.6768,36.32095937499999,35.23458125,36.374731249999996,36.269921875,37.582893750000004,36.328393750000004,37.0099875,36.1556375,36.801218750000004,36.1268125,38.55672812499999
47.44405000000001,46.3851375,45.470499999999994,45.644293749999996,45.63433749999999,43.7946625,43.73292500000001,43.301184375000005,42.317684375000006,41.981075,41.52516875,41.399609375000004,40.621750000000006,39.351775,39.75220625,39.07303437499999,38.50189999999999,38.296606249999996,38.855962500000004,37.215403125,38.545421874999995,36.489865625,37.80181875,36.58634375,36.9876625,35.437821875,36.23149687499999,35.35943125,36.50296875,36.2105375,37.452678125000006,36.3374,36.8954125,36.14465625,36.811890625000004,35.977521875,38.436590624999994
47.44405000000001,46.250912500000005,45.522503125,45.518275,45.399353125000005,43.949365625000006,43.891828125,43.373725,42.54292187499999,41.569084375,41.37024687500001,41.303571875,40.58318125,39.109346875,39.7900625,39.049868749999995,38.505321875,38.574203125,38.888903125,37.338653125,38.393928125,36.71781875,37.660428124999996,36.506137499999994,36.8641375,35.424324999999996,36.236012499999994,35.360815625,36.39943125,36.244959375,37.539515625,36.36509375,36.752034375,36.178359375,36.797137500000005,36.004434375,38.472146875
47.44405000000001,46.306715624999995,45.562234375,45.578374999999994,45.6360375,43.93283125,43.887525,43.279696875000006,42.4135625,41.735781249999995,41.029321874999994,41.34167187499999,40.638475,39.27225625,39.594803125000006,39.221531250000005,38.40546875,38.360834374999996,38.969034375,37.473465624999996,38.564653125,36.696753125,37.788943749999994,36.46001875,36.93135,35.5493,36.22589375,35.265696874999996,36.535956250000005,36.27114375,37.49161875,36.245971874999995,36.71055,36.059440625,36.65411250000001,36.121034374999994,38.53681562500001
47.44405000000001,46.188115625,45.57472812500001,45.43724999999999,45.73133125,43.938725000000005,43.748062499999996,43.27204375,42.444765625,41.875018749999995,41.466084374999994,41.266171875,40.669846875,39.24269375,39.466578125,39.255178125,38.256459375,38.36379687499999,38.798843749999996,37.259853125,38.567884375,36.734915625,37.87256562499999,36.518396875,36.95318124999999,35.76169374999999,36.350868750000004,35.462681249999996,36.705231250000004,36.36463125,37.55051875,36.27361249999999,36.84935625,36.114318749999995,36.58515625000001,36.25994375,38.536278124999995
47.44405000000001,46.347281249999995,45.42184375000001,45.367540625000004,45.873784375,44.0505375,43.841121875000006,43.4301875,42.59525,41.89795625000001,41.4886,40.99940312499999,40.770978125,39.22805,39.44396875000001,39.16160625,38.222106249999996,38.35869999999999,38.928637499999994,37.437321875,38.481528125,36.780065625000006,37.776365625,36.424628125,36.946784375,35.7099875,36.319562499999996,35.24429375,36.605362500000005,36.252728125000004,37.561840624999995,36.257684375,36.720940625000004,36.013293749999995,36.54717812500001,36.26392187500001,38.43467187500001
47.44405000000001,46.30218437499999,45.596628125,45.38139375,45.760015624999994,43.95956249999999,43.797528125,43.31148437499999,42.429440625,41.72751875,41.488425,41.095746875,40.78248437500001,39.193578125,39.50181250000001,39.19806562499999,37.95125937499999,38.30139375,39.087840625,37.467103125,38.518253125,36.658068750000005,37.874771875,36.434303125,36.904587500000005,35.88625,36.209159375,35.33236874999999,36.84514375,36.20082500000001,37.70097499999999,36.369668749999995,36.760321875,36.123953125,36.64115000000001,36.385768750000004,38.58027187500001
47.44405000000001,46.28144062499999,45.68476875,45.472340624999994,45.709425,43.89357812499999,43.84794375,43.321749999999994,42.28338749999999,41.804331250000004,41.4168375,41.14682812499999,40.761250000000004,39.174793750000006,39.237256249999994,39.36264375,37.76721562499999,38.18834375,39.134965625,37.666971875,38.735378125,36.92014062500001,38.037153125,36.385009374999996,37.078521875,35.65260624999999,36.283756249999996,35.434518749999995,36.876171875,36.431296875,37.659212499999995,36.337256249999996,36.711743750000004,36.146134375,36.695790625,36.268940625,38.67755937500001
47.44405000000001,46.185790625,45.651124999999986,45.458646875,45.708546874999996,44.01759374999999,43.922784375,43.142565624999996,42.27584375,41.592246875,41.38989375,41.277712499999986,40.84659062499999,39.01610625,39.042728125,39.409456250000005,37.675140625,38.265553125,39.099712499999995,37.768546875,38.70394687499999,37.04543125000001,38.09640937500001,36.645065625,37.169075,35.75401875,36.22451562500001,35.632540625,36.977250000000005,36.451578125,37.720675,36.384356249999996,36.64066875,36.17136875,36.675278125000006,36.538621875000004,38.6244375
47.44405000000001,46.072346875,45.72719375,45.380587500000004,45.548084375,44.27504374999999,43.92452812500001,43.31238437499999,42.384043750000004,41.32920625,41.45346562500001,41.25904062499999,40.81214062499999,39.215540624999996,39.040471874999994,39.462390625,37.792071875000005,38.506562499999994,39.236940625,37.972465625000005,38.645921875,37.290521875,38.068946875,36.5508375,37.195290625,35.949634374999995,36.3154125,35.581962499999996,36.854459375,36.615025,37.77955312500001,36.32228125,36.592840625,36.24685000000001,36.671231250000005,36.6854625,38.69930625000001
47.44405000000001,46.188,45.72670625,45.48948125000001,45.55844062499999,44.07227499999999,43.856015625000005,43.174296874999996,42.35800937500001,41.60276875,41.496053125,41.355862499999986,40.916690624999994,39.452265624999995,38.954140624999994,39.53459062499999,37.666934375,38.28447812500001,39.25959374999999,37.94286875,38.817865625,37.291540625,38.308093750000005,36.652071875000004,37.343034375,36.051137499999996,36.4332625,35.733784375,36.989293749999995,36.676465625000006,37.737484375,36.329715625,36.684971875,36.323528124999996,36.563771875,36.753425,38.79010625
47.44405000000001,46.06931562500001,45.663234375,45.37411250000001,45.45312187500001,44.07360937499999,43.717337500000006,43.19582812499999,42.46412500000001,41.481837500000005,41.97635625,41.19719375,41.011628124999994,39.435934374999995,39.1382125,39.702706250000006,37.627721875,38.561006250000005,39.369040625,37.88793125,38.791831249999994,37.28489375000001,38.350390625,36.803693749999994,37.329553125000004,36.11525312499999,36.57130625,35.839290625000004,37.0503875,36.73611875,37.697162500000005,36.344465625,36.857653125,36.32620312499999,36.65440625,36.6878875,38.74841562500001
47.44405000000001,46.314515625,45.59354374999999,45.486365625000005,45.436328125,44.165753124999995,43.685259374999994,43.234534374999996,42.440196875000005,41.434396875,42.07727500000001,41.2100375,41.07681875,39.3749375,39.15440625,39.5763125,37.66097812499999,38.637771875000006,39.661087499999994,38.172690625,38.879181249999995,37.28439375000001,38.40806875,36.864365625,37.3930125,36.245090625,36.639006249999994,35.820653125,36.883025,36.6719,37.769953124999994,36.326637500000004,36.86355625,36.279849999999996,36.782071875,36.598318750000004,38.761025000000004
47.44405000000001,46.310803125,45.85437812499998,45.51581875000001,45.328071875000006,44.154499999999985,43.56405937499999,43.05999374999999,42.311493750000004,41.41830625,42.179815625,41.3861875,41.01736875,39.61110312499999,39.33265,39.786753125000004,37.65648125,38.79120000000001,39.640771875000006,38.10563125,39.04161562499999,37.466053125,38.617149999999995,37.007203125000004,37.460378125,36.297209375,36.55955,36.020868750000005,37.090928125,36.689096875000004,37.9107125,36.360515625000005,36.92976875,36.449784375,36.831896875,36.76125,38.969809375
47.44405000000001,46.284334375,45.901546874999994,45.75101875000001,45.4238375,44.255381249999985,43.62344374999999,43.064359374999995,42.422812500000006,41.61629375,41.889728125000005,41.57438125,41.158946875,39.831490625,39.293015625,39.895243750000006,37.749759375000004,38.972334375,39.77377812500001,38.3956625,39.274340624999994,37.867506250000005,38.753128124999996,37.0715,37.70871875,36.211809375,36.7933,36.2386375,37.177440624999996,37.009206250000005,37.917565624999995,36.39200625,36.899921875000004,36.4533,36.831303125,36.8117125,38.97165937500001
47.44405000000001,46.266334375,45.882953125,45.87767500000001,45.475424999999994,44.553328125,43.67642499999999,43.10085624999999,42.636340624999995,41.538603125,41.954775,41.62567187500001,41.365334374999996,39.767853125,39.432843749999996,40.12349375,37.78108125,39.102328125,39.796559375,38.66135,39.200896875,37.881925,38.848721875,37.261559375000004,37.79726875,36.491371875,36.765331249999996,36.35282500000001,37.296134375,36.944553125,37.96447499999999,36.33205625000001,37.118,36.404240625,36.70216249999999,37.07219375,39.00571250000001
47.44405000000001,46.30875625,45.904278125,45.860934374999985,45.43419375,44.60277187500001,43.64414062499999,43.28411249999999,42.678703125,41.703171875,42.043906250000006,41.606471875,41.548159375,39.8447125,39.534784375,40.18649687500001,37.96634062499999,39.274278125,40.0311125,38.777175,39.399990625,37.864390625000006,39.009790625,37.467784375,37.894190625,36.6508625,37.029759375,36.46050625,37.345515625000004,37.021915625000005,37.96809687499999,36.246246875000004,37.197471875000005,36.562103125,36.783784374999996,36.976915625000004,39.03907500000001
47.44405000000001,46.445724999999996,45.7763875,46.00894687499999,45.331840625,44.408696875000004,43.7018125,43.264912499999994,42.672196875,42.104915625000004,42.19063437499999,41.685753125,41.793625,40.0537875,39.856109374999996,40.519634374999995,37.96239375,39.2573125,40.157953125,38.86845625,39.634896875,37.850218749999996,39.351128125,37.555759374999994,38.062431249999996,36.69904999999999,37.18199375,36.669421875000005,37.514996875,37.031603125,38.033075,36.4368375,37.301603125,36.71172812500001,36.674418749999994,36.964015625,39.04115937500001
47.44405000000001,46.42145,45.834540625,45.998040624999994,45.352265625,44.557015625,43.7102125,43.40141249999999,42.73192812499999,42.117465625,42.35052187499999,41.780934374999994,41.72538125,40.47686562500001,40.386078125000004,40.627784375000005,38.3380375,39.78023125000001,40.35484687500001,38.937996875,39.65665,37.987640625000004,39.48848125,37.907824999999995,38.22323750000001,36.961215625,37.371175,36.734946875000006,37.76897812500001,37.255265625,38.18350624999999,36.491881250000006,37.38705625,36.755459375,36.812599999999996,36.843140625,39.02315000000001
47.44405000000001,46.529237499999994,45.874443750000005,46.10502187499999,45.41857812500001,44.669953125000006,43.788953125,43.52410625,42.74484062500001,42.3272125,42.45567812499999,42.014165625000004,41.769381249999995,40.768478124999994,40.695100000000004,40.6198375,38.845749999999995,39.90921875,40.492681250000004,39.203312499999996,39.7901625,38.20830625,39.7154,38.045671875,38.43800625000001,37.065653125000004,37.46030625,36.809256250000004,37.70309375000001,37.2757,38.35871562499999,36.55791562500001,37.33200625,36.74328437500001,36.87611249999999,36.742240624999994,39.07096250000001
47.44405000000001,46.526399999999995,46.04081562499999,46.104475,45.21183125,44.59901562500001,43.84399375,43.463815624999995,42.91539374999999,42.402984375,42.4918125,42.25018125,41.790587499999994,40.745428125,40.90563125000001,40.96976250000001,38.96050625,40.160418750000005,40.57986875,39.1735125,39.88839062499999,38.314409375,39.940090624999996,38.419859375,38.66013125,37.317709375,37.713024999999995,37.0212375,38.00124687500001,37.5280625,38.448321875000005,36.770590625000004,37.34949999999999,37.05620312500001,36.89842499999999,36.9375,39.196628125
47.44405000000001,46.453928125,45.932321875,46.246690624999985,45.289021875,44.808521875,43.918284375,43.61673437500001,43.15945,42.577059375,42.10880312500001,42.380284375,42.05384062500001,40.962146875,41.16162500000001,41.15484687500001,39.331971875,40.33690937499999,40.85255,39.55826874999999,40.073703124999994,38.49666875000001,40.054203125,38.546493749999996,39.03481875,37.264046875,37.959206249999994,37.20404375,38.127193749999996,37.696071874999994,38.526715625,36.94456875,37.43600625,36.998790625000005,37.01335937499999,36.843496875,39.29140937499999
47.44405000000001,46.517928125,45.986728125,46.258334375,45.284721874999995,45.01310625000001,43.971740624999995,43.790115625000006,43.320115625,42.776359375,42.51534687499999,42.369681250000006,42.16212187499999,40.972128125,41.50135625,41.12645937500001,39.73298750000001,40.441212500000006,40.934321874999995,39.618909375,40.204534374999994,38.68543125,40.175009375,38.83150625,39.198696875,37.488140625,38.0850125,37.282512499999996,38.22895625000001,37.68105625,38.60975,36.967196875000006,37.722625,37.063221875,37.044171874999996,36.879659375,39.337953125
47.44405000000001,46.4968,45.863984375,46.336384375,45.374859375,44.891240624999995,43.86253749999999,43.90585625000001,43.41089374999999,43.02810625,42.78410312500001,42.49954062500001,42.321365625,41.137890625,41.837046875000006,41.1152125,40.003515625000006,40.574865625,41.168437499999996,39.674015624999996,40.506065625,38.765546875,40.44060625,38.94044375,39.26948437499999,37.72340625,38.3604375,37.48175,38.39855625,37.655875,38.675815625,37.161693750000005,37.779146875,37.349371875,37.201587499999995,36.92640937499999,39.38963437499999
47.44405000000001,46.568334375000006,45.896934375,46.335271875000004,45.380799999999994,44.97551875,44.011015625,44.1230875,43.485606250000004,43.2994625,43.036559374999996,42.56680625,42.51406562500001,41.291128125,41.999690625,41.514865625,40.301750000000006,40.778053125,41.23748124999999,39.74585,40.699190625,38.83105312499999,40.67174375,39.028396875,39.417428125,37.884759374999994,38.44076249999999,37.536618749999995,38.644850000000005,37.66846875,38.932871875,37.342946874999996,37.89535625,37.380615625000004,37.28960625,37.023146875,39.39546562499999
47.44405000000001,46.57240000000001,46.017784375000005,46.34158124999999,45.60116875,45.1963125,44.08635937499999,44.155725,43.546640625,43.46068124999999,42.9225625,42.7581875,42.52109375,41.48278125,42.334556250000006,41.4211375,40.631871874999995,41.21840625,41.128809375,39.89116875,40.64942187500001,39.095690624999996,40.70004375,39.346821875,39.57304062499999,38.139403124999994,38.527996875,37.639709374999995,38.85163750000001,37.85287187499999,39.128559375,37.400559375,38.020581250000006,37.40135625,37.49859375,37.043668749999995,39.371750000000006
47.44405000000001,46.61821562500001,45.97140937500001,46.392374999999994,45.741412499999996,45.31094374999999,44.315728125,44.202703125000006,43.80037187500001,43.764565624999996,42.72225937499999,42.8925,42.77837187499999,41.56518749999999,42.32103124999999,41.554378125,41.02768125,41.177621875,41.1793375,40.271578125,40.69413750000001,39.32297187499999,40.844896874999996,39.275212499999995,39.686325,37.97834374999999,38.455828125,37.62769374999999,38.75574375,37.81013125,39.301793749999995,37.513406249999996,37.98326562500001,37.27275625,37.51811875,37.154715625,39.416856249999995
47.44405000000001,46.676050000000004,45.99311875000001,46.31751874999999,45.56156875,45.294646875,44.495025000000005,44.232584375,43.915884375000005,43.869724999999995,42.76034375000001,43.130209375,42.81035625000001,41.447503125000004,42.199324999999995,41.770984375,40.891149999999996,41.24852812499999,41.084434375,40.26330625,40.745103125,39.29861875,40.9569125,39.536071875,39.83800937499999,38.28693125,38.65841875,37.715659374999994,38.871674999999996,37.96139687499999,39.27616875,37.695546875,38.1219625,37.42916875,37.557821875,37.474146874999995,39.4088625
47.44405000000001,46.61886249999999,45.965934375,46.314271875,45.74691562499999,45.4206,44.658837500000004,44.32928125000001,44.02916874999999,43.990509374999995,42.75904062499998,43.180843749999994,42.984275,41.872965625000006,42.44619375,41.70851875,41.310643750000004,41.38957187500001,41.311621875,40.412774999999996,40.93511875,39.413184375,40.90646562500001,39.46109999999999,39.912034375,38.05732187499999,38.61816875,37.72735,38.883078125,37.864475,39.215246875000005,37.81929375,38.175575,37.255278125000004,37.690265625,37.260071874999994,39.466162499999996
47.44405000000001,46.64646875,46.108871875000006,46.154265624999994,45.85718125000001,45.3154375,44.68427187499999,44.4527625,44.07269375,44.18345000000001,43.234996875,43.292443750000004,43.04766562499999,41.99518125,42.53323125000001,41.599721875000014,41.47778124999999,41.485640625,41.39673125,40.350478125,40.923784375,39.472890625,40.986990625,39.6231,39.855190625000006,38.351662499999996,38.80233750000001,37.75899375000001,38.91138125,37.76135625,39.166662499999994,37.822740624999994,38.29234375,37.287581249999995,37.746109374999996,37.38219374999999,39.39401875
47.44405000000001,46.5168125,45.965871875,46.259503124999995,45.921515625000005,45.09983750000001,44.72667812499999,44.46803437500001,44.13550000000001,44.07919375,43.51403125,43.5054125,43.092812499999994,42.22449375,42.681774999999995,41.86338437500001,41.50300624999999,41.481928125,41.594878125,40.530293750000006,41.083353124999995,39.502312499999995,41.206103125,39.447184375,39.846940625,38.38844687499999,38.784134375,37.810471875,38.987425,37.797012499999994,39.12103125,37.97180937500001,38.304065625,37.4680125,37.775918749999995,37.38192187499999,39.434140625
47.44405000000001,46.486434375,46.176165624999996,46.042446875,45.936940625000005,45.271074999999996,44.957640625,44.634475,44.161612500000004,44.097787499999995,43.64675312499999,43.59761562499999,43.209653124999996,42.247943750000005,42.46462499999999,42.049293750000004,41.696434374999995,41.566471875000005,41.599628124999995,40.54719374999999,41.071759375,39.5992375,41.164803125000006,39.65857812499999,39.940906250000005,38.2905125,38.758771875,37.824496875,39.04798124999999,37.83106875,39.2319875,37.983321875,38.320912500000006,37.31590625,37.84966874999999,37.334903125,39.316665625
47.44405000000001,46.50085312499999,46.178790625000005,46.1042625,46.112721875,45.29636562499999,45.00298125,44.47671875000001,44.19654375,44.09159687499999,43.50342499999999,43.744721874999996,43.283596875,42.336743750000004,42.628387499999995,41.982003125,41.69146250000001,41.69550312500001,41.590918749999986,40.794753125,41.024609375,39.7093625,41.05314687499999,39.623259374999996,39.920365625,38.32399062500001,38.6884375,37.882140625000005,38.93330624999999,37.946796875,39.166028125,38.126181249999995,38.267793749999996,37.292531249999996,37.952003125,37.42029375,39.30788437499999
47.44405000000001,46.52741562499999,46.2463375,46.17213749999999,46.10852812500001,45.312856249999996,45.168103124999995,44.52895000000001,44.447590625000004,44.193662499999995,43.427974999999996,43.76590937499999,43.38626874999999,42.409331249999994,42.460699999999996,42.192253125,41.95945312500001,41.639425,41.91170625000001,41.048353125,41.109946875,39.75981875,41.1060375,39.516096875,39.937418750000006,38.28138125,38.709262499999994,37.935396875,38.87486562499999,37.869465625,39.21201562499999,38.202871875,38.358374999999995,37.244440624999996,37.938121875,37.54178125,39.476243749999995
47.44405000000001,46.502009375,46.31114062499999,46.19186875,46.123971875,45.28544062499999,45.26391875,44.67195937500001,44.463465625000005,44.280759375,43.77379062499999,43.91844687499999,43.423396875,42.41066562500001,42.46528124999999,42.35482812500001,41.611209375,41.771262500000006,41.8513625,41.03951874999999,41.306681250000004,39.737784375,41.071065625,39.5338,39.934678125,38.439809375,38.726196875,38.024796875,38.840821874999996,37.821356249999994,39.059296874999994,38.239028125,38.46449687500001,37.324009374999996,37.9554125,37.82950624999999,39.53994375
47.44405000000001,46.432683333333344,46.461283333333334,46.212203333333335,46.36811,45.23412333333332,45.29307,44.67858,44.56106666666666,44.31182,43.88294666666667,43.89555333333333,43.523006666666674,42.66384666666667,42.60586,42.16465333333335,41.81190999999999,41.914216666666675,42.152260000000005,41.08129666666666,41.470353333333335,39.75151666666666,40.92384666666667,39.329523333333334,39.79123,38.227493333333335,38.57286333333334,38.04156333333334,38.94803666666667,37.662196666666674,38.99392333333332,38.27115,38.39319333333333,37.25772333333333,37.97870666666667,37.63180333333333,39.52649
47.44405000000001,46.45014642857142,46.490582142857136,46.10258571428571,46.42876428571428,45.10121071428571,45.276275,44.816696428571426,44.552474999999994,44.39136071428571,43.91429642857143,43.975735714285705,43.678700000000006,42.70393214285714,42.48508928571428,42.265725,41.59144642857143,41.85562857142858,42.13313571428571,41.18434642857142,41.32714285714286,39.663482142857134,41.105985714285715,39.382017857142856,39.72063571428571,38.39430714285714,38.66376785714285,38.07948928571428,38.995217857142855,37.62498214285714,38.973099999999995,38.281664285714285,38.391603571428575,37.28074642857143,37.94739642857143,37.853921428571425,39.50053928571429
47.44405000000001,46.34937307692308,46.375673076923086,46.31925384615385,46.42240384615385,45.02461153846153,45.49502692307692,44.76374230769231,44.572915384615385,44.209169230769234,44.03472692307692,44.07690000000001,43.70071538461538,42.62561538461539,42.50066538461538,42.60246538461538,41.50568076923078,41.74133076923078,42.24957692307691,41.39788076923076,41.49743461538463,39.753707692307685,41.131453846153846,39.19974615384615,39.73112307692308,38.205165384615384,38.510565384615376,38.10729230769231,39.0538423076923,37.811165384615386,38.93860769230769,38.302188461538464,38.455607692307694,37.41758461538461,37.88498461538462,37.69704615384615,39.5257576923077
47.44405000000001,46.36433333333333,46.52974583333334,46.093295833333336,46.46925416666667,45.26590416666666,45.69624166666667,44.850658333333335,44.62118749999999,44.292791666666666,43.96200833333333,44.07093333333334,43.827020833333336,42.605154166666665,42.27640833333333,42.61923333333334,41.479145833333334,41.814525,42.23555416666667,41.42475833333333,41.406420833333335,39.802499999999995,40.9953,39.522891666666666,39.7683,38.21170000000001,38.595275,38.156508333333335,39.011112499999996,37.871587500000004,39.04503333333332,38.3821125,38.3719875,37.28604166666666,37.89812499999999,37.77028333333334,39.38960000000001
47.44405000000001,46.408763636363645,46.481513636363644,46.146604545454544,46.52774545454545,45.20079090909091,45.73785909090909,44.727231818181814,44.59753636363636,44.33375909090908,43.867222727272726,44.13925454545455,43.836845454545454,42.86020454545454,42.48189545454545,42.71525909090908,41.47048181818182,41.986186363636364,42.39530909090909,41.53850909090909,41.4595181818182,39.82735454545455,41.00046818181818,39.30115454545454,39.695322727272725,38.43609545454546,38.53483636363636,38.130818181818185,38.93529090909092,37.95548636363637,38.94800909090909,38.54290454545455,38.30384090909091,37.29903636363637,38.017554545454544,37.913509090909095,39.51551363636364
47.44405000000001,46.30014500000001,46.65077500000001,46.293794999999996,46.356165000000004,45.221865,45.85666500000001,44.939065,44.801764999999996,44.436985,43.99419,44.10575,43.784549999999996,43.128545,42.547025000000005,42.90293,41.779275,42.011280000000006,42.69618499999999,41.61359999999999,41.519655000000014,40.046395,41.158604999999994,39.439964999999994,39.883630000000004,38.589675,38.692075,38.26966,39.03863,37.891575,38.923899999999996,38.6015,38.573899999999995,37.433260000000004,37.969445,37.900259999999996,39.77593999999999
47.44405000000001,46.19352777777778,46.68964444444445,46.4127,46.39521111111112,45.139516666666665,45.89257222222222,45.18247222222223,44.94088333333333,44.47244444444444,44.45086666666668,44.2399,43.95373333333333,42.99162222222222,42.84821111111111,43.13610555555556,41.184466666666665,42.12737777777777,42.699727777777774,41.69418888888889,41.74053888888889,40.02582777777778,41.13221666666667,39.260305555555554,39.847122222222225,38.57958888888889,38.49281111111111,38.20820555555555,38.930011111111114,37.77610555555555,38.71036111111111,38.5008,38.48088333333333,37.591522222222224,37.98085555555555,38.106633333333335,39.8414611111111
