135.230875,133.4235,131.4708125,130.93775,132.7040625,135.801375,141.1853125,146.532875,150.6463125,155.8565625,160.0781875,165.2861875,171.742875,177.174375,181.068875,185.210375,189.04275,195.3535625,202.380625,210.41775,218.4236875
134.1558333,132.5236111,130.3589444,130.3110556,131.9726667,135.0481111,141.0767222,145.8472222,150.5032778,155.5654444,159.4319444,164.6875,171.4368889,176.4009444,180.4606111,184.5794444,188.5441111,195.1079444,201.8375556,210.0005556,218.4921667
133.48185,131.714,129.75865,129.444,131.112,134.58405,140.22875,145.3018,150.01115,154.8235,158.97615,164.0517,170.84915,175.49565,179.60535,184.2503,188.14945,194.59885,201.31615,209.7185,218.6155
132.5254545,131.1610909,128.5382273,128.6635455,130.4061364,133.6558636,139.5364091,144.5207273,149.5592727,154.1785909,158.3286818,163.6784545,170.1486818,174.6752727,178.9347727,183.1411364,187.3850455,193.8427273,200.9307727,209.4359545,218.6757727
131.7749583,130.475375,128.221625,127.9138333,129.5909583,133.0478333,138.74725,143.781875,148.9492083,153.5849583,157.839875,163.2574167,169.3908333,173.9418333,178.0768333,182.1295417,186.61925,193.4777083,200.736625,209.2155417,218.450875
131.0607692,129.3577692,127.5538077,126.8751923,128.6598077,132.3603846,138.1995385,142.8740385,148.4863077,153.1055769,157.3027692,162.6361154,168.5181154,172.8584615,177.0585769,181.0419231,186.0728462,192.6652308,200.3558462,209.1258462,218.3591154
130.5711429,128.8095,127.0402143,126.3907857,128.1407143,131.9087857,137.4515714,142.4083571,147.7937143,152.7207857,156.7065357,162.5110357,167.8165714,172.0391786,176.2015357,180.4706429,185.49025,192.4368929,200.0813214,208.8215,218.5132143
129.9884333,128.0467,126.6479,125.8055667,127.5193,131.2349,136.6407,142.0233,147.0503,152.2379333,156.2253667,162.1330667,167.3192,171.2314,175.4781667,179.8335333,185.1473,191.7278333,199.5966667,208.5782333,218.4017333
129.69075,127.3698438,126.0280625,125.2145,126.5895,130.482,136.202375,141.5479063,146.5882813,151.6535,155.8159375,161.7522188,166.7654687,170.2940313,174.62725,179.1656875,184.7558438,191.374125,199.394125,208.4065313,218.435875
129.0156875,126.3446563,125.1850938,124.0775,125.5195625,129.4305937,134.941375,140.5003438,145.5236875,150.6679063,154.86375,161.0685,165.57925,169.0747813,173.4840938,178.2711875,184.1400938,190.4538438,198.77425,208.1666563,218.4087813
128.2513125,125.3475313,124.2011875,123.1129688,124.5515313,128.2097187,133.7640313,139.1760313,144.4279375,149.7148438,153.787,160.4065938,164.5634062,168.0189687,172.3873125,176.9792812,183.4196875,189.5420313,198.3939375,207.7605,218.4005937
127.6685938,124.29275,123.3990313,122.177,123.7173125,127.3464687,132.770625,138.0120625,143.1886875,148.846125,153.1796563,159.5379063,163.4943437,166.8469687,171.24025,175.9364063,182.7015313,189.003875,198.0748438,207.739625,218.3042813
127.1053125,123.2931563,122.673875,121.3520625,122.7532188,126.6984687,131.8467188,136.8203125,142.1115625,147.9638438,152.4869063,158.684875,162.4511563,165.717375,170.5037188,175.30875,182.1334688,188.21825,197.602,207.6414688,218.4624687
127.0348438,123.0166563,122.2971875,120.9509375,122.306875,126.1907812,130.9119375,136.0078438,140.9597187,147.3314375,152.08925,158.2506875,161.7546563,165.0477812,169.88275,174.7785625,181.7192813,187.8171563,197.1988125,207.480125,218.465
126.8133438,122.6250313,122.0821875,120.6415625,121.6410938,125.4623438,130.1260313,135.3415313,140.1182813,146.5135625,151.4350625,157.622,161.234625,164.3334375,169.5604375,174.1870312,181.3955313,187.1950625,196.9589375,207.5013438,218.3290313
127.1055938,122.4817813,121.9592187,120.436125,120.978125,124.912125,129.562375,134.5636875,139.4236875,145.618625,150.9224375,157.08325,160.5054063,163.8623438,169.1963125,173.8131563,181.0078438,187.1027188,196.9374375,207.6831562,218.505125
127.4526563,122.6707187,122.0997812,120.4502188,121.15275,124.6258125,129.0468438,133.8524688,138.545625,144.9252188,150.2816563,156.6447188,159.9582813,163.7060313,169.1144062,173.6680938,180.8920312,186.8654375,196.7596563,207.85,218.5558125
127.6730313,122.728125,122.1350625,120.601875,121.0602188,124.4076563,128.6452188,133.3687187,137.9516875,144.5007813,149.7710625,156.1240313,159.5877813,163.6485625,169.046,173.478125,180.7184688,186.8084063,196.856,207.9246875,218.7072188
127.9219688,122.9015,122.3329063,120.783,121.2675,124.4645938,128.3785625,133.08075,137.3571875,144.2549063,149.5730938,155.6750938,159.2579063,163.3756563,169.071,173.5825938,180.5287187,186.7466875,196.70675,208.2494687,218.6398125
128.1389375,123.1263437,122.7127813,121.1639375,121.4321875,124.8129063,128.1779375,132.7784375,137.007375,143.8440938,149.2357813,155.6589063,159.1431563,163.707375,169.50875,174.0803125,180.4553125,186.5644375,196.5574375,208.2663125,218.674125
128.7522813,123.7014375,123.175875,121.4021875,121.9617813,124.78425,128.0106875,132.5416563,136.7040313,143.6474688,149.1012813,155.4859063,159.326625,163.894,169.5285,174.0895938,180.6817813,186.5043125,196.7313438,208.3334375,218.458375
129.1124688,123.9947187,123.3982187,121.7849063,122.3599063,124.8805,128.0052187,132.4436563,136.668,143.0250313,148.5139063,155.2794375,159.3199688,163.8956563,169.937125,174.3706563,180.5830938,186.4993125,197.1114375,208.425875,218.4610938
129.5135,124.2057812,123.6204375,122.205125,122.78725,124.9820625,128.0271563,131.9006563,136.3030625,142.5194375,148.3710938,155.029625,158.9746875,164.1133437,170.10475,174.6368438,180.6108125,186.8152187,197.3767188,208.7021875,218.7690625
129.7755,124.5316562,123.8195625,122.5558125,123.6089063,125.3608125,128.2869688,131.4819063,136.0487813,142.1745625,148.3251875,154.726,158.9736875,164.2695313,170.2552812,174.908,180.5969375,186.97375,197.649,208.802,218.7099063
129.8839375,124.7960312,124.0505625,122.832125,123.7093125,125.5908438,128.3035938,131.3683125,136.092,142.130375,148.2966562,154.4383438,158.7429375,164.3105938,170.26475,174.9206562,180.3665625,187.280625,198.0512188,208.913,218.6925
130.1555937,125.2105,124.5625312,123.0751563,124.1591563,126.0678125,128.2351875,131.1475625,135.9882813,141.775875,148.1962188,154.3439062,158.7345625,164.1415313,170.1321875,174.9716562,180.0270937,187.3579375,198.0813125,209.0463125,218.4530312
130.3856875,125.6732187,124.873875,123.3377813,124.3089063,126.4165313,128.192875,131.094375,136.2229375,141.3511563,148.0242188,154.3217813,158.7169375,164.4435312,169.9885625,175.0167188,179.864625,187.498625,198.3285,209.1435312,218.4635313
130.9396563,126.1640938,125.2384375,123.4132187,124.462875,126.0982188,128.0329375,131.1080625,136.2845313,141.0723125,147.6794063,153.8415313,158.7125625,163.7864063,169.3834688,174.714,179.8735625,187.6135313,198.7244062,209.2721562,218.3213125
131.3227188,126.3922188,125.2565,123.593875,124.6105625,126.1088125,127.95725,131.0905937,136.2001563,140.5132812,147.0603438,153.5596875,158.4292188,163.2975938,168.8924063,174.765375,179.5240313,187.7595625,198.9096875,209.2359687,218.4456562
131.3763438,126.3209063,125.1718438,123.7219062,124.5555313,125.7733438,127.6584688,130.699375,135.7504063,140.2183125,146.7244063,153.1795,158.256125,163.00125,168.0961875,174.4559375,179.3562813,187.9474688,198.9836563,209.318375,218.5940625
131.5884688,126.3371875,125.0082188,123.4081562,124.386875,125.4120625,127.4394688,130.3940312,135.406875,139.779375,146.1099688,152.5029063,158.0253438,162.6599375,167.436375,174.2811875,179.2496563,187.9815,199.1807813,209.165625,218.2438438
131.715375,126.4912187,124.9036875,123.103,123.7857812,124.7823438,126.9765313,130.0548438,135.0895937,139.4867188,145.5795625,152.1935938,157.5688438,162.1753125,166.8832188,173.7524688,179.0792188,188.1515,199.2804063,209.3117187,218.052
131.8415,126.566375,124.7269688,122.7600313,123.3491875,124.4249375,126.5610625,129.4069375,134.7080938,138.72825,145.01725,151.5300313,157.3903125,161.688125,166.4375625,173.575375,178.8602188,188.198125,199.3101875,209.322625,217.9096875
131.839625,126.6712812,124.508375,122.4118125,122.5651563,123.54725,126.0502188,128.969125,134.5607187,138.0441563,144.5966563,150.7060625,157.0089063,161.2880625,166.08975,173.3435313,178.901125,188.2622188,199.5472187,209.3449062,218.0285938
131.998,126.6552187,124.3478438,122.101375,121.7880312,122.5632813,125.5400625,128.707375,133.8855937,137.5168438,143.8960938,149.9037813,156.4525625,160.3130625,165.7030938,173.0839687,178.9025625,188.4670625,199.8560937,209.3189375,218.0424375
131.9209062,126.6262813,123.9653438,121.6178437,121.0914687,121.9503125,125.0128437,128.1448125,133.1365313,137.0263438,143.2275313,149.0475,155.6749063,159.9095938,165.3349688,172.89325,178.6832813,188.6350313,199.933625,209.3963125,218.3164687
131.497875,126.4533125,123.5244688,121.2207188,120.37,121.1225625,124.2264375,127.5895625,132.36375,136.5437188,142.6725,148.1015625,155.2011563,159.6254375,165.0791875,172.4958438,178.6637188,188.8139375,200.0429063,209.5262188,218.44075
131.4726875,126.5424687,123.2385625,120.6506875,119.56275,120.2927812,123.5605,127.2343125,131.6203125,135.84675,141.7790625,146.8730313,154.456375,159.0868438,164.8044375,172.4182812,178.9093125,188.9093438,200.2213125,209.5439375,218.402625
131.4176563,126.97675,123.1259375,120.4026563,118.8939375,119.79525,123.07875,127.0612188,131.1243437,135.3194375,141.3249063,146.404,153.7881563,158.6963437,164.5764375,172.07375,178.953375,189.13375,200.1566875,209.8269688,218.5764063
131.1365625,126.9710937,122.8382188,120.009125,118.2387188,119.4540313,122.6535312,126.9095313,130.7144687,134.6318438,140.45825,145.2634688,153.119625,158.2565,164.5394688,172.1591875,179.1072188,189.2135938,200.2879687,209.8599687,218.8750313
130.9495625,127.0806563,122.8679375,119.9527812,117.8081875,118.8346875,122.2981562,126.9242188,130.1493125,134.16175,139.6425313,144.3812188,152.3102188,157.89525,164.3847188,172.0504688,179.5905,189.2525625,200.3942188,209.909375,219.2212188
130.8665313,127.0852813,122.7790312,119.8242188,117.3487813,118.5231875,122.007375,127.0184063,129.2868125,133.8795,138.5358438,143.634,151.4913438,157.530875,164.21275,172.04725,179.8418437,189.645375,200.6845625,210.0632187,219.5850625
130.4858438,127.0027188,122.5429063,119.5305313,117.0555313,117.992,121.6822812,126.5810313,128.6474063,133.3860938,137.5615313,142.6502813,150.5930937,157.214625,164.0216562,171.93475,180.142375,189.8835625,200.7736875,210.3121875,219.9060937
130.0654688,126.712375,122.229625,119.253625,116.6531875,117.4480938,121.137625,126.0917813,127.832875,132.5962813,136.8676562,141.9320313,149.8154063,156.9028438,164.1477813,171.834875,180.6829688,190.1910313,200.9016875,210.3558438,219.9269062
129.908125,126.663875,122.26775,119.0144687,116.2473438,117.0850313,120.8983437,125.78225,127.3065313,131.985625,136.1519687,141.2276875,148.7785,156.307125,163.8979375,171.9264375,181.0870313,190.41225,201.04525,210.4270313,220.1258438
129.4835625,126.7066563,122.1699062,118.7442187,116.135375,117.0440625,120.7465937,125.381875,126.9630937,131.4292188,135.8465937,140.7360313,147.844875,156.140875,163.6975313,171.7999375,181.1750625,190.6270625,200.9355312,210.501625,220.35375
128.8747188,126.2707188,121.8149688,118.2247188,115.9271563,116.9436563,120.182625,125.0955313,126.5616563,130.7897812,135.055125,139.7606563,147.05925,155.5575625,163.4586563,171.8290625,181.2702188,190.8108125,200.9640937,210.4481563,220.7485625
128.4387188,126.164375,121.7394375,118.291125,116.0778125,116.730375,119.7558437,124.5614063,125.82875,130.434375,134.3547813,139.0013438,146.2104688,155.1823125,162.763375,171.4696563,181.4731563,190.7848125,200.70575,210.431625,220.8924063
127.9014063,125.8900625,121.4428438,118.05175,115.8746563,116.52175,119.2010937,124.060125,125.2139062,129.927125,133.4774375,138.31975,145.40875,154.6945312,162.1945,171.1055625,181.1797813,191.0094688,200.5439375,210.5175938,220.8959688
127.080125,125.2699062,120.9986563,117.8944688,115.8282813,115.9601875,118.666125,123.1948125,124.7114062,129.1621563,132.6264375,137.6250625,144.567875,153.992,161.5041875,170.7840313,181.3869688,190.9605938,200.1900313,210.4455625,220.678
126.4065313,124.7197813,120.6290625,117.5902188,115.5389063,115.6255,117.887875,122.4475625,123.78025,128.2708125,131.897875,137.1065938,144.092875,153.498,160.9842813,170.5125937,181.5130312,190.8715937,199.8100625,210.1197187,220.4482813
125.6363438,124.22075,120.512,117.3943125,115.2470312,115.1683125,117.4925625,121.854625,123.270625,127.641375,131.0383125,136.552875,143.5360938,153.0710625,160.1298438,170.2310625,181.2902188,190.6251875,199.5575625,209.7717187,220.3236875
124.53725,123.521375,119.9809375,116.8765938,114.960125,114.5956563,116.8445312,120.9892187,122.7474687,127.0402188,130.4290625,135.8498125,143.1915,152.87725,159.7279063,169.8319688,181.0480938,190.2710312,199.1207812,209.4555312,219.9753125
123.5347188,122.5405938,119.22825,116.3970938,114.2633438,113.7631875,116.0902187,120.1681875,122.215625,126.5632812,129.792,135.4889375,142.9423125,152.4619688,159.2959688,169.60975,180.7905938,190.0890625,198.7254062,209.2000625,219.7625312
122.57025,121.8079688,118.5969687,116.309375,113.7725,112.7699062,115.4815313,118.9265625,121.58775,126.0645937,129.3700938,135.2121875,142.6346563,152.0467812,158.6757813,169.0172813,180.6087188,189.3889063,198.1102188,208.9437187,219.2977188
121.4852188,120.7625,117.8380625,115.7540625,112.9810937,111.7948438,114.5492188,118.0437187,120.8765,125.3389375,129.0194063,135.2452813,142.3780938,151.5106562,158.312,168.6724063,180.0330938,188.888125,197.654125,208.47675,218.8065937
120.4463125,119.6539063,116.991125,115.2411875,112.3787812,110.8834375,113.7912813,117.0352812,120.2433437,124.7495,128.9194375,135.3095313,142.1036563,151.000875,157.8858438,168.3939375,179.8745,188.2044375,196.9841563,207.9820313,218.4389375
119.75275,119.0995313,116.3688438,114.5820313,111.5475937,110.0884063,112.7929688,116.1519062,119.3917188,124.2890937,128.8859375,135.1562188,142.2246875,150.8266563,157.5900313,167.9399063,179.2339375,187.4229688,196.4561875,207.4173438,218.2315938
119.0209063,118.3490625,115.8564062,114.1131875,110.7953438,109.2739688,112.1142812,115.4446562,119.140875,124.1675938,128.860625,134.9774063,142.2175,150.6770938,157.3566875,167.4425625,178.4590313,186.4974688,196.020875,206.79975,217.8815625
118.559625,118.0243437,115.502375,113.5595937,110.0320312,108.4445,111.2972187,114.7913125,118.917125,124.213625,129.051375,134.886625,142.3577813,150.3877813,157.4016563,167.1198125,177.9168125,185.7477187,195.4568437,206.2975,217.4281875
118.3636875,117.7014688,115.2806875,113.419875,109.2566563,107.8246563,110.8212812,114.4221563,118.614375,124.1763437,129.0984375,135.3290313,142.463625,150.31525,157.3349063,166.9681563,177.2037187,185.0209062,194.9175313,205.8138438,216.9463125
118.1087188,117.7446563,115.1825938,113.2817188,108.7358125,107.178625,110.266875,114.1032188,118.369875,124.0209687,129.2812188,135.56375,142.6554375,150.09725,157.19575,166.5491875,176.6592187,184.0375312,194.4316875,205.3881563,216.4219688
118.0907812,117.475375,115.1881875,112.9020312,108.1655312,106.7073125,109.865875,114.2545,118.0214687,124.0754688,129.4190313,135.9212813,142.6795938,150.1443125,157.2459375,166.4619687,176.0590313,183.272125,193.96775,204.7303125,216.0000938
118.1989375,117.5140938,115.0698125,112.5932187,107.6454375,106.2714375,109.77125,114.1943125,118.0493125,124.0770313,129.6414375,136.0289062,142.78025,149.9727813,157.1540625,166.2394688,175.4916875,182.628375,193.3105625,204.0616563,215.7658125
118.4605937,117.5642188,115.0335313,112.1276875,107.1161875,105.8335938,109.4709063,114.1195625,118.075125,124.0685938,129.6475,135.8953437,142.9501875,150.1927187,157.3195625,165.8683125,174.767625,181.7746875,192.908375,203.3128125,215.3151563
118.4100625,117.2282813,114.9059375,111.8789062,106.7636563,105.5239375,109.421375,114.1610938,118.4204688,124.38625,129.8226563,136.1458437,143.0479688,150.043375,157.4440313,165.509,174.1121563,180.9531875,192.3892812,202.5851563,214.647125
118.5048437,117.2828438,114.8798125,111.3878437,106.4110938,105.1981875,109.384625,114.20625,118.6018125,124.6481563,130.0024688,136.43725,143.0109688,149.7341875,157.3374063,165.133875,173.4522188,180.3575312,191.7124687,201.9713438,214.0615938
118.4805625,117.0894688,114.8069375,111.2257812,106.2327813,105.1427187,109.2630938,114.4484062,118.7151875,124.4685938,129.9011563,136.5621563,142.916625,149.5954063,157.0769375,164.8487188,172.601625,179.5930313,191.0014375,201.2670313,213.398625
118.362,117.014125,114.51125,110.7969687,106.05375,104.854375,108.9136562,114.653625,118.7200625,124.4214688,129.8272813,136.2601563,142.73625,149.18125,156.7664688,164.26875,171.9426875,179.1111875,190.4221875,200.5225938,212.719125
118.3350937,116.425125,114.2232813,110.0892813,105.700375,104.529875,108.9738437,114.80225,118.6588125,124.2386563,129.4543438,135.8870625,142.167,148.9200313,156.590875,163.7085313,171.1554062,178.604625,189.7965625,199.709125,211.9935
118.2243437,116.1652188,113.6497188,109.3053125,105.264875,104.3369688,108.7743125,114.5900625,118.7405312,123.781875,128.8813125,135.1976563,141.8411562,148.250125,156.15875,163.1164062,170.2431562,178.2666875,189.3048125,199.0056563,211.414625
117.9469063,115.6266875,113.1804063,108.4924375,104.9565625,104.0906563,108.4185625,114.388125,118.6554375,123.3029063,128.1340312,134.4420938,141.4249688,148.0485625,155.9149375,162.5184063,169.7601563,177.6620313,188.8616875,198.5013438,210.5486562
117.314375,114.945875,112.6001563,107.9064688,104.75325,103.835875,108.1659375,114.2181563,118.3708125,122.9691563,127.8339063,134.1519375,141.027375,147.287625,155.2489688,161.968875,169.2785625,177.2310313,188.3526563,198.0371562,209.7369688
116.6329688,114.4729063,112.003125,107.2878438,104.5494375,103.6056563,108.0885625,113.9606563,117.91475,122.4855625,127.3285,133.6200312,140.535875,146.722125,154.5709688,161.2828437,168.6260625,176.9042187,187.6634063,197.61025,208.9533438
115.9299688,113.796625,111.3905,107.0209375,104.3789688,103.6643438,108.1044375,113.8893438,117.6029687,121.7941875,126.8140625,133.1067812,140.0302188,146.308375,153.9877188,160.8808125,168.1382188,176.5020625,187.169625,197.1617187,208.1084375
115.1547188,113.1145938,110.5742813,106.6330312,104.276375,103.6374063,108.18975,113.75075,117.1355,121.6492813,126.283375,132.5139375,139.529875,145.761625,153.4579688,160.2483125,167.864,176.3695625,186.7028438,196.6272188,207.4440313
114.4589062,112.1351875,109.878375,106.0194062,103.6645313,103.4894688,108.1619688,113.4600312,116.6519688,121.1345938,125.922625,132.18075,138.9687188,145.389875,153.1052188,159.6724375,167.6145,176.1641875,186.3275,196.3506562,206.8895312
113.8889375,111.5584375,109.2909687,105.7035313,103.4234063,103.5727188,107.7768125,113.0520312,116.2834062,120.8086562,125.595625,131.9271875,138.8326563,144.8388438,152.6595,159.33,167.4196875,175.9909063,186.1465313,196.2017188,206.4985312
113.0583438,110.9375,108.8560625,105.5775625,103.1822813,103.4194063,107.5845,112.951,116.1505313,120.819375,125.5395938,131.8088438,138.8818437,144.7755,152.215875,158.9287188,167.5012187,175.9145938,185.865875,196.036625,205.9503125
112.3291875,110.3749688,108.3865312,105.1553437,103.0550313,103.3311562,107.4870938,112.9992187,116.0230625,121.04825,126.0104062,131.8825625,138.9089063,144.4247188,151.9087812,158.7979688,167.3655,176.0346562,185.7791875,195.9593438,205.7349687
111.9699375,110.1867813,108.2229687,105.0507812,102.9419063,103.4476875,107.6985313,113.0110312,116.0625938,121.5308438,126.348,131.8084063,138.9789687,144.36825,152.0233125,158.9524375,167.36275,176.2283125,185.6768438,195.91475,205.7493437
111.5492812,109.7975312,108.1219375,104.9673438,102.9095625,103.8525313,108.1979063,113.3909688,116.2674063,121.8492188,126.7852187,132.1199375,139.1804063,144.6215938,152.2146875,159.3379375,167.6003438,176.365,185.8105937,196.0768125,205.7262813
111.0656562,109.445,107.975125,104.8149687,102.921375,104.1885938,108.6321563,113.6408437,116.4849063,122.58475,127.1932187,132.4674375,139.504625,144.869875,152.4968125,159.451125,167.8069688,176.686,185.9515938,196.3098125,205.8645625
110.8544375,109.0890938,107.9199375,104.576,102.459,104.486875,108.7562813,113.8735312,116.8196563,123.0031562,127.8565,133.160375,139.87125,145.4654375,152.9939687,159.6758125,168.1838125,177.0273438,186.2509375,196.8210938,206.134875
110.76375,109.1322187,108.0656875,104.8419687,102.7755,104.9015625,109.361,114.35925,117.5029688,123.7714375,128.615125,133.7462813,140.3715,146.0437188,153.3201875,160.2512188,168.6242813,177.3763125,186.6640937,197.2115,206.4889688
110.5265312,109.1808125,108.274875,105.2994688,102.9737813,105.2194375,110.2027187,115.0541875,118.3939688,124.7762813,129.4291875,134.292875,141.1120625,146.825875,153.5830938,160.7129375,169.1022813,177.89925,186.8939375,197.3812813,206.919375
110.5535625,109.198875,108.61375,105.341375,103.317375,105.7713125,111.07875,115.8094688,119.2682188,125.787625,130.307125,134.906875,141.6376563,147.5005,154.2776875,161.549125,169.5221875,178.2680313,187.3244375,197.8929063,207.6434687
111.0230625,109.451875,109.2075625,105.9524063,103.6929063,106.4397187,111.9351875,116.646375,120.3264687,127.1621875,131.3099375,135.7050625,142.390375,148.2652813,154.9535312,162.4291875,170.2110313,178.5674375,187.827,198.2786875,208.4679687
111.2508438,109.5277188,109.61325,106.323125,104.0920313,107.072125,112.74625,117.5115938,121.3747188,127.9438125,132.0463125,136.6354375,143.012625,149.2087813,155.4497812,163.1060313,170.8398125,178.9995625,188.3693125,198.966875,209.1746563
111.685625,109.7472813,109.8664375,106.6164688,104.3965313,107.5091562,113.3438438,118.270125,122.49775,128.935375,132.9519063,137.3220938,143.565875,149.8521563,156.1607812,163.6612188,171.4089375,179.6070938,189.1129063,199.665625,210.0210313
112.2515313,110.0807813,110.1075937,106.8850937,104.612,107.9219375,113.8601563,119.1799062,123.6793125,129.5544062,133.8287188,138.1785,144.085625,150.680875,157.0447812,164.2467188,172.0331563,180.201,189.79025,200.341,210.7648125
112.7010625,110.5605625,110.5325937,107.2021875,105.5029375,108.3912813,114.99275,120.2250937,124.93775,130.4119063,134.7115,138.7045313,144.5677813,151.593,157.69975,165.0082188,172.556,180.7850312,190.5181875,201.086375,211.45275
113.1781563,111.0181562,110.9121563,107.5831875,105.8947812,108.8865313,115.9023125,121.0349375,125.9900938,131.2999688,135.34175,139.3112812,145.2576875,152.1778438,158.29025,165.5369375,172.9725938,181.2381875,191.0937188,201.73175,212.183125
113.76725,111.4261562,111.3900937,107.7279062,106.4644375,109.712625,116.8104375,121.9904375,127.0187188,132.1464688,135.8681562,140.0863438,145.6043438,152.78025,159.084625,166.0351563,173.4639063,181.4208125,191.6307188,202.579625,213.0276563
114.37775,111.9329688,111.9790625,108.3565,107.0550312,110.3763438,117.7594063,122.7399063,127.9986563,132.904,136.8217187,140.7824063,146.254125,153.3898438,159.5214063,166.455,173.9699375,181.7337813,192.2377187,203.1572812,213.3680625
114.9066875,112.4837187,112.474125,109.0495937,107.5019375,111.0678437,118.4928125,123.3453438,128.74475,132.9930625,137.1636562,141.4522188,146.4555312,153.7690938,159.8305625,166.5980938,174.2323437,182.1990313,192.8244375,203.9397813,213.7703125
115.520125,113.1694375,113.0435625,109.7794687,108.1552813,111.6915,119.2788125,124.2015313,129.3549063,133.4801875,137.6972187,141.8534062,146.8091875,153.8870313,160.1890312,166.804125,174.4412813,182.511125,193.457875,204.3455,214.0176875
116.1829375,114.0089688,113.8533125,110.5620312,108.9876875,112.2726563,119.9558125,125.1302813,130.0015938,133.8707187,138.0284375,142.36,146.9554375,154.0588438,160.3911875,166.7862813,174.4757187,182.6619687,193.7105938,204.54575,214.1683438
116.9160625,114.8451875,114.7742187,111.3950625,110.1626875,112.9379688,120.5875625,125.7100313,130.5536563,134.4030625,138.4003438,142.57525,147.044,154.0071562,160.3612188,166.85325,174.3921563,182.8225937,193.956125,204.7424375,214.3058438
117.549625,115.665625,115.5486875,112.479375,110.9230938,113.533125,120.8663438,126.3133438,131.12075,134.8710313,138.5882187,142.8734687,147.1440313,153.4208125,160.2700625,166.5826875,174.2060625,182.6086875,194.0562813,204.8434375,214.3374688
118.2564375,116.6709687,116.4628437,113.4178125,112.09425,114.4671562,121.2754062,127.100125,131.7304375,135.0766875,138.6341563,143.245,146.9135313,153.033875,160.1249062,166.0838438,174.1700313,182.3434688,193.9514063,204.7025,214.3884688
118.869375,117.748,117.5024063,114.5143125,113.0957188,115.086875,121.8091875,127.5536875,131.9346563,134.9998125,138.9033125,143.2555625,146.7569688,152.5893125,159.7299375,165.8758438,174.0552813,182.3261875,194.1352188,204.6413125,213.952375
119.8170625,118.9292812,118.4295312,115.6736875,113.9967188,115.6924375,122.1512188,127.9524688,131.7539063,134.746625,138.7405313,143.2264062,146.2663125,151.8917188,159.5094688,165.452,173.8937813,182.3155938,194.2431875,204.6173437,213.8705938
120.5220937,119.8820938,119.3362188,116.6656562,115.1283438,116.3708438,122.8682188,128.502125,131.6373125,134.7599063,138.6362813,142.984,146.0598438,151.2939688,159.191125,165.0442813,173.6819375,181.9934688,194.1505312,204.101,213.2351563
121.2905937,120.8257812,120.3639375,117.6538125,116.2617813,117.1515,123.2866875,128.92875,131.8217188,134.7338125,138.3103438,142.775,145.6695938,150.7685938,158.7193125,164.4644375,173.1500938,181.56475,193.7508438,203.7170313,212.8302188
122.216125,121.7753438,121.3560625,118.7049688,117.3742188,118.0660625,123.6452813,129.0144688,131.906625,134.5414063,138.1586563,142.41775,145.2666875,150.0596563,158.0929375,163.9080938,172.679625,181.2277188,193.3659375,203.11475,212.3012813
123.024375,122.8322813,122.3898125,119.8574375,118.347375,118.7944688,124.0278438,129.2189688,131.96,134.3015313,137.900625,142.0769375,144.7945625,149.2019063,157.3778437,163.157875,172.231375,180.6408125,192.840625,202.7410937,211.7611563
124.1740937,124.1375625,123.4915938,120.837625,119.359,119.7708437,124.548625,129.367,132.1550938,133.7575937,137.5457188,141.6150938,144.0820313,148.4949063,156.3669375,162.3969063,171.785875,180.1434688,192.281875,201.94775,211.3592812
125.1961563,125.27525,124.622875,121.8502813,120.1590625,120.383875,124.9664688,129.4773125,131.9106563,133.31875,137.0728125,141.1031563,143.5015625,147.849375,155.6334375,161.9668437,171.3212812,179.6905313,191.9033437,201.5136563,210.83225
126.634625,126.5002188,125.5363125,122.815625,120.80725,120.9275938,125.1489688,129.4511563,131.7255,133.06675,136.7107188,140.6413438,142.8227188,147.2095313,155.030875,161.3940625,170.7653438,179.3337813,191.1753437,200.90075,210.5527187
127.7015625,127.4582187,126.380625,123.6492813,121.7004375,121.7570938,125.5225313,129.7133125,131.759125,132.8347813,136.2583125,140.2263125,142.2315938,146.7466875,154.3375312,160.851125,170.0915,178.6375625,190.4883125,200.0643125,209.961875
128.9236563,128.5505313,127.2887187,124.5775938,122.3965625,122.4843125,125.6367188,129.7665938,131.816375,132.4378438,135.725875,139.685,141.666375,146.3139688,153.7262813,160.3454063,169.3905625,178.1288125,189.6359688,199.5189375,209.7127813
129.9440313,129.3815313,127.905125,125.2661563,122.8899687,123.1230625,125.8675938,129.583375,131.64875,131.7800625,135.4806875,139.0214375,141.1147188,145.799125,152.9555937,159.951375,169.0443438,177.6660938,188.9051875,199.0002813,209.2480313
130.8479063,130.12825,128.38125,125.7663438,123.1423438,123.4088438,125.9574688,129.3557188,131.289625,131.2116563,135.0025938,138.4380313,140.5454375,145.2204063,152.2455937,159.4688125,168.7586875,177.2380313,188.2610938,198.87875,208.869375
131.895125,130.7443437,128.9,126.062875,123.1919375,123.7051563,126.0585938,128.998125,131.0085625,130.6594375,134.6123438,137.6903437,139.9432813,144.8200313,151.41175,159.1034063,168.4651563,176.8755313,187.8439375,198.2592188,208.7293437
132.5584063,130.9510312,129.2233437,126.1779687,123.2420313,123.95075,126.2548437,128.6085938,130.3339062,130.1468125,134.1004688,137.1820313,139.681125,144.5178438,151.0630937,158.7750312,168.2464063,176.5275625,187.2792813,198.0046563,208.459875
133.1143438,130.9146875,129.3075937,126.2255625,123.17175,124.1087188,126.108375,128.0533125,130.0261875,129.8871563,133.9655938,136.6872812,139.0725313,144.0847813,150.4479375,158.4446875,167.798625,176.2685313,186.3289063,197.735375,208.31325
133.379625,130.7498438,129.1032187,126.205,123.3425312,124.2619063,125.9326875,127.7315,129.700875,129.4973125,133.4311875,136.1281875,138.4764687,143.6459063,150.0032188,157.9281875,167.2781875,175.8465625,185.8239375,197.3011875,207.9970313
133.6599375,130.791125,129.0846562,125.9847188,122.9849375,124.1569688,125.56625,127.1992188,129.0264063,129.0920937,132.8743125,135.531,137.9446875,143.2653438,149.3977813,157.545625,167.0073125,175.6720625,185.1856563,196.9803125,207.756875
133.6530938,130.4795938,128.7185312,125.5965937,122.6015625,123.8093438,125.233625,126.4956563,128.3115625,128.7984687,132.4729063,134.8755,137.3089687,142.799125,148.7991563,157.16325,166.8490313,175.4605625,184.8614688,196.8711875,207.4882813
133.7370938,130.2851875,128.1948125,125.2600938,122.0426875,123.3538125,124.3495625,125.7797813,127.4508438,128.4157188,131.7094688,134.5616875,136.8048125,142.4319375,148.3699688,156.7245313,166.7796875,175.3436875,184.727,196.7979375,207.2692813
133.8035,129.9933437,127.8461562,124.8842187,121.729625,122.8639688,123.6731563,124.8739063,126.4225625,127.941875,131.2210625,134.1275,136.3612813,142.1266875,148.0185,156.5444063,166.6074375,175.2155937,184.5483438,196.428,207.3162813
133.5421875,129.4879375,127.2421562,124.3815937,121.3054375,122.4214375,123.1360625,124.1226563,125.128125,127.4022188,130.6380938,133.7491875,135.9163437,141.6886563,147.752875,156.3462813,166.5389688,174.9944063,184.3460625,196.59525,207.3031875
133.0401875,128.8198125,126.6158437,123.887125,120.8912188,121.5344375,122.112625,123.2264688,124.008625,127.0121875,130.2985937,133.5540938,135.434,141.16,147.2525938,156.2229375,166.4151563,174.697125,184.0835625,196.8132812,207.4603438
132.8031875,128.3156563,125.7576563,123.3573125,120.5362187,120.667875,121.3753125,122.2485937,122.8501563,126.3028125,129.54225,132.9580625,135.178375,140.804625,147.1150625,155.920125,166.5425625,174.6035938,184.2992188,196.8308437,207.5679063
132.321125,127.6961563,125.1881875,122.4413125,119.7221875,119.9093125,120.5743438,121.36875,121.6208437,125.7044687,129.06575,132.5028438,134.86925,140.27575,146.6953125,155.9445,166.7559063,174.4940625,184.4490625,196.9153125,207.6747188
131.7464375,127.0389063,124.4055625,121.7078125,119.1584688,119.0745312,119.7427188,120.3866562,120.8547187,125.233625,128.5691875,131.929,134.4657188,139.84925,146.6535938,155.6570938,166.69175,174.3501563,184.7986563,197.180875,207.8967813
131.2483438,126.5129688,123.53775,120.906625,118.56525,118.4700625,118.5997188,119.4159375,120.027375,124.7712187,127.9925312,131.7644375,134.3713438,139.7069375,146.5473438,155.5139375,166.6986563,174.2410938,185.0389063,197.3155625,208.0231563
130.7861875,126.1064375,122.95375,120.0648125,118.1715,117.7274063,118.0966875,118.6332813,119.0829688,124.226625,127.5459375,131.483375,134.2692813,139.4255313,146.6740312,155.5046875,166.221875,174.15225,185.0005938,197.3566563,208.3094062
130.0582188,125.4490625,122.2214375,119.0517188,117.1878438,116.7312188,117.394875,118.0884688,118.13875,123.8365,126.9868125,131.0391563,133.9506563,139.1594375,146.5960625,155.4049688,165.7298125,173.8535,185.2659375,197.7434063,208.46525
129.35,124.9554375,121.6067188,118.154125,116.3530938,115.4601875,116.3952187,117.4814063,117.5354063,123.3713438,126.4755625,130.8109688,133.9690938,139.0730938,146.4822813,155.3055937,165.3206875,173.55625,185.3389687,197.8725938,208.8409063
129.2463438,124.716625,120.9810313,117.3494688,115.5013125,114.482375,115.7329375,116.8102813,116.9428437,122.7306563,125.6817187,130.2357188,134.0813125,139.2965938,146.755375,155.2809063,165.080625,173.4500937,185.5837812,197.7072187,209.1819688
128.6792813,124.2329375,120.5995938,116.512125,114.6542188,113.6774375,114.9577188,116.3784375,116.297375,122.2117813,125.26225,129.817625,134.0837813,139.1371875,146.8594688,155.4396875,164.759625,173.1615937,186.0444062,197.7396875,209.3382188
128.303,123.8896875,120.022,115.9967188,114.0527188,112.8967187,114.1376875,115.751,115.9558125,121.7411563,124.5339687,129.3326875,134.1330313,139.3590625,147.2144062,155.3699063,164.3537812,172.9762188,186.27925,197.8244688,209.5919375
127.8501875,123.3365,119.3856875,115.5535,113.6587187,112.4244063,113.5077188,115.3081875,115.4068125,121.4000938,124.181625,129.1424063,134.21,139.4840938,147.4292188,155.5754375,164.1551875,172.8741875,186.22375,197.9515313,209.7830625
127.264125,122.847875,119.02,114.9340937,113.2047188,111.7229375,113.220375,115.0281563,114.9978125,120.7597188,123.5804063,128.912,134.2236563,139.4825625,147.7347812,155.71475,163.7009375,172.785,186.0935312,198.0644688,210.1221563
126.5733125,122.0519687,118.5138438,114.15,112.31725,110.8562813,112.7067813,114.6863125,114.8005625,120.4414375,123.2568125,128.6243438,134.16225,139.6817188,147.9050938,155.6286562,163.453,172.5599375,186.218125,198.3029375,210.2194062
126.010625,121.4880937,118.0895,113.6617187,111.808375,110.5404375,112.1720938,114.3795938,114.978375,119.9340625,122.9263125,128.5944063,134.4670938,140.0347188,148.052375,155.58175,163.3480625,172.5193438,186.11175,198.2954688,210.4505625
125.6818125,120.8716563,117.5108437,113.09625,111.37875,110.5109063,111.9629063,114.1860938,115.0364688,119.5709063,122.5944688,128.5473438,134.81425,140.490625,148.5585313,155.7348125,163.0696875,172.5634688,186.2101875,198.06625,210.3027813
124.8582812,120.1765625,116.9770313,112.5990938,111.0725625,110.37525,111.6532812,114.2135937,115.0320625,119.4305,122.634,128.7835938,135.1540938,140.8971563,148.9190313,155.9875937,162.9534062,172.648125,186.442125,198.3440625,210.21825
124.3250313,119.5148438,116.4185,112.14,110.6509062,110.2446875,111.5732188,113.954125,115.024375,119.4677188,122.38275,129.043875,135.7567813,141.6384688,149.495125,156.1755,162.8575625,172.8862188,186.282375,198.437125,210.328375
123.591125,118.7832187,116.1100313,111.8613125,110.4026562,110.2540312,111.5248125,114.0466563,114.867125,119.507625,122.626,129.707875,136.5169688,142.2449375,150.0008438,156.5376875,162.9649688,173.2785625,186.294,198.6708438,210.4251875
122.7515625,117.9602188,115.554625,111.2275938,109.9404375,109.8911875,111.5012187,114.0914063,115.0162188,119.2744063,122.5695313,130.3742188,137.2825,142.9671875,150.4867188,156.8163125,163.276125,173.4949375,186.2873437,198.8331875,210.655875
122.0547813,117.07375,115.0404688,110.6595313,109.4323125,109.6642813,111.4025312,114.1345313,115.189,119.5261875,122.9460625,131.1210938,138.013,143.8180937,151.24775,157.1875938,163.6866563,173.8264063,186.4148438,199.192625,210.9758125
121.3695313,116.4249375,114.621625,110.3475937,109.2565313,110.0431875,111.182,114.319875,115.461,119.6964375,123.4563125,131.9114687,138.8450625,144.4550313,151.8680938,157.5994688,164.197125,174.2960625,186.70525,199.514375,211.47825
120.7576563,115.7502813,114.2140625,110.1478437,109.266875,110.2409375,111.3596562,114.6015938,115.7564062,120.2385,123.9588437,132.809125,139.8155,145.1705625,152.8468438,158.3829375,164.6467813,174.8311563,187.2146875,199.9709687,211.7870937
119.9730625,115.2176875,113.851,109.9136875,109.435375,110.255875,111.4100937,114.9096563,116.04225,120.799875,124.7226875,133.8995625,140.826625,146.0318125,153.7427188,159.360125,165.5885937,175.6773438,187.687,200.7552187,212.355625
119.3824375,114.6507813,113.5736563,109.74925,109.316875,110.4316875,111.7716562,115.015,116.3396562,121.38575,125.3777187,134.59925,141.9434375,146.6539375,154.7523438,160.3121563,166.3239375,176.5316875,188.0894375,201.3074375,213.0536875
118.8670625,114.463875,113.4398125,109.434125,109.2036875,110.4522813,111.650375,115.2790938,116.8777187,121.8255,126.3429687,135.6760625,143.1656875,147.3228125,155.5708125,161.220125,167.1378125,177.3598125,188.7644688,201.9684688,213.65425
118.394,114.0607188,112.9890312,108.9050625,108.8366875,110.13975,111.7273438,115.48475,117.4250625,122.2201562,127.0644375,136.3556563,144.1256875,148.2905,156.3290312,162.0611875,168.1539688,177.8969375,189.2602813,202.6195,214.3418125
118.1169063,113.8223125,112.976375,108.6684375,108.42575,110.0671562,111.5659375,115.6036875,117.8819687,122.8785625,127.8144375,136.9506875,145.031375,149.1055937,157.2960313,163.0924063,168.8942813,178.7513125,190.0331875,203.441125,215.106125
117.7890313,113.885625,112.9745938,108.6022187,108.2684063,110.1797812,111.5351875,115.9800625,118.43875,123.49575,128.7207812,137.4510625,145.826375,149.7939687,157.9685625,163.8274063,169.75525,179.5880625,190.915875,204.0873125,215.9994688
117.6949375,113.9913438,112.9841875,108.7564063,108.084125,109.9316562,111.6346563,116.187375,119.141625,124.352125,129.1904375,138.0869688,146.5456875,150.704125,158.8316875,164.8616875,170.78825,180.5922812,191.7070312,204.7355625,216.881625
117.45425,114.1873438,113.0705312,108.699875,107.9341563,109.8065938,111.460375,116.247875,119.5995938,124.8099375,129.8878125,138.4928125,147.2305313,151.5459375,159.5615625,165.82475,172.1168438,181.7485,192.6182187,205.24575,217.777375
117.2060313,114.1552187,113.0998125,108.9060313,107.4557187,109.7122188,111.5324063,116.3153125,119.9817188,125.4539375,130.606,138.6595625,147.7113125,152.048125,160.3165,166.6630625,173.0493125,182.6472813,193.6507812,205.762375,218.6555625
117.1375312,114.28525,113.0938437,108.874375,107.1529063,109.5310625,111.2415625,116.2411875,120.6664375,125.9741875,131.3640937,139.163,148.271875,152.7614687,160.9592188,167.36725,174.0920313,183.5190313,194.5535937,206.3905312,219.1894063
116.9511563,114.3074062,113.0400625,109.040625,106.9819688,109.5060625,111.3613438,116.3954688,121.3188125,126.5851875,131.6679063,139.201875,148.4801875,153.5416563,161.4735312,168.1964375,175.1805625,184.3825,195.3077187,207.0823438,219.8599375
116.8842813,114.5276562,113.2032187,109.4439062,106.8342188,109.6024688,111.1999375,116.4082187,121.9789062,127.093,132.1165313,139.2817813,148.8303438,153.8496875,162.0536875,169.0200938,176.0478437,185.3223125,196.3470625,207.7670313,220.440875
116.552125,114.685625,113.155125,109.803125,106.9831563,109.6166562,111.323125,116.6850937,122.5895,127.5358438,132.724125,139.7180313,149.2242188,154.2755313,162.378625,169.6039063,177.0970938,186.2744375,197.2092188,208.37325,221.0445938
116.4321562,114.6899375,112.9994688,109.9291875,106.8569375,109.6733438,111.4129375,116.7034375,123.1097188,127.873125,133.0479063,140.1935313,149.6000938,154.8140938,162.7370937,170.3328438,178.2281875,187.2636875,198.022625,209.0548438,221.3500625
116.02125,114.6475938,112.9405312,109.7809688,106.8270938,109.7985313,111.426125,116.7210938,123.3750313,127.9967813,133.7176562,140.3296563,150.0913438,155.3110938,163.0435625,170.7490625,179.3261875,188.1541562,198.80375,209.5426875,221.7121875
115.6905,114.5289062,112.6704375,109.78275,106.6550938,109.8941875,111.7517813,116.8601875,123.7741875,128.5187812,134.5074063,140.8545938,150.4374688,155.7698125,163.4488125,171.0180313,180.1271562,188.8924687,199.648625,210.1393125,222.1318438
115.5259062,114.436375,112.427375,109.681875,106.6776563,110.193125,111.7288125,116.9081875,124.4463438,128.89125,135.1867812,141.3685313,150.938125,156.3928125,163.8359062,171.2615938,181.031625,189.7447812,200.1828125,210.8465313,222.2692813
115.1547188,114.4196875,112.3025,109.9804375,106.9595625,110.6426563,112.24025,117.4485312,125.1535,129.48125,135.597125,141.7747813,151.1098437,156.860125,164.128,171.7474062,181.9610313,190.4835312,200.8767812,211.2754375,222.590375
114.8694063,114.32,112.1659062,110.2819062,107.33225,110.9833438,112.6099375,117.7734063,125.4931562,129.9135625,136.4647813,142.4460313,151.5679375,157.1858438,164.6684375,172.1095,182.707875,191.3313125,201.60725,211.6523125,222.8305625
114.453625,114.1121875,112.0219375,110.4455625,107.7689687,111.3037188,113.0046563,118.3447812,125.752375,130.5000625,137.212375,143.4244688,151.9916563,157.7332187,164.9731875,172.5946563,183.526875,192.2660313,202.1539375,212.0905,223.1224688
114.3596563,114.0602813,111.8590625,110.4224375,108.1250625,111.8547188,113.7097188,118.8432812,126.0320625,130.9826563,138.0501563,144.1814688,152.5389375,158.2560625,165.591,173.1007813,184.2961875,192.9517187,202.7960312,212.6315313,223.3722813
114.231875,114.0145938,111.9405625,110.5414687,108.679625,112.2634063,114.2913125,119.51575,126.36375,131.6846563,139.1035625,144.85975,153.4559687,158.8263438,166.1838125,173.5566875,185.0565938,193.6670938,203.2785312,213.0505625,223.57775
114.2971875,114.0864375,111.9405625,110.8087813,109.3071562,112.7459375,115.1763125,120.1959062,126.9037812,132.5849063,140.0842812,146.105125,154.246,159.4125313,166.921125,174.0005937,185.7055625,194.2512188,203.8729687,213.6032188,223.7474375
114.276125,114.2447188,111.947625,110.92475,109.9267812,113.32475,115.67375,120.9495,127.6985938,133.312375,141.1005625,147.174875,155.0595625,159.9507188,167.6038125,174.6634688,186.3869375,194.7603438,204.1464062,214.2028125,223.857625
114.0742813,114.4066563,112.179875,111.0738438,110.5202188,113.7170313,116.590375,121.8980312,128.2795,134.1222187,142.0355625,148.1639063,155.660375,160.4445313,168.1310938,175.472875,187.01675,195.0094375,204.6812812,214.432,224.3490625
114.0072813,114.4490312,112.4035938,111.2795938,111.0874688,114.1734063,117.2895313,122.576125,128.5662188,134.7911875,143.3056563,149.2935,156.55625,161.1734375,168.7503125,176.0205938,187.5303125,195.6090313,205.0838125,214.8739063,224.7110625
113.9444375,114.59575,112.6983438,111.5357188,111.6100938,114.6462813,118.1074688,123.6386875,129.0447812,135.5556563,144.1982813,150.459375,157.4050313,162.1600938,169.204375,176.8515938,187.9614688,196.0838438,205.551125,215.189375,224.9343125
114.2548125,115.0379375,113.0930625,112.0824063,112.354875,115.4270625,119.2097812,124.408375,129.7891563,136.329625,145.4604063,151.5000938,158.4322813,163.0005938,170.1515,177.4893125,188.2012813,196.3454063,205.8124375,215.497625,225.193
114.7020937,115.4510625,113.7087188,112.693125,112.9419688,116.0661875,120.0725625,125.236625,130.5950313,137.2343125,146.4386563,152.2472813,159.461,163.7562188,170.816625,178.1748125,188.1795,196.8214063,205.920125,215.5269375,225.1188437
115.0340625,115.7617188,114.133625,113.224625,113.3579688,116.4644063,121.108875,125.7167187,131.320625,137.9906563,147.1895,153.193125,160.0071875,164.4229688,171.5139688,178.8429687,187.9785,196.8453438,205.9482812,215.5659063,225.1629687
115.0434687,115.9840625,114.5279375,113.5614063,113.66475,116.8109688,121.8123125,126.459875,132.1698125,138.5680938,147.9312813,153.8343438,160.6820937,164.8805625,171.8284375,179.5055625,187.7304375,196.7878125,205.7706563,215.4975,225.116375
115.2141563,116.2577188,115.0537813,113.8585,113.8056875,116.7441875,122.5050313,127.1919688,132.59125,139.0791562,148.5327813,154.1350313,161.1071563,165.2428125,172.130375,180.144375,187.5527188,196.5569063,205.7282813,215.3148125,225.2334375
115.443,116.5152813,115.3290313,114.3109375,114.0145313,116.9813125,123.0348438,127.67775,133.0171875,139.4996563,149.2455,154.6489062,161.789625,165.7564063,172.3628438,180.2231563,187.40725,196.4637188,205.4614375,215.371125,224.9204062
115.4691875,116.8557188,115.5138438,114.6269063,114.162,117.119,123.5711563,128.3730938,133.2445,139.8410625,149.5010938,154.9410625,162.0355625,166.1600312,172.636,180.5960625,187.231,196.1544062,205.352,215.1709062,224.55525
115.5272813,117.01075,115.810125,114.9730938,114.28875,117.4319687,123.819875,128.4659688,133.6321562,140.1364375,150.020625,155.4841562,162.3776875,166.2735625,172.8470938,180.6004375,186.9047187,195.6508438,204.9211875,214.933625,224.06
115.3903438,116.9616563,115.8476875,114.9697813,114.2641875,117.4482188,124.0732813,128.5612813,134.006125,140.3274375,149.9976562,155.477,162.2799688,166.275375,172.7309688,180.5208437,186.2685937,195.3354063,204.42175,214.415125,223.3245313
115.1363437,116.783125,115.6895625,114.8839688,114.0014375,117.3300625,124.2494688,128.3795625,134.2527813,140.43125,150.014,155.673875,161.9831875,166.34075,172.54425,180.496625,185.6580313,194.6272813,203.89425,213.9633125,222.7809375
114.828125,116.6093125,115.55875,114.8488125,113.744,117.1366563,124.188875,128.6678438,134.5000312,140.5921875,150.0660625,155.5602813,162.00025,166.1295625,172.1279375,180.2970312,185.0869688,194.0565,203.4483125,213.4773125,222.1624688
114.769125,116.5588438,115.4685,115.0353438,113.2844375,116.747625,124.160375,128.6683125,134.535125,140.577375,150.1412812,155.2210938,161.6378438,165.8463125,171.8378438,180.2670312,184.6858125,193.470625,203.0811563,213.0991875,221.6352188
114.6375313,116.187625,115.3229063,115.343375,113.1633125,116.7603438,124.2171875,128.6682813,134.6150625,140.6620313,149.9911875,155.0810625,161.5299688,165.574125,171.5505313,179.676625,184.228,192.9770938,202.5666563,212.70025,220.6811875
114.3713125,115.9625625,115.312625,115.405625,112.9190625,116.5630313,124.1622187,128.7144375,134.3048438,140.6960938,149.551375,154.7485,161.0095313,165.33375,171.3916562,179.5160625,183.8760312,192.4369688,202.2447188,212.0972188,219.8797187
113.9913438,115.4805312,115.200875,115.2212812,112.4755625,116.29725,123.7283125,128.2656875,134.1099375,140.501125,149.1741562,154.8151563,160.93775,164.9666562,170.8975625,178.8433125,183.2886875,191.786375,201.8423125,211.4620625,219.0635937
113.3902813,114.88175,114.550125,114.5919375,111.9017187,115.92325,123.3551562,127.8350938,133.9076875,140.4145313,148.6998437,154.3164063,160.5012188,164.4159063,170.5640938,178.3337813,182.7956563,191.3145938,201.5177813,210.9186875,218.4519062
112.7939062,114.2125938,113.83175,113.9189688,111.2596562,115.4942812,122.7156562,127.4393125,133.4840625,140.3411563,148.3949375,154.1344375,160.2269375,164.0168438,170.2105625,178.06375,182.7371562,190.7566875,201.3834688,210.6634687,217.8885313
112.0177812,113.4025938,113.2414375,113.3913125,110.8607812,114.9458438,122.0015,127.2414375,133.0504688,140.2704063,148.2048437,153.790375,160.2168125,163.4993125,169.8970312,177.6796563,182.8625625,190.2135312,201.3530312,210.5691875,217.5490625
111.3011563,112.775,112.6371563,112.9374375,110.3386875,114.5899063,121.3793438,126.7190625,132.4985938,139.98225,147.8175,153.621625,159.8548438,163.0763125,169.6942812,177.4589062,182.9611875,190.054875,201.2774688,210.442,217.4224063
110.48525,111.8505938,111.98825,112.3789063,110.0724063,114.3616875,120.8389688,126.2761562,131.9471875,139.9965,147.4061875,153.5906562,159.5979375,162.6955,169.6609688,177.1969063,182.8628438,189.976375,201.3280625,210.2293438,217.1013125
109.61725,111.0598438,111.3574063,111.5789375,109.6700938,113.7959688,120.3801875,125.8969375,131.3733125,139.8140625,147.0901875,153.4914687,159.2889063,162.6049375,169.6041563,177.3027813,182.9242188,190.0067188,201.462625,210.1025625,217.03775
108.839875,110.24575,110.5962188,110.8680313,109.0703437,113.3425625,119.8669063,125.294,131.1049687,139.4850313,146.845375,153.4016562,159.4414375,162.3482188,169.5156563,177.00975,182.8935937,190.0734688,201.5215312,210.0600313,217.098375
108.280625,109.4677813,109.71475,109.9261875,108.5564375,113.1447813,119.4742813,124.8347188,130.82375,139.56025,146.6805938,152.9805625,159.2186562,162.0906563,169.7292812,177.2423437,183.2035625,190.3365313,201.6979375,210.319625,217.2245625
107.8340625,108.717625,109.0547188,109.3004688,108.3924063,112.7886875,119.0978125,124.62775,130.5631563,139.4900625,146.6898125,152.7374375,159.0944063,162.04425,169.645875,177.429125,183.7225625,190.5179687,201.9166875,210.6837812,217.3322188
107.3958438,108.1744687,108.844875,108.8262187,108.3735625,112.61025,118.9923125,124.4187188,130.3510625,139.2981875,146.5126563,152.5089063,159.2039375,162.085,169.7647813,177.5193125,184.1945313,190.7337187,201.9867813,210.9990937,217.7755938
106.9616875,107.8359375,108.4945625,108.3424375,108.3041563,112.5365313,118.8660313,124.3213125,130.0098125,139.0477813,146.1418125,152.6453438,159.1397813,162.1689063,170.0237187,177.5976875,184.5153125,191.39975,202.2548125,211.108,218.0255938
106.4125937,107.3823125,108.07125,107.8676875,108.4888125,112.4636562,118.7975937,124.1135,129.87875,138.9526563,146.1605938,152.8629688,159.0558438,162.5000937,170.3805313,177.9834688,184.8565,191.790375,202.625625,211.2584062,218.105875
105.7360937,106.868625,107.5460313,107.3009688,108.5134687,112.280625,118.7045938,124.1511562,129.5444063,138.562375,146.0414063,152.6122187,159.1273438,162.9560313,170.682125,178.36225,185.3292812,192.126,202.8120938,211.4383438,218.2389063
105.2254375,106.3892812,107.0029688,106.9886562,108.24425,112.3640938,118.5671563,124.0085625,129.57625,138.3089062,145.8115313,152.5202188,159.3689688,163.3387188,170.99025,178.5240938,185.6764688,192.478,202.9481875,211.590125,218.5495313
104.9219375,105.9223437,106.6509688,106.694625,108.3675625,112.4459687,118.4958125,124.0661563,129.4949062,138.1705625,145.5507188,152.4246875,159.1492812,163.78825,171.12,179.17125,186.1898125,192.8936563,203.1222187,211.8500625,218.7057812
104.5631563,105.6496562,106.5521563,106.8069688,108.6980938,112.34175,118.4453125,124.4868438,130.0130625,138.153875,145.5676563,152.4463438,159.1164062,164.2542813,171.1170625,179.6440938,186.6045,193.1534688,203.1949062,211.9050938,218.8165938
104.3751875,105.69125,106.8090937,107.023375,108.8699688,112.5154063,118.7075313,124.7774375,130.3140625,138.1821875,145.1961563,152.5165625,159.24325,164.7380312,171.4035,179.9971875,186.7042813,193.5108437,202.9869375,211.8690938,218.84875
103.9094062,105.4916562,106.7220625,107.237,109.0114063,112.6555938,118.9656563,125.317875,130.6539688,138.2375313,145.1524688,152.796625,159.3993125,165.133625,171.632875,180.3913125,186.8418125,193.91525,203.262,211.9231563,218.6155
103.6274063,105.47075,106.96375,107.513,109.3301875,112.979375,119.0885938,125.6528438,131.0679063,138.3995938,145.2780313,153.1151875,159.4402813,165.4935,171.7816875,180.8375,187.0833437,193.9556875,203.0534375,211.894125,218.5473125
103.327125,105.1822188,107.0287188,107.6560625,109.5963438,113.2176563,119.2733125,126.3540937,131.2908125,138.3969687,145.02575,152.8363438,159.6695938,165.8413125,171.9922188,180.9685312,187.1443438,193.96575,202.9709375,211.6609375,218.1966563
103.198375,105.0650625,107.192625,108.0160938,109.9921563,113.71775,119.5583438,126.6969688,131.9817813,138.678125,145.037,153.0447188,160.16,166.2036563,171.980875,180.921375,187.0399375,193.899625,202.8757187,211.4023438,218.033625
103.230625,105.0943437,107.6394063,108.3909375,110.7305625,114.0558125,119.851625,127.1732187,132.283875,138.8967188,145.1588125,153.0808438,160.2086875,166.4541875,171.7946563,180.9790937,187.0611875,193.6585625,202.6595625,211.0120312,217.5518125
102.910125,105.1500312,107.961875,108.671625,111.278625,114.305375,120.0262188,127.8491875,132.8475625,139.2075,145.1416563,153.2218125,160.4684688,166.531375,171.7448438,180.9336875,186.787625,193.3543438,202.1642813,210.4048125,217.1413125
102.7286875,105.199125,108.178875,108.861625,111.4745625,114.6361875,120.2739375,128.1037188,132.8475938,139.0768125,144.8824688,153.1079375,160.3659063,166.4799375,171.4975,180.611125,186.2205937,193.0225938,201.569375,209.85575,216.5817188
102.3426875,104.9786563,108.1524375,108.9413125,111.690625,114.752875,120.3484688,128.35675,132.8819375,138.9836563,144.9871563,152.9990625,160.1701875,166.1454375,171.2140313,180.4457813,185.8820937,192.5534688,201.2757813,209.488875,216.2172813
102.43925,105.2764063,108.3294375,109.0761563,111.757,115.1167188,120.056625,128.24575,132.5497188,138.970625,144.81325,152.8721875,159.685,165.6503438,170.7639375,179.90425,185.4198125,191.903375,200.3594688,208.7030625,215.9277812
102.4914063,105.2695938,108.072375,109.0300313,111.818,115.2543438,119.8235313,128.0234063,132.4388125,138.6882813,144.4108438,152.2802188,159.2917812,165.3461875,170.4299688,179.2087813,184.6464375,191.3951563,200.0273125,207.9634063,215.4382187
102.68875,105.5521563,108.1709687,109.1487813,111.8950313,115.4258125,119.63925,127.6101875,132.3539688,138.6085937,144.2662188,151.8403125,158.8795312,164.6565625,169.8501875,178.5217188,183.976,190.5888125,199.4348437,207.2477188,215.0990625
102.9687812,105.9813125,108.4455,109.2598125,112.0407812,115.51625,119.4742812,127.3106875,132.060625,138.436,143.932375,151.2349687,158.1824375,163.81625,169.3339375,177.7523125,183.1813125,189.851125,198.744,206.5125,214.5452813
103.0348438,106.1882813,108.4513125,109.188375,111.9173438,115.7647813,119.230375,127.0552813,131.6022813,138.0415313,143.3526875,150.7455313,157.8379063,162.9971563,168.7680938,176.9396875,182.1387187,189.0169375,197.7451562,205.7560312,214.0878125
103.432875,106.6229375,108.3697813,108.9950625,111.8011563,115.9390313,118.8596875,126.3898125,131.0092813,137.4711562,142.938625,150.0863125,156.9533125,162.1481875,168.0700625,175.9560938,181.0299375,188.3112812,196.96875,205.0145312,213.554
103.8771875,106.892,108.4339687,108.7546563,111.880625,115.8545313,118.6207813,125.73175,130.5783125,137.1799375,142.6275625,149.4869063,156.1012188,161.031,167.5002812,175.038375,179.96875,187.4012812,196.2019375,204.37825,213.2916563
104.5043438,107.3432188,108.1965,108.6060937,111.693125,116.0390625,118.1674375,125.1185625,129.7651563,136.7427187,142.034125,148.719,155.2204063,160.2340313,166.6655312,173.8135625,178.8184062,186.4722188,195.239,203.3852187,212.7574062
104.885125,107.3795625,107.842,108.2185938,111.572375,115.900375,117.8625938,124.4632187,129.3374688,136.0825313,141.4720938,147.7875313,154.51175,159.4624687,165.8923438,172.7315625,177.5869063,185.5015937,194.7643125,202.5853125,212.1316563
105.3222813,107.5874375,107.949875,107.89975,111.1639688,115.2808125,117.4500938,123.7779375,128.4255938,135.5945938,140.657875,146.7900937,153.531875,158.282125,165.0250938,171.7361875,176.4825625,184.1563438,193.912625,201.8180938,211.3534687
105.6105313,107.812625,107.844375,107.6494688,110.7655313,114.8048437,116.9890625,122.8720938,127.7022813,134.8493125,139.69925,145.791375,152.5231562,157.0337188,163.932875,170.6210938,175.2156875,183.1961562,193.019,201.1252813,210.8020625
106.1405,108.0502188,107.7089687,107.299625,110.1369688,114.30575,116.2574687,122.176625,126.816375,134.0532813,138.9116563,144.946375,151.6758125,156.028625,162.856125,169.4845625,174.1133125,182.1037813,192.1045625,200.5179062,210.2128438
106.8030938,108.5599688,107.6688125,106.9746563,109.6799687,113.6457187,115.54575,121.3024063,126.2290938,133.4990313,138.2998437,144.0166875,150.4997812,154.9992813,161.8604375,168.3478125,172.9744375,181.15675,191.3520938,199.8905938,209.551
107.4021563,108.8679063,107.756125,106.9745,109.304625,113.0220937,115.0052813,120.7494688,125.6737188,133.120125,137.610125,143.3175938,149.7190313,153.853125,160.8950625,167.104625,171.7014375,179.9881562,190.6287187,199.3759063,208.82975
107.9667187,109.0155625,107.6815313,107.080875,108.9078437,112.573375,114.3914375,120.2718438,124.8902813,132.6728438,136.9695,142.6251875,149.3803125,153.1032812,159.7339687,165.9056875,170.4489062,179.018125,189.7415937,198.7239375,207.8985625
108.4237812,109.1777813,107.9745313,106.8820625,108.573,111.7182187,114.0700938,119.863,124.3707188,132.1426563,136.35425,142.14975,148.8957188,151.9858438,158.7812188,164.8336875,169.1443438,177.8839063,189.1455312,198.060625,206.93625
109.0246875,109.5534687,108.4572813,106.8489375,108.2285625,110.6077188,113.6350313,119.4540937,123.7693125,131.8238438,135.5623438,141.5531875,148.1366563,150.9525625,157.68775,163.8098125,167.985,176.6991875,188.2802813,197.5137813,206.003625
109.5885,109.8977813,108.5734375,106.9310313,108.0891563,110.1569375,113.1995625,119.0817188,123.4429375,131.28275,135.1412187,141.1039688,147.5568125,150.0046875,156.4509375,162.6584688,166.8369063,175.7599688,187.330625,196.8295312,205.2281562
110.4233125,110.3695,108.91975,107.0417188,107.96275,109.5030938,112.783125,119.12075,123.022875,131.0552813,134.9799687,140.8058438,146.9656875,149.4351875,155.3305313,161.4700938,165.82275,174.6416875,186.4761563,196.1887812,204.3711562
111.1551875,110.8888437,109.3532813,107.2353125,107.83,108.9600625,112.7774688,119.0590625,122.6964375,130.9058125,134.7985,140.4839375,146.2060313,148.6535313,154.196375,160.4012813,164.774875,173.4097813,185.568375,195.4375625,203.4918125
111.663875,111.2865938,109.721625,107.7082187,107.9443438,108.5601875,112.607375,119.1475625,122.381875,130.7279063,134.5215,140.4402813,145.719375,147.78675,153.2941563,159.310125,163.6575625,172.3465312,184.8317813,194.6562813,202.5166875
112.34625,111.7323438,110.26875,108.1183125,108.0508438,108.272375,112.5843438,118.9473125,122.217125,130.685625,134.256375,140.2234063,145.5022813,147.0810625,152.3963125,158.3535938,162.7844063,171.3035937,183.7724375,193.8880312,201.622
113.0575938,112.6250313,111.07425,108.599125,108.2139375,107.789625,112.6548125,119.0589687,122.0741563,130.5014063,133.795375,140.1050938,145.04125,146.32025,151.8816875,157.4980938,161.873375,170.1825312,183.0795938,193.0549375,200.8103438
113.9401875,113.6406563,111.8363125,109.21125,108.4820938,107.5846875,112.6081875,119.0766563,122.1230625,130.5215,133.3510625,139.8489688,144.59,145.9119688,151.1588438,156.7115,161.202125,169.1829062,182.083625,192.3585313,200.2894062
114.7224062,114.5618438,112.6480313,109.8957188,108.7960313,107.8723437,112.7439688,119.3711562,122.1918438,130.1419375,133.2811875,139.5481563,144.298625,145.458,150.6675312,155.89225,160.3079688,168.3891875,181.0003125,191.453625,199.8222813
115.5544375,115.6037188,113.5095938,110.7361563,109.117625,107.948875,113.0897812,119.9724687,122.3150625,130.1669062,133.1415938,139.2020313,144.106375,145.1153125,150.2245,155.0547813,159.680625,167.675625,180.0749375,190.6571562,199.3320312
116.2986875,116.4714687,114.3628438,111.5725625,109.4121875,108.409125,113.4809687,120.2682188,122.3930313,129.9854063,132.8371563,138.8974063,143.5311875,144.5917813,149.62325,154.3403125,158.96575,166.9354375,179.26175,189.8085625,198.7344687
116.8402187,117.1430937,115.14675,112.2263438,110.1935937,108.91125,113.5703125,120.5900938,122.5229063,129.7670938,132.50375,138.6108438,143.0448125,144.1772188,149.4499375,153.6802812,158.2712813,166.4388438,178.5392187,189.1130938,198.15725
117.7580938,118.1632188,115.9874687,112.895875,110.7913125,109.4567813,114.0272812,120.6371562,122.7646875,129.723375,132.1000312,138.093625,142.5042813,143.8422188,149.1559688,153.1141562,157.8444375,165.7718125,177.6629063,188.5643437,197.8030938
118.5334688,119.1255313,116.8893438,113.7705938,111.5448125,110.1293125,114.4003437,121.1783438,122.91475,129.4569688,131.773,137.662625,141.9712188,143.6988125,148.8390625,152.5324063,157.3145938,165.1808438,177.0643437,188.0108125,197.5779062
119.4123438,120.0078125,117.6429375,114.4486563,112.2132813,110.8842813,114.5896875,121.2847188,123.0815625,129.337375,131.5536563,137.0359375,141.4233438,143.5438437,148.4151563,152.0140313,156.95875,164.5835,176.304125,187.4365625,197.4136875
120.283125,121.1423125,118.8749063,115.1913125,112.9639375,111.6787188,115.0108125,121.5921563,123.0955938,129.0206875,131.4682813,136.3548125,141.0449375,143.2545937,148.212125,151.6720625,156.5429063,164.1273125,175.6087813,186.805625,197.2921875
121.3915625,122.3004375,119.8701563,116.0520625,113.7244375,112.2324688,115.2912812,121.9395313,123.1015625,129.1760625,131.10375,135.833125,140.9140313,143.0110938,148.0227188,151.2393125,156.4674063,163.8785313,175.217375,186.5280625,197.0119375
122.4704375,123.4478125,121.0375625,116.833125,114.5434375,113.0167188,115.6170313,121.8795,123.1529375,129.094125,130.8035938,135.4221563,140.2609375,142.7735625,147.63725,151.078875,156.1435313,163.698375,174.885,186.2422812,196.8357812
123.4926563,124.6604375,122.1074688,117.5510938,115.5847188,113.6437813,115.7885312,122.1165625,123.1271875,128.9618125,130.4557813,135.1354063,140.00225,142.7811875,147.7256563,150.9331563,156.0930313,163.6343125,174.4648125,186.1127187,196.7126562
124.8047188,126.3039063,123.0680938,118.6961563,116.4199688,114.2779063,116.2225,122.0558438,122.9285937,128.76825,130.0664063,134.6998125,139.9284688,142.8469688,147.6668438,150.912125,156.0116563,163.6506563,174.1451563,185.9636562,196.737625
125.858875,127.3886563,124.10875,119.665,117.1717813,115.128875,116.34475,122.1625938,122.6059375,128.444,129.705,134.377375,139.8158438,143.0073438,147.3454688,150.7848125,155.8569375,163.7085625,173.9813125,185.8271562,196.736
126.9532813,128.43375,124.8057813,120.3033125,117.771625,115.58075,116.1851562,121.7450625,122.3193438,128.2615313,129.5805,133.8179375,139.6169375,143.0542188,147.203625,150.8205938,155.6433437,163.7209062,173.9501563,185.5841875,196.728125
127.9023438,129.5614063,125.6081563,120.8828437,118.2524688,116.0191563,116.11425,121.58025,122.0439688,128.1507188,129.3900625,133.5391563,139.4435938,142.9675938,147.1461875,150.9214375,155.5738438,163.8389375,173.903875,185.60575,196.5960625
128.8144063,130.1600938,125.911375,121.448625,118.7329375,116.1947188,115.8177813,121.35225,121.8292813,128.1780938,129.221375,133.4098125,139.2820313,142.8841563,146.986625,150.8200938,155.573125,164.0599687,174.1884063,185.9054375,196.3105625
129.4793125,130.928,126.4659375,121.9267187,119.3741875,116.4291875,115.8479688,120.9847813,121.5759375,127.9787188,129.153,133.437,138.956,142.8066563,146.606125,150.9425938,155.47825,164.1181875,174.4609688,185.9631563,196.3700313
130.0795313,131.3589375,126.6646875,122.212625,119.7457813,116.5655625,115.9424062,120.8547813,121.18125,127.6449063,128.8367188,133.3220625,138.7575937,142.8648125,146.549875,150.8320313,155.5637188,164.1327813,174.509625,186.0315625,196.3875625
130.5589688,131.8318125,126.7645625,122.57375,119.7857813,116.6314063,115.917,120.2668125,120.7304063,127.2725938,128.50925,132.7862813,138.81075,142.9354062,146.4164687,150.902625,155.390625,164.021375,174.558125,186.0714063,196.5122812
130.6131875,131.7622813,126.8309375,122.4007812,119.6840938,116.5227188,115.54275,119.773875,120.10075,126.8015625,127.9135625,132.4165,138.5842813,142.7129063,146.1522813,150.7529687,155.442,163.8732812,174.69325,186.0035313,196.5210313
130.3916875,131.5645938,126.3620938,121.9723125,119.536625,115.8655,114.8775625,118.9467188,119.529375,126.306125,127.5997813,131.818125,138.2418438,142.521,146.2372813,150.7529375,155.339375,163.8162812,174.8775938,185.9081563,196.5616875
130.0144687,131.1434063,125.8752188,121.40225,118.873625,115.2067813,114.3897813,118.21575,118.8658438,125.6450625,126.9738125,131.4890938,137.5848125,141.9975625,146.0739063,150.7237813,155.3537188,163.7215313,174.7903437,185.9627812,196.57075
129.4209688,130.3460625,125.0410938,120.8057188,118.2059062,114.2601875,113.7460937,117.3354687,118.0287813,124.72425,126.3848438,131.036625,136.8363438,141.50175,145.8817188,150.4930938,155.29225,163.8378438,174.8892813,185.9751875,196.673125
128.3799375,129.5849375,124.283375,120.2654062,117.606625,113.5008125,113.2090937,116.3665625,117.1439063,123.6360625,125.5441563,130.3909688,136.2007188,140.9737188,145.3724063,150.15225,155.1958438,163.7269375,175.0084688,185.7839062,196.8641875
127.2254375,128.190625,123.0879375,119.5753437,116.4015937,112.733125,112.3863125,115.3758438,116.14025,122.5113125,124.5495313,129.4728125,135.4349062,140.7563438,145.33825,149.7307188,155.2192188,163.661,174.9305,185.7928125,196.8157188
125.7761875,126.84275,121.9809688,118.7120938,115.1248125,111.56075,111.3004688,114.0125313,115.2909375,121.4797188,123.835125,128.4163125,134.8709063,140.3987188,144.9934375,149.7914375,155.1572813,163.4695625,174.967875,185.8010938,196.8205313
124.1569062,125.0996562,120.7339375,117.5428125,113.9270312,110.3517812,110.131375,112.959625,114.3701875,120.3976875,123.1135938,127.784875,134.1272812,139.7030313,144.8763125,149.3881875,155.1537187,163.4322813,175.1074375,185.7967188,196.6968125
122.3880938,123.1790313,119.1326875,116.21325,112.6639688,108.9693438,108.9289688,111.6523125,113.66425,119.419375,122.6154375,126.9537812,133.1929687,139.0367813,144.7969688,149.1051563,154.923125,163.4577813,175.1842812,185.82525,196.5697812
120.83175,121.4869375,117.8916875,114.8254375,111.0716875,107.7675937,108.0380938,110.707125,112.9450625,118.395625,121.7421563,126.3415625,132.2515938,138.3689375,144.274125,148.8697812,154.7646875,163.39275,175.1976562,185.7159687,196.692875
119.0922812,119.7180625,116.294375,113.3523438,109.7240313,106.3870625,107.1174375,109.8374063,111.897875,117.3726875,120.859375,125.7720312,131.5722188,137.8037813,144.083625,148.5536875,154.591875,163.5904375,175.310375,185.699375,196.777
116.9926562,117.7714063,114.938375,111.992625,108.4201875,105.532875,106.389625,109.0158125,111.2148125,116.6431875,119.88925,125.0639063,131.0202812,137.4755625,143.7301563,148.289375,154.433875,163.5624688,175.4257188,185.65425,196.9146875
114.91775,115.5567813,113.2044688,110.5796563,106.6221875,104.442625,105.2423125,108.1654688,110.4965625,115.8233125,119.1544375,124.46225,130.6077813,137.4852812,143.9857813,148.3933437,154.5882188,163.841375,175.3383437,185.6640313,196.8973438
112.8750937,113.4732813,111.5090937,108.9344063,105.045,102.868875,104.104625,107.0817813,109.7850313,115.0485,118.88575,123.926,130.183125,137.080875,143.9266875,148.8061875,154.84425,164.1760625,175.4313438,185.5844375,196.8559062
110.8094688,111.2644063,109.758375,107.3635,103.5408125,101.7920938,102.8658438,106.3550313,109.0975313,114.4069688,118.4886875,123.8076875,129.9414688,136.714,144.301625,148.527,154.8640937,164.65575,175.5810938,185.5889063,196.673625
108.8553125,109.1027188,108.0114687,105.7835,102.0509687,100.6335938,101.9561875,105.4995937,108.6019688,113.8315313,118.090125,123.5680312,129.5560313,136.3700937,144.354625,148.5791563,154.92575,165.21775,175.7272188,185.5820938,196.5174063
107.215,107.1491875,106.4545937,104.2799375,100.6040625,99.69965625,101.0355,105.07375,108.1630938,113.331875,117.3123125,123.5060625,129.364125,136.3312187,144.0825625,148.6920313,155.1707187,165.6729062,175.9427188,185.6341875,196.5049375
105.3015,105.2014688,104.6534687,102.8294062,99.30325,98.5981875,100.1145625,104.509,107.6265937,112.8960313,116.8676875,123.3613125,129.2983125,136.0201563,144.1190313,148.792,155.5268437,166.1472188,176.122625,185.9571875,196.4286563
103.1395313,103.0805,103.1399375,101.3729687,98.0575,97.75553125,99.3335,103.9638437,107.5443125,112.5300937,116.4851875,123.0680313,129.1779688,136.080375,144.15975,149.01975,155.9331875,166.5989687,176.5005,186.3381875,196.437
101.3148125,101.0450938,101.393375,99.84253125,96.64021875,96.689375,98.299125,103.4610313,107.290625,112.00625,116.3149687,122.8390312,129.086125,136.0095,144.220125,149.505125,156.558625,167.315125,176.7608125,186.565625,196.30575
99.7855,99.0388125,99.7345,98.20090625,95.55209375,95.65078125,97.46784375,102.8864063,106.8305,111.7255937,116.2045,122.7635313,128.8227813,135.9837813,144.288,149.7123438,157.0905,167.852875,177.244125,186.7638125,196.3104687
98.05246875,97.26428125,98.21415625,96.66328125,94.47934375,94.9868125,96.65875,102.5668438,106.5959375,111.5507813,115.7630938,122.7575625,128.904125,135.8937813,144.6199063,149.6480625,157.4267188,168.3495938,177.6940625,186.8874687,196.2153125
96.481875,95.51471875,96.5955625,95.219,93.47540625,94.00196875,96.14465625,102.2471875,106.2305937,111.2276562,115.3682188,122.7157813,128.8560313,135.88225,144.5610313,149.9650625,157.9689688,168.8844063,178.194875,187.1689375,196.379625
95.07246875,93.99696875,94.9596875,93.95240625,92.5536875,93.11675,95.49975,102.1415312,105.86175,111.1598125,114.8575625,122.702125,128.9720938,136.0388125,144.516125,150.172875,158.58075,169.1928438,178.459,187.6862812,196.4965313
93.46425,92.5305,93.50934375,92.7310625,91.32,92.07346875,94.92428125,101.6274062,105.474125,110.9955312,114.705125,122.609875,129.1207187,135.9258438,144.6481875,150.4051562,159.1490938,169.5365625,178.6999687,188.084125,196.7550938
91.9135,90.92271875,91.9695625,91.50353125,90.2753125,91.065375,94.367625,101.0938437,105.1407812,110.6785,114.5294375,122.5609375,129.316,136.051125,144.842875,150.546375,159.5770312,170.1753438,179.1202187,188.4763125,196.8956563
90.8776875,89.70009375,90.68696875,90.5378125,89.45925,90.33234375,93.73628125,100.69825,104.6784375,110.4649688,114.4660938,122.5250313,129.3303438,135.8484063,144.86725,150.7226875,160.071375,170.679625,179.5168125,188.767125,196.932375
89.929625,88.59890625,89.4474375,89.6503125,88.8398125,89.6184375,93.23471875,100.2782188,104.1493438,110.4437813,114.1409687,122.63225,129.2833437,135.9820313,144.9444375,150.528375,160.5245,170.9115313,179.9643438,189.0208125,197.0831875
88.982125,87.7699375,88.45878125,88.87365625,88.2135625,88.99321875,92.91259375,100.0179375,104.07075,110.26475,114.0101875,122.4836563,129.3721875,135.5754063,144.9939062,150.6000937,160.8359063,171.178,180.2092813,189.3893438,197.0193125
88.0874375,86.9411875,87.4855,88.059625,87.7071875,88.23165625,92.66428125,99.65190625,103.8743125,110.07875,113.838125,122.4511875,129.3227813,135.3852813,144.6859063,150.7090312,161.0402813,171.3282188,180.3949063,189.857125,197.5187188
87.239625,86.36321875,86.660125,87.36565625,87.140375,87.6331875,92.4106875,99.46884375,103.7319688,109.9853125,113.7579375,122.17225,129.3105,135.2071563,144.5870625,150.7320312,161.2332813,171.3293437,180.495375,190.3083438,197.73275
86.34921875,85.63440625,86.02859375,86.54690625,86.23478125,87.0600625,92.17046875,99.1445625,103.6020313,109.821375,113.65875,121.8442187,129.1953125,135.0250938,144.5874375,150.800875,161.2933125,171.6903437,180.925625,190.4452813,198.1033125
85.5510625,84.89465625,85.160625,85.7188125,85.7783125,86.6636875,92.11634375,98.877875,103.364,109.677,113.6172188,121.7290937,129.1225,135.2254688,144.5363125,150.8670625,161.2662813,172.02825,181.3015312,190.5558437,198.3269375
85.2376875,84.410875,84.7501875,85.10584375,85.55146875,86.58178125,92.01021875,98.85096875,103.1579063,109.6177812,113.5084688,121.5483437,128.9031563,135.1974063,144.645125,151.1682812,161.4145625,171.9463437,181.6391875,190.6482188,198.6382187
84.7931875,83.80634375,84.0853125,84.44928125,85.2816875,86.3684375,92.0796875,98.74875,103.0208125,109.6767187,113.2934063,121.4417812,128.7476875,135.4620625,144.5790938,151.210125,161.5095625,171.8282188,181.814,190.8072187,198.85575
84.501375,83.35515625,83.61175,84.07109375,85.01715625,86.11503125,92.0850625,98.6218125,102.9445312,109.431625,113.5286563,121.1345312,128.766875,135.2489063,144.5459063,151.3525937,161.4410312,171.7922812,181.8502188,191.118875,198.9608125
84.0069375,83.06684375,83.1646875,83.540375,84.79284375,85.86915625,92.123125,98.38165625,102.8185312,109.2206563,113.3989063,121.0326563,128.8094063,135.1718438,144.46625,151.4565625,161.2326563,171.760375,181.9353437,191.4012188,199.452875
83.630875,82.74828125,82.64390625,83.1011875,84.46071875,85.7493125,92.09496875,98.258125,102.7560313,108.8164063,113.4835,120.6736563,128.5393125,135.1562188,144.352375,151.6356875,161.28675,171.7403125,182.2176562,191.563,199.535125
83.31215625,82.3313125,82.2895625,82.64,84.20528125,85.76809375,91.92971875,98.037375,102.6914063,108.5356563,113.398625,120.4603125,128.145375,135.2490938,144.2705938,151.8670938,161.1134375,171.982,182.58375,191.6562188,199.779875
83.052875,81.9998125,81.8644375,82.1833125,84.3438125,85.763,91.8678125,97.75796875,102.6929375,108.0954687,113.6045313,120.4024688,127.8455,135.436125,144.1080313,152.2737812,161.2910313,171.9498437,182.7904063,191.805875,199.7682812
83.10428125,81.82553125,81.7501875,81.9395625,84.285,85.79634375,91.6229375,97.79971875,102.7664688,107.8215625,113.5674688,120.2971563,127.5801563,135.3603125,144.3524063,152.7218125,161.6014687,171.9530937,182.9567187,192.1135,199.9991875
82.8629375,81.54540625,81.41565625,81.55178125,84.275,85.87175,91.7063125,97.7515,103.0184688,107.784,113.6168125,120.3376563,127.47475,135.6509063,144.2675937,152.9187813,161.8540625,172.1281875,183.1429375,192.7730313,200.111
82.6831875,81.395875,81.28659375,81.51278125,84.22734375,85.87121875,91.62953125,97.6394375,103.1468125,107.5587188,113.6834063,120.2900938,127.7565938,135.65325,144.390375,153.1749688,162.2194688,172.439,183.4461563,193.18175,200.4269375
82.34946875,81.3364375,81.1725625,81.295,84.24028125,85.93478125,91.8119375,97.8315625,103.499,107.531,113.6110625,120.5285937,128.0775313,135.7675313,144.6335625,153.6116875,162.5775,172.7886875,183.8904687,193.7700312,200.8388437
82.27853125,81.21353125,81.171375,81.3385625,84.31303125,86.13415625,91.98984375,98.11940625,103.78025,107.5647188,113.9852188,120.7013125,128.1615938,136.09525,144.76375,153.970875,163.0580312,173.1872187,184.4217813,194.1188437,200.995
82.37784375,81.31821875,81.34184375,81.73340625,84.74728125,86.52259375,92.427125,98.4860625,104.019,107.8664375,114.2263125,121.1062812,128.3644063,136.3463125,144.8639062,154.2792812,163.2701875,173.5762813,184.6629688,194.6239688,201.2532813
82.6528125,81.5296875,81.60215625,82.126875,85.315375,86.88125,92.96096875,98.86521875,104.4111875,108.240375,114.79575,121.6980937,128.7293437,136.3776563,145.2161875,154.74525,163.9140625,173.8577187,184.8645312,195.09175,201.4646875
83.0376875,82.02559375,82.13928125,82.7625,85.81834375,87.4718125,93.392375,99.39559375,104.6440312,108.9010312,115.327,122.2669062,129.0892813,136.357125,145.6340625,154.905,164.3072813,174.16325,184.8636562,195.6773125,201.9662188
83.24265625,82.5446875,82.57409375,83.39975,86.5461875,88.17621875,94.18009375,99.980375,105.2300313,109.491125,115.9057188,122.727125,129.5255625,136.5623125,145.8370625,154.9944063,164.8202188,174.5780312,185.1264375,196.3781563,202.2469063
83.4651875,83.007,83.08303125,84.22840625,87.053625,88.68015625,94.89409375,100.572125,105.938375,110.003625,116.4631875,123.1835312,130.1505625,136.5044375,146.161375,155.2310625,165.4353125,175.1249375,185.3323438,196.4677812,202.6865625
83.79190625,83.73625,83.69075,84.8856875,87.64296875,89.41934375,95.58065625,101.4180625,106.6859375,110.6431875,117.1458438,123.7119062,130.5549375,136.6065625,146.3780313,155.3903438,165.988125,175.5166875,185.4376875,196.7992187,203.011125
84.34496875,84.3739375,84.672375,85.9559375,88.50946875,90.31371875,96.32903125,101.9750312,107.3625937,111.2432188,118.0193125,124.0456563,130.8803125,136.9406875,146.5718125,155.4593438,166.3505,175.8808438,185.6259688,196.7567188,203.1621875
85.08909375,85.3528125,85.52671875,87.189,89.49309375,91.27003125,97.3410625,102.6864063,108.1404062,111.9676875,118.4726562,124.4594063,131.0423125,137.112125,146.6864062,155.3570313,166.5859688,176.253,185.6726563,196.9740938,203.4579375
85.74571875,86.12265625,86.30915625,87.923125,90.1735625,92.00740625,98.08434375,103.390875,108.914125,112.7322187,119.0556563,124.8430313,131.2885938,137.3635938,147.206,155.2929375,166.7539375,176.5289687,185.72325,197.0969063,203.7391875
86.44996875,87.22715625,87.1736875,89.0295,90.9930625,92.85075,98.8479375,104.2569688,109.6018437,113.5071875,119.691375,125.0973125,131.5678437,137.5933437,147.2522812,154.8390313,166.6681875,176.5804062,185.5095,197.2241562,204.11525
87.048375,87.97846875,87.82296875,89.86628125,91.7723125,93.63575,99.746,105.2115625,110.4770312,114.0602813,120.106375,125.2528437,132.0281562,137.9398438,147.3335312,154.6607188,166.738,176.7441562,185.7990938,197.1844062,204.4100938
87.63571875,88.55784375,88.35178125,90.629125,92.37328125,94.30278125,100.5712188,106.0054688,111.3958125,114.9016875,120.7334687,125.5168125,132.4765938,138.2565313,147.4578437,154.4774688,166.661875,176.8668125,185.8069687,196.87025,204.6803125
88.27309375,89.3229375,88.92703125,91.3378125,93.05915625,95.09334375,101.2319688,106.6795,111.911875,115.67975,121.4521563,125.6601562,132.8725938,138.6670938,147.509875,154.2698438,166.5521875,176.7064063,185.8191563,196.6099062,204.682125
88.94021875,89.88875,89.578,92.2530625,93.88003125,95.82853125,102.054375,107.131625,112.6064375,116.2248437,122.1825,125.7890937,133.2282813,139.2339063,147.606375,154.1711563,166.2396875,176.594625,185.8529687,196.2635,204.605
89.5400625,90.58378125,89.88309375,92.74603125,94.3708125,96.57659375,102.5632812,107.66875,113.0700938,116.772,122.5175313,126.26275,133.5125,139.6795313,147.8615312,154.074,165.9452813,176.5847813,185.6606875,196.2919687,204.7526875
89.8323125,90.901,90.0631875,92.64771875,94.5931875,96.9625625,102.7068438,108.0427187,113.4505625,117.1565937,122.8802188,126.56,133.9251875,140.2821875,148.1734063,154.03,165.5629375,176.553,185.4414062,195.9616875,204.7810625
90.12246875,91.40121875,90.3060625,93.12996875,94.96534375,97.4541875,103.1255,108.6270625,114.0879375,117.6744687,123.2074062,126.7673437,134.3876563,140.6389375,148.0257813,153.8008438,165.336875,176.3629688,185.0910625,195.666125,204.8647188
90.3208125,91.539625,90.4939375,93.06625,95.045,97.93675,103.4420625,109.0229063,114.6120313,117.8555937,123.3173438,127.1125937,135.106875,141.103875,148.061375,153.7606563,165.2554688,176.3336563,185.1104688,195.3458125,204.8113125
90.7255625,91.8563125,90.7354375,93.13809375,95.17859375,98.4251875,103.5695625,109.352375,115.243875,118.404625,123.6103438,127.3943125,135.6561562,141.4448438,148.2222812,153.63875,165.2886875,176.2513438,184.8893438,195.1866875,204.742
91.23809375,92.316125,91.3603125,93.47146875,95.51090625,98.84584375,103.7867812,109.6405313,115.6339688,118.6997187,123.8996875,127.78975,136.1829375,141.8423438,148.3429688,153.8150938,165.3628125,175.9904375,184.6105625,195.016375,204.5408438
91.8763125,92.76584375,91.9045625,93.81925,95.8279375,99.3285,104.3579375,110.04625,116.01075,118.8981875,124.279625,128.3307812,136.6670312,142.3541875,148.5259375,153.9112813,165.2993438,175.903875,184.3731875,194.9915938,204.482375
92.3648125,93.30146875,92.4685625,94.01303125,95.97384375,100.0180938,104.7460313,110.4732812,116.063375,119.2749375,124.628125,129.0553437,137.3131563,142.8173125,148.9912813,154.2064688,165.3224063,175.8422812,184.024125,195.0939375,204.48075
93.0369375,94.0360625,93.23434375,93.96721875,96.43584375,100.3638437,105.314875,110.8743437,116.3297187,119.6969062,125.0456563,129.6525313,137.8745,143.2449375,149.364625,154.6133125,165.5235938,175.8842188,183.9161875,194.77125,204.44875
93.717375,94.7591875,94.1304375,94.6591875,97.17175,101.0060937,106.1150938,111.354125,116.7892188,120.4811563,125.586625,130.2899687,138.6219375,143.6270938,149.5884063,155.1619375,166.0263125,175.6877812,183.7125312,194.8755313,204.5834688
94.61753125,95.45309375,95.3430625,95.2645625,97.94140625,101.9370312,106.9112188,111.84275,117.232125,121.057875,126.2135938,131.1817188,139.5108437,144.24375,150.2443437,155.9399688,166.6553438,175.8123125,183.7497812,194.8053437,204.7351563
95.73015625,96.32125,96.53090625,96.13175,98.89828125,102.8740312,107.6010937,112.4052188,117.8080313,121.8940625,126.9764688,132.0270313,140.109,144.8248125,151.0950625,156.78925,167.2911563,176.0444688,183.6925625,194.847125,204.8839063
96.94671875,97.43521875,98.08096875,97.34078125,99.92321875,103.892375,108.7148437,113.0282188,118.3523437,122.6077813,127.6190938,133.0714688,140.8101563,145.580625,151.8374375,157.759875,167.7150625,176.1657813,183.5946875,194.7885313,205.0740937
98.10734375,98.742375,99.470625,98.55421875,100.8831563,104.9398125,110.0006562,113.738625,118.8473125,123.2933438,128.4395625,134.0564688,141.5791563,146.3273125,152.6485,158.6707188,168.1539063,176.6204063,183.665,194.8485938,205.4703125
99.315,100.1901875,101.201125,99.7668125,101.9919375,106.2225625,111.0971562,114.5377188,119.47175,124.1235938,129.212375,134.969125,142.4274375,147.1138438,153.5179688,159.6977813,168.84,177.176125,183.8265625,194.9891875,205.8364688
100.9520625,101.8660312,103.0107188,100.933375,103.2912188,107.1816563,112.3214687,115.5951563,120.4476563,124.831875,129.8560313,135.9084688,143.0226875,147.8304063,154.4352188,160.678,169.6502813,177.7433438,184.3550312,195.1998438,206.22625
102.4925312,103.371625,104.671375,102.7083438,104.6156563,108.4994688,113.675375,116.6935938,121.4917812,125.7156563,130.8594375,136.831125,144.0316563,148.7356563,155.36825,161.7586563,170.4874375,178.1997813,184.7942812,195.8721875,206.7012813
104.31525,104.9530938,106.5615,104.2871875,105.9368125,110.0046875,115.1230625,117.9270625,122.6056875,126.6178125,131.7549063,137.8842188,144.9410625,149.7956875,156.6407188,163.1160313,171.2517187,178.7924063,185.4292187,196.1175625,207.2883125
105.9822812,106.5147813,108.044125,105.6413438,107.3710625,111.5472813,116.4505938,118.9683438,123.5070312,127.5655625,132.64725,138.9169688,145.653,150.886375,157.7171563,164.1985938,171.7795313,179.438,186.1226562,196.503375,207.7338438
107.4752813,108.059875,109.7434687,107.0446562,108.831125,112.9254688,118.0441875,120.17075,124.5538125,128.4244688,133.4995,139.8045313,146.6369375,152.1365937,158.825875,165.2405625,172.3488438,179.9485,187.0080938,196.8355625,208.2301563
108.7551563,109.6541875,111.1904062,108.409,110.1830625,114.0966875,119.5033125,121.4143125,125.4675625,129.2537813,134.5999375,140.823,147.6177188,153.310375,159.9911563,166.4530625,173.0265,180.7272812,187.7992188,197.2884063,208.6056563
110.1927813,111.0435625,112.6902188,109.6900625,111.6359687,115.3189688,120.3736875,122.4697813,126.3634375,130.173,135.6720312,141.7791563,148.558,154.4343125,161.03925,167.5072188,173.806625,181.520875,188.6716562,197.7839063,209.0883125
111.735375,112.5496875,114.114125,111.1102188,112.9616875,116.4084688,121.3166875,123.5804688,127.49125,131.0781563,136.4586563,142.762375,149.2684688,155.487875,162.1200313,168.5105312,174.6134375,182.3224688,189.621375,198.4245938,209.6119375
113.1356562,114.00525,115.244125,112.62725,114.1960625,117.5337187,122.2502188,124.5704375,128.6016563,132.2450625,137.7234375,143.848375,150.3576563,156.4377188,163.1806562,169.6755,175.4129375,183.19975,190.4274375,198.98975,210.0074063
114.6046875,115.36625,116.3863125,113.704875,115.205625,118.7521875,123.2053438,125.642375,129.6442812,133.2802813,138.5909375,144.8025313,151.2344688,157.5607813,164.123,170.9034687,176.1273438,183.9965313,191.19125,199.3490625,210.281125
115.8399688,116.672375,117.1384375,114.4370937,116.0007187,119.946,124.0040625,126.7038125,130.466875,134.1665313,139.63125,145.8264063,152.2583125,158.5332188,164.8606875,171.6407812,176.9203438,184.7993125,192.0413125,199.9823125,210.6065
117.0295312,117.93875,118.1714687,115.4536875,116.7991875,120.6008125,124.5833438,127.8914063,131.5880313,134.970625,140.7991563,146.8875313,153.4376563,159.6128438,165.9470312,172.6008125,177.9810625,185.4862188,192.956,200.975375,210.8422812
118.250125,119.1000625,119.0392812,116.6355,117.6457188,121.49875,125.1872188,129.04025,132.60325,136.0622813,142.0297813,148.1967188,154.58725,160.5690313,166.9709375,173.75975,178.9432813,186.2337813,193.6485938,201.9564375,211.0823437
119.5145625,120.0045938,119.8279688,117.7371875,118.6244062,122.4247188,125.4627188,129.8065625,133.6860312,137.2276875,143.1341875,149.3149688,155.6287188,161.7544688,168.0118437,174.734875,179.8554063,186.9365,194.6051563,202.8702813,211.51425
120.6775938,121.1920313,120.7119688,118.6159063,119.5586563,123.2659688,126.1542813,130.7596875,134.9339688,138.6175625,144.1030313,150.4004062,156.683625,162.9165,168.9661875,175.7690625,180.7860938,187.7906875,195.4954688,203.8301562,211.7705312
121.8785313,122.3208438,121.4225,119.6795938,120.5281875,124.0855937,126.7323125,131.9356563,136.2354688,140.0906563,145.3803438,151.79775,157.9073125,163.8475625,170.0686875,176.895,181.6381562,188.5748125,196.3298125,204.5470312,211.8267188
122.9925313,123.313625,122.126625,120.4529688,121.3688125,125.0015313,127.4764375,133.179125,137.2504375,141.3694063,146.588125,152.8779063,159.0165,165.0399375,170.980625,177.7884375,182.4330313,189.2491875,197.1416562,205.269625,212.0456875
123.997,124.1259688,122.7508437,121.1856563,122.0651875,125.9458438,128.2205625,134.3976875,138.4286563,142.6475625,148.0560625,154.1131563,160.077,166.1665938,171.8457188,178.5225313,183.3778437,190.0606875,198.052875,206.2419375,212.5984687
125.103375,125.1062813,123.6735625,122.349125,122.902625,126.420375,128.848,135.530875,139.6724063,144.0754375,149.5950625,155.6074063,160.997875,167.3464063,173.168125,179.5644375,184.2572813,190.9090937,198.7621563,207.2444375,212.9287188
126.2935938,125.97575,124.4162188,123.3049062,123.8381563,127.3585938,129.6830938,136.7329062,140.858,145.6925938,150.9769063,156.9908125,162.1595625,168.2435938,174.359875,180.8032188,184.9510938,191.7846875,199.3945,208.0534375,213.5028437
127.5924063,127.038625,125.1909375,124.1676875,124.6569688,128.3238125,130.66275,137.754625,142.0792188,147.3542813,152.0243125,158.15175,163.3700312,169.3614063,175.40625,181.887125,185.967125,192.6838125,200.1703438,208.698,214.1376875
128.7126563,128.2184688,126.1099688,124.9260937,125.5831875,129.253625,131.8386875,139.0277188,143.3481875,148.9279688,153.348125,159.322875,164.778875,170.4005937,176.3221875,183.0538438,186.9721562,193.550125,200.8074063,209.3269062,214.6443125
130.1526875,129.2325313,127.0549375,126.2069063,126.6248125,130.5095313,133.1874688,140.5519375,144.7043438,150.1085938,154.642125,160.7195,166.0405625,171.4696875,177.48175,183.9660938,187.6940625,194.1535938,201.52125,209.9051562,214.9874688
130.6925,129.6841667,127.4022667,126.5833333,127.0317,131.0632667,133.8494333,141.3525333,145.2074667,150.8044,155.4970667,161.2720667,166.753,172.1650333,178.1313667,184.4159667,188.0179,194.4051333,201.9879,210.4450667,215.3589667
131.2807857,129.9427143,127.9147143,127.1109643,127.5489643,131.7910714,134.5246786,142.0059643,146.1444643,151.5701071,156.2057143,161.9161071,167.2437857,172.99875,178.7105714,184.9859643,188.4213929,194.8846786,202.5061071,211.0936429,215.8831429
131.9278462,130.6213077,128.5989231,127.8228846,128.2444615,132.0965385,135.1394231,142.7058077,146.8925385,152.5606154,156.9444615,162.7143846,167.7178462,173.6173846,179.6760769,185.5090769,188.7912308,195.3361154,202.8083462,211.3144615,216.1871154
132.59975,131.160625,128.9903333,128.1523333,129.041625,132.7837083,135.8825833,143.5716667,147.6462917,153.3838333,157.5733333,163.2085833,168.499625,174.1374167,180.328375,186.0805,189.0832917,195.752625,203.24875,211.6827083,216.5398333
133.5068636,132.0016364,129.6389091,128.6673182,129.4830455,133.5404545,136.9733636,144.2649091,148.3359545,154.3988636,158.0598182,163.6654091,169.1588182,174.8056364,180.6493636,186.3888182,189.7867727,196.2348182,203.6484545,211.6255,216.8425
134.14255,132.7623,130.2615,129.24035,130.19325,134.17825,137.75525,144.97985,148.94975,154.9757,159.2167,164.30465,169.8308,175.49615,181.09715,186.86205,190.1405,196.56825,203.9926,211.62655,217.14725
135.4366111,133.531,130.9601667,130.0662222,130.9212778,135.0336667,139.0551111,145.7422222,149.5492778,155.28,160.0819444,165.0336111,170.1406111,176.0839444,181.6785556,186.8753333,190.2693333,196.8395556,204.409,211.7863333,217.2845
