51.7795625,51.6916875,50.6969125,50.81109375,51.216375,52.0656875,52.9236875,54.192375,54.6475625,56.2545625,57.477625,58.5684375,59.47975,59.8093125,61.13975,61.0285,62.4778125,62.8920625,63.1106875,64.4165,65.720875,66.775625
51.66083333,51.77677778,50.79488889,50.69182778,51.08044444,52.20583333,53.09283333,54.01044444,54.54455556,56.30144444,57.395,58.53577778,59.44205556,59.8825,61.1325,61.15688889,62.38016667,62.92244444,63.16494444,64.49944444,65.87938889,66.88894444
51.82215,51.71245,50.71958,50.7433,51.1174,51.96435,52.9935,53.7996,54.74285,56.06415,57.3685,58.37905,59.3914,59.9516,60.9265,61.2349,62.25275,62.9061,63.15815,64.43085,65.822,66.8619
51.54627273,51.80304545,50.52223182,50.94279091,51.08145455,51.91459091,52.81063636,53.83777273,54.85690909,56.09781818,57.2805,58.357,59.37586364,59.89786364,60.86518182,61.20245455,62.22213636,62.83827273,63.29995455,64.54363636,65.83822727,66.81072727
51.68620833,51.69983333,50.5277125,50.85443333,51.02504167,51.701375,52.98370833,53.84083333,54.84370833,56.05891667,57.199625,58.2775,59.326375,59.85170833,60.86416667,61.24145833,62.201875,62.95004167,63.18608333,64.37216667,65.8275,66.72695833
51.79403846,51.64053846,50.47910769,50.79482308,50.86992308,51.73088462,52.95307692,53.81923077,54.82419231,56.05257692,57.1585,58.12761538,59.25165385,59.82930769,60.804,61.27376923,62.17726923,62.94080769,63.20888462,64.52434615,65.758,66.60465385
51.88603571,51.52017857,50.39502143,50.67515714,50.89585714,51.67128571,52.93917857,53.85839286,54.83514286,56.04442857,57.11553571,58.24246429,59.09739286,59.72771429,60.79235714,61.33160714,62.182,62.91846429,63.29692857,64.41132143,65.74953571,66.61642857
51.84823333,51.5067,50.37505333,50.65318,50.89116667,51.6595,52.98523333,53.9649,54.9135,56.02036667,56.8375,58.28,59.08666667,59.7145,60.7802,61.4401,62.00073333,62.78753333,63.1906,64.49053333,65.80243333,66.61923333
51.866625,51.612375,50.36595625,50.58683438,50.7995625,51.7605625,53.0338125,53.88753125,55.00053125,56.0714375,56.9085,58.1206875,58.94309375,59.6460625,60.73325,61.476625,61.92625,62.75353125,63.33178125,64.5719375,65.8279375,66.574875
51.98571875,51.498625,50.28775625,50.70937188,50.73818125,51.4828125,52.86234375,53.72621875,55.18634375,55.98409375,56.96771875,58.0576875,58.87034375,59.54371875,60.58828125,61.4769375,61.82959375,62.80003125,63.2860625,64.5765625,65.74875,66.5623125
51.82415625,51.51221875,50.26587813,50.75319688,50.65061875,51.4096875,52.7353125,53.81228125,55.2441875,55.99846875,56.85765625,58.06728125,58.7573125,59.3923125,60.514875,61.4709375,61.8718125,62.79415625,63.3015625,64.6130625,65.7196875,66.51171875
51.927875,51.35209375,50.2485375,50.59616563,50.53799375,51.37028125,52.9039375,53.81009375,55.2300625,56.07025,56.8115,57.9378125,58.64146875,59.1815625,60.48959375,61.3639375,61.83575,62.86746875,63.14925,64.49609375,65.69440625,66.37734375
52.00671875,51.2239375,50.14690313,50.52788437,50.4998375,51.44896875,52.7555625,53.63703125,55.18771875,56.00503125,56.8061875,57.8151875,58.4468125,59.086,60.43409375,61.3985,61.8004375,62.73140625,63.19603125,64.6586875,65.54203125,66.37478125
51.92771875,51.23359375,50.06575625,50.42091563,50.5265875,51.4525,52.696125,53.64871875,55.17746875,55.95240625,56.66578125,57.86634375,58.33175,58.91934375,60.4006875,61.4188125,61.6676875,62.64871875,63.17246875,64.53775,65.5821875,66.38015625
51.8145625,51.2765,50.00183125,50.48538437,50.50555625,51.50259375,52.74684375,53.61365625,55.22328125,55.8808125,56.448125,57.861625,58.28559375,58.91090625,60.3555625,61.41678125,61.51859375,62.46684375,63.10809375,64.6004375,65.65878125,66.3280625
51.82703125,51.4243125,50.0056125,50.47404062,50.496025,51.45859375,52.70425,53.43878125,55.32384375,55.89125,56.6099375,57.53609375,58.11653125,58.806375,60.30715625,61.34428125,61.50465625,62.47421875,63.1,64.63065625,65.53846875,66.3225625
51.8633125,51.36209375,50.04951875,50.47522812,50.47558125,51.244875,52.60609375,53.40003125,55.333625,55.8265,56.6770625,57.513875,58.1069375,58.73953125,60.236125,61.2193125,61.4838125,62.49234375,63.013125,64.602,65.42378125,66.41190625
51.81540625,51.34121875,50.09419063,50.4019125,50.428975,51.260375,52.52078125,53.44234375,55.25828125,55.86146875,56.5626875,57.4255,58.0746875,58.66903125,60.1543125,61.1611875,61.59259375,62.453125,62.95190625,64.52309375,65.35546875,66.322875
51.928375,51.23771875,49.95228125,50.34606875,50.33439063,51.41821875,52.55753125,53.321,55.19375,55.9755625,56.71121875,57.3160625,57.97575,58.55659375,60.1689375,60.92146875,61.45790625,62.401125,62.9240625,64.3885625,65.2995,66.29125
52.09515625,51.264375,49.97573125,50.37119375,50.33584375,51.4319375,52.29796875,53.09584375,55.01540625,55.87125,56.8801875,57.28675,57.83540625,58.60628125,60.13925,60.967125,61.43425,62.2879375,62.998,64.453125,65.1820625,66.45
51.921625,51.46575,50.00546562,50.318075,50.29446875,51.41125,52.19090625,53.123625,55.0453125,55.84896875,56.85521875,57.4325,57.8431875,58.487625,60.11084375,60.940125,61.3556875,62.34815625,62.960375,64.36028125,65.27959375,66.4794375
51.8741875,51.52390625,50.05225312,50.45229375,50.32728125,51.3960625,52.15503125,53.065625,54.94553125,55.78684375,56.919625,57.4593125,57.74153125,58.4498125,60.00971875,60.81465625,61.42790625,62.28609375,62.90465625,64.38540625,65.24178125,66.52303125
51.89990625,51.6871875,50.19330938,50.42441875,50.4258125,51.21975,52.12625,52.980375,55.03703125,55.776125,57.11284375,57.2780625,57.75890625,58.37021875,59.93725,60.6593125,61.47565625,62.39171875,62.77553125,64.32115625,65.081625,66.65265625
51.9044375,51.6349375,50.28687187,50.43827188,50.5013125,51.16321875,52.0839375,53.010625,54.954,55.8068125,57.19753125,57.3541875,57.73721875,58.32584375,59.8525,60.47571875,61.48878125,62.34290625,62.76459375,64.2494375,65.084,66.6574375
51.92934375,51.6065625,50.3488125,50.49422812,50.58870625,51.2151875,52.06571875,52.91075,54.92196875,55.86775,57.12025,57.305625,57.7113125,58.3311875,59.86796875,60.5263125,61.4495,62.30165625,62.801,64.16728125,65.01546875,66.482625
52.05059375,51.68375,50.36167813,50.59141875,50.68982812,51.32421875,52.0378125,52.84521875,54.88325,55.86728125,57.2493125,57.29153125,57.69384375,58.39125,59.9638125,60.4694375,61.25359375,62.228875,62.8229375,64.0630625,64.990625,66.46771875
52.1251875,51.7534375,50.55744688,50.67998125,50.78849062,51.1981875,52.03403125,52.92653125,54.73640625,55.81596875,57.1200625,57.3193125,57.7444375,58.5199375,59.9925,60.62903125,61.2911875,62.24828125,62.90703125,64.12678125,65.01915625,66.5326875
52.0445625,51.87259375,50.66060312,50.68245625,50.8812875,51.261125,52.07453125,53.06515625,54.79409375,55.76996875,57.0321875,57.4526875,57.86075,58.52709375,60.04309375,60.67521875,61.348375,62.31396875,62.96459375,64.06484375,65.0730625,66.47884375
52.1660625,51.93909375,50.85744063,50.8607,51.00563125,51.19509375,52.0925,53.18975,54.6765625,55.775875,57.1246875,57.472375,57.87909375,58.4705625,59.953625,60.53225,61.37653125,62.28365625,63.022875,64.15809375,64.97228125,66.53825
52.31015625,52.01628125,51.01662188,50.79248125,51.09185,51.1365,52.1059375,53.243,54.72746875,55.86421875,57.30490625,57.423,58.0838125,58.52665625,59.88090625,60.51328125,61.38171875,62.28828125,63.00271875,64.1065,64.9728125,66.59753125
52.40746875,52.010625,51.10062188,50.84954375,51.13869375,51.25115625,52.04815625,53.2766875,54.70134375,55.9653125,57.3281875,57.54353125,57.9624375,58.51765625,59.981875,60.48059375,61.46871875,62.259625,63.01284375,64.15903125,65.0254375,66.47278125
52.5660625,52.03515625,51.26246563,50.93284687,51.25038125,51.4054375,52.094625,53.24828125,54.70875,55.87103125,57.18465625,57.6509375,58.00475,58.6054375,60.06671875,60.74928125,61.45590625,62.32734375,63.07871875,64.1014375,64.96759375,66.41378125
52.610625,52.2250625,51.3805875,51.0005375,51.39893125,51.51425,52.08846875,53.324625,54.73496875,55.77084375,57.168875,57.74240625,58.1505,58.63375,60.058875,60.68528125,61.44546875,62.2206875,62.99978125,64.16034375,65.08884375,66.4961875
52.51790625,52.2701875,51.534375,51.01744375,51.53370313,51.5630625,52.2608125,53.45575,54.70115625,55.85434375,57.023625,57.85584375,58.21940625,58.6711875,60.06590625,60.7726875,61.5774375,62.239625,63.06496875,64.2885,65.24625,66.5503125
52.5655625,52.3140625,51.669125,50.9684125,51.64946875,51.76725,52.25234375,53.4521875,54.73409375,55.76059375,57.088625,57.95040625,58.34290625,58.698375,60.09821875,60.71453125,61.67021875,62.21375,63.11840625,64.2838125,65.29640625,66.53603125
52.59875,52.4076875,51.8183125,51.05240625,51.658875,51.747375,52.23575,53.558625,54.80475,55.786375,57.10434375,57.99534375,58.44503125,58.710875,60.02565625,60.71796875,61.60134375,62.167375,63.048125,64.32584375,65.31571875,66.61021875
52.729375,52.36425,51.854875,51.019125,51.64403125,51.89684375,52.33,53.60409375,54.8179375,55.84778125,57.14378125,57.98975,58.481375,58.916375,60.01396875,60.772625,61.59403125,62.119125,62.9751875,64.22775,65.389625,66.6335
52.81703125,52.46440625,51.94403125,51.2156875,51.66075,51.99778125,52.4235,53.7385625,54.968625,55.90815625,57.0521875,58.03665625,58.37015625,58.99778125,60.22128125,60.83565625,61.67159375,62.1615625,62.94934375,64.35996875,65.47053125,66.59934375
52.9829375,52.452625,52.0833125,51.26909375,51.6960625,52.12515625,52.6125625,53.8981875,54.9941875,55.857125,56.9543125,58.15078125,58.5634375,59.14109375,60.1909375,61.1755625,61.642125,62.2038125,62.97871875,64.29471875,65.44925,66.63996875
53.02646875,52.5578125,52.07625,51.24471875,51.65078125,52.17303125,52.72259375,54.0848125,55.02396875,55.821875,56.9333125,58.20659375,58.7776875,59.18446875,60.14834375,61.04396875,61.6695,62.1224375,62.95028125,64.41378125,65.62534375,66.739
53.14815625,52.58984375,52.13540625,51.2645625,51.60175,52.2355625,53.01525,54.25503125,55.03375,55.9641875,57.072125,58.32565625,58.67728125,59.22259375,60.218875,61.11403125,61.760625,62.161,63.1301875,64.45109375,65.63853125,66.754875
53.3435,52.64821875,52.263625,51.32846875,51.59525,52.29846875,53.020875,54.426,55.08475,55.928875,57.24028125,58.413875,58.7985,59.3726875,60.252,61.02321875,61.79684375,62.11940625,63.159625,64.47471875,65.593625,66.79715625
53.37415625,52.807125,52.3843125,51.44,51.66134375,52.33715625,53.0453125,54.528,55.28728125,56.1423125,57.32475,58.47434375,58.8146875,59.37403125,60.1828125,61.1708125,61.72734375,62.0773125,63.01853125,64.50159375,65.52603125,66.82434375
53.53059375,52.75290625,52.4976875,51.57015625,51.72278125,52.445875,53.21478125,54.623,55.41684375,56.31334375,57.341875,58.52265625,58.757625,59.4465,60.11484375,61.15903125,61.7308125,62.1685625,62.96853125,64.483875,65.5558125,66.80978125
53.591,52.8814375,52.6288125,51.8934375,51.799625,52.51121875,53.3421875,54.7283125,55.6620625,56.4119375,57.35921875,58.51228125,58.825625,59.44425,60.14675,61.218625,61.73240625,62.20159375,62.9328125,64.61784375,65.6541875,66.80265625
53.589,52.8389375,52.73428125,51.9236875,51.92325,52.664125,53.476875,54.771625,55.7491875,56.53215625,57.321,58.61290625,58.9983125,59.517375,60.133125,61.48471875,61.6039375,62.1836875,62.9983125,64.462625,65.57465625,66.7339375
53.63978125,52.89928125,52.6405625,51.9915,51.806125,52.63215625,53.57115625,54.8500625,55.720375,56.58109375,57.28971875,58.58396875,59.0680625,59.5010625,60.15915625,61.29478125,61.6240625,62.15475,63.09925,64.533375,65.637125,66.7731875
53.7400625,52.9070625,52.647,52.1465,51.73696875,52.5985,53.71328125,54.93046875,55.7135625,56.7516875,57.419,58.55596875,59.01903125,59.52121875,60.2658125,61.487375,61.607,62.15353125,63.30171875,64.51553125,65.50128125,66.7485625
53.78534375,52.88684375,52.6230625,52.28803125,51.80221875,52.6084375,53.595125,55.05753125,55.654875,56.8135625,57.38428125,58.6095625,59.200625,59.64725,60.30515625,61.4574375,61.59075,62.16359375,63.2196875,64.574,65.413625,66.8035625
53.8259375,52.93828125,52.71059375,52.456875,51.94971875,52.60815625,53.5629375,55.0193125,55.66990625,57.03246875,57.29346875,58.623875,59.1425,59.4403125,60.2328125,61.524375,61.47640625,62.20684375,63.2375,64.63840625,65.27865625,66.77578125
53.8150625,52.88865625,52.76409375,52.53621875,51.95725,52.53634375,53.6084375,54.99071875,55.66146875,57.02403125,57.30628125,58.5919375,59.13003125,59.52428125,60.16759375,61.469375,61.42175,62.31234375,63.282375,64.64065625,65.3083125,66.7579375
53.8056875,52.9088125,52.69528125,52.64284375,52.01853125,52.6259375,53.63509375,54.94303125,55.66946875,56.95796875,57.3076875,58.529,59.21396875,59.55728125,60.23184375,61.42778125,61.45940625,62.26215625,63.32096875,64.7540625,65.26128125,66.6810625
53.6406875,52.887375,52.6189375,52.49771875,52.08646875,52.70059375,53.61009375,54.85021875,55.605375,56.909375,57.15053125,58.45896875,59.20778125,59.64628125,60.37290625,61.39625,61.40359375,62.25384375,63.42446875,64.62375,65.15740625,66.651625
53.665875,52.95384375,52.5011875,52.494625,51.86671875,52.51784375,53.584875,54.70496875,55.42925,56.85634375,57.140375,58.2830625,59.16271875,59.60175,60.376625,61.0915,61.48978125,62.258,63.492875,64.6631875,65.2525,66.6929375
53.5525,52.913125,52.463375,52.395125,51.82559375,52.40465625,53.42365625,54.542125,55.340625,56.919125,57.11109375,58.17609375,59.11971875,59.55425,60.395125,61.1805625,61.42453125,62.26921875,63.54296875,64.65375,65.17871875,66.69996875
53.384125,52.8213125,52.442625,52.29284375,51.91925,52.3945,53.21734375,54.36615625,55.219375,56.90053125,57.01671875,58.26521875,59.02346875,59.4744375,60.22540625,61.04190625,61.33153125,62.30846875,63.43640625,64.717875,65.20940625,66.66084375
53.33171875,52.73353125,52.5405,52.21678125,51.75930625,52.2634375,53.1515,54.25953125,55.1298125,56.89890625,56.77503125,58.2158125,58.90134375,59.302,60.197875,61.03559375,61.29375,62.37290625,63.41603125,64.6455625,65.18490625,66.57209375
53.1069375,52.70503125,52.46709375,52.02890625,51.54250625,52.133,53.1135,54.07390625,55.05090625,56.6803125,56.8059375,58.11759375,58.9183125,59.4695,60.16959375,61.02615625,61.2059375,62.39809375,63.28690625,64.58040625,65.245375,66.53746875
53.1756875,52.6205,52.35146875,52.01659375,51.5639125,52.1063125,53.0744375,54.06525,54.95753125,56.55928125,56.61040625,58.06659375,58.88415625,59.44815625,60.27140625,60.90203125,61.2819375,62.27359375,63.213125,64.60078125,65.22865625,66.4428125
53.0309375,52.68103125,52.30196875,51.90478125,51.563725,51.97028125,53.0481875,53.97409375,54.783,56.4361875,56.545375,57.986875,58.80171875,59.4684375,60.30928125,60.78384375,61.237375,62.2270625,63.18171875,64.5263125,65.17878125,66.5109375
53.05746875,52.72628125,52.22571875,51.8424375,51.43935,51.73203125,53.01828125,53.948,54.6611875,56.356375,56.63103125,57.8406875,58.76959375,59.35615625,60.19646875,60.7843125,61.26453125,62.2008125,63.09815625,64.5615625,65.22975,66.51696875
52.95071875,52.69953125,52.2446875,51.6768125,51.444725,51.77865625,52.85815625,53.91540625,54.67934375,56.279625,56.61165625,57.8563125,58.64696875,59.246625,60.10034375,60.78584375,61.12753125,62.228375,63.094375,64.6550625,65.07134375,66.55196875
52.88275,52.72065625,52.30103125,51.67615625,51.5264125,51.8780625,52.85571875,53.84765625,54.6499375,56.1075625,56.6515,57.7878125,58.49565625,59.29534375,59.93140625,60.64584375,61.064875,62.2111875,63.10140625,64.640625,65.0730625,66.44290625
52.8974375,52.67853125,52.36109375,51.69546875,51.3793125,51.76959375,53.00490625,53.83375,54.6354375,56.02403125,56.5991875,57.63615625,58.484375,59.35621875,59.92640625,60.57915625,61.09065625,62.130625,63.02284375,64.5075625,65.05621875,66.41590625
52.8275,52.7108125,52.21759375,51.53309375,51.3443625,51.785875,53.01440625,53.67275,54.7124375,55.91253125,56.71528125,57.60625,58.502375,59.4615,59.8473125,60.56540625,61.04846875,62.15234375,62.9176875,64.4220625,65.12259375,66.431375
52.93715625,52.7188125,52.2474375,51.57321875,51.4085375,51.7708125,53.06075,53.81234375,54.6826875,55.87209375,56.584375,57.58315625,58.4209375,59.36575,59.78240625,60.47109375,61.0899375,62.081875,62.9089375,64.36025,65.10421875,66.46846875
52.819125,52.7896875,52.13640625,51.50434375,51.3656625,51.81534375,53.09896875,53.68625,54.6058125,55.79865625,56.6534375,57.56540625,58.44103125,59.32775,59.706625,60.5438125,61.00315625,62.09225,62.945125,64.304125,65.09315625,66.59509375
52.844625,52.6834375,52.00871875,51.4196875,51.3251,51.7970625,53.09715625,53.77475,54.5405,55.80975,56.65409375,57.53696875,58.37984375,59.2570625,59.623625,60.719875,61.0801875,62.0130625,63.00434375,64.2865,65.14809375,66.54565625
52.84578125,52.6104375,52.0215625,51.3553125,51.32463125,51.96265625,53.0065,53.6845625,54.56771875,55.773875,56.681,57.731125,58.31809375,59.1740625,59.50965625,60.72984375,61.00475,62.044625,63.0659375,64.31825,65.0005,66.524625
52.86959375,52.5366875,51.90221875,51.468125,51.31906875,51.98490625,52.9808125,53.6648125,54.54375,55.697375,56.74184375,57.6525,58.3255,59.33109375,59.52578125,60.72821875,61.03296875,61.9853125,63.1035,64.2455625,65.0075625,66.501625
52.85753125,52.48171875,51.8504375,51.530125,51.3501,51.86115625,53.0514375,53.61371875,54.58928125,55.84646875,56.80690625,57.70221875,58.4566875,59.34621875,59.55303125,60.7376875,60.99621875,61.90796875,63.092375,64.2115,65.000125,66.54640625
52.90621875,52.4364375,51.649,51.411375,51.30916875,51.954875,52.931,53.60915625,54.655625,55.96615625,56.9298125,57.829875,58.45759375,59.37978125,59.6859375,60.75325,61.05171875,62.04271875,63.130625,64.09625,64.9664375,66.54025
52.8655,52.459625,51.67615625,51.47928125,51.3858125,52.02909375,52.9926875,53.760125,54.6738125,55.9860625,57.01728125,57.812625,58.52459375,59.37578125,59.78134375,60.779125,61.00609375,62.033125,63.2945,64.07903125,64.8180625,66.48878125
52.7786875,52.33565625,51.43121875,51.4408125,51.37334375,52.06425,52.9236875,53.58990625,54.6840625,55.977125,57.05903125,57.837,58.5906875,59.3501875,59.85709375,60.8991875,61.06578125,62.11165625,63.44546875,64.09496875,64.90475,66.5003125
52.7066875,52.247875,51.445875,51.487375,51.36028125,52.119,52.97103125,53.77340625,54.5770625,56.0476875,57.027875,57.95359375,58.577875,59.35934375,59.90484375,61.0003125,61.2406875,62.1106875,63.53096875,64.08228125,64.87421875,66.375875
52.71896875,52.26415625,51.46265625,51.4583125,51.292,52.06434375,53.02346875,53.69353125,54.5633125,56.0633125,57.152625,58.06440625,58.61496875,59.271625,59.88515625,61.025875,61.184,62.21140625,63.4883125,64.07653125,64.88025,66.33628125
52.78328125,52.10590625,51.4268125,51.5044375,51.16028438,51.9749375,53.0768125,53.8155625,54.51675,56.0855,57.209125,58.12828125,58.6594375,59.367125,60.01675,61.0393125,61.2489375,62.1438125,63.53271875,64.11453125,64.986375,66.33275
52.71765625,52.10040625,51.43228125,51.3854375,51.22644063,51.8850625,53.19478125,53.81690625,54.50228125,56.2478125,57.2126875,58.33915625,58.74840625,59.2858125,60.03415625,61.15625,61.341125,62.1918125,63.441625,64.11146875,65.02715625,66.288625
52.75984375,51.98871875,51.39728125,51.32625,51.03153438,51.92903125,53.05471875,53.94921875,54.50046875,56.21340625,57.20159375,58.4295,58.635875,59.27553125,60.24190625,61.27984375,61.46290625,62.30059375,63.3935625,64.08590625,65.05321875,66.2739375
52.71575,52.0353125,51.38165625,51.376375,51.07897188,51.90409375,52.92315625,53.9920625,54.59990625,56.0838125,57.248625,58.47103125,58.7585625,59.1778125,60.34046875,61.38528125,61.46046875,62.24275,63.3573125,64.20246875,65.02921875,66.19896875
52.68765625,51.908625,51.30853125,51.4125,51.06425313,51.7959375,52.68928125,53.75675,54.53934375,56.02721875,57.16590625,58.482625,58.67265625,59.128125,60.31415625,61.393875,61.63625,62.269,63.34815625,64.33359375,65.164625,66.255125
52.63334375,51.93990625,51.3261875,51.48253125,51.07859688,51.850875,52.73865625,53.92321875,54.57328125,56.00190625,57.13746875,58.5326875,58.68475,59.12603125,60.26225,61.41103125,61.706625,62.2434375,63.22703125,64.35634375,65.078875,66.2308125
52.65696875,52.00040625,51.2719375,51.384875,50.98612813,51.660375,52.6904375,53.90240625,54.67596875,56.031125,57.32946875,58.514,58.68640625,59.04034375,60.1780625,61.3588125,61.6126875,62.3366875,63.1535,64.4215,65.17721875,66.24625
52.78634375,51.94575,51.34246875,51.4114375,50.88294375,51.64215625,52.68584375,53.977125,54.71975,55.99834375,57.29984375,58.61678125,58.74915625,59.1226875,60.27840625,61.27425,61.7233125,62.33403125,63.20734375,64.57746875,65.26896875,66.31946875
52.71878125,52.04115625,51.348625,51.33546875,51.00250312,51.70675,52.80265625,53.958375,54.75690625,56.01878125,57.17609375,58.52340625,58.74828125,59.14303125,60.3125,61.3388125,61.82159375,62.3593125,63.11084375,64.51171875,65.33546875,66.30725
52.7478125,51.96103125,51.442125,51.3341875,50.94787813,51.68921875,52.648625,54.05203125,54.82578125,55.835,57.0714375,58.46121875,58.62934375,59.20128125,60.4875625,61.29478125,61.7863125,62.4190625,63.13634375,64.61721875,65.4025,66.31728125
52.7501875,52.04096875,51.44478125,51.390375,51.04022188,51.63959375,52.526875,54.02378125,54.8529375,55.7643125,57.072,58.4259375,58.6998125,59.090625,60.43828125,61.13634375,61.76475,62.3420625,63.02190625,64.70003125,65.376,66.2569375
52.75715625,52.066,51.47503125,51.4023125,50.97365938,51.609875,52.55221875,53.9048125,54.7295,55.68746875,56.94234375,58.26928125,58.54765625,59.133125,60.36553125,61.11371875,61.80384375,62.35153125,63.028625,64.7231875,65.4326875,66.36784375
52.9158125,52.107,51.3801875,51.30846875,50.94531563,51.65109375,52.6721875,54.043625,54.87634375,55.60859375,56.90815625,58.19965625,58.63021875,59.1139375,60.315625,61.08134375,61.7511875,62.3085,62.916625,64.61725,65.47075,66.27434375
52.955625,52.12859375,51.35425,51.1855625,50.94628438,51.53221875,52.55734375,53.9843125,54.8903125,55.624,56.9856875,58.18240625,58.57996875,59.02840625,60.24984375,60.992125,61.66884375,62.3601875,62.93171875,64.606875,65.51696875,66.18871875
53.18496875,52.11296875,51.40325,51.1959375,50.94906563,51.536875,52.5214375,53.78840625,54.8405,55.41840625,56.8760625,58.21134375,58.50559375,59.0610625,60.28371875,60.8675625,61.672125,62.3414375,62.87603125,64.5889375,65.5396875,66.205375
53.10234375,52.164375,51.35996875,51.165875,51.14140625,51.5815,52.39028125,53.687625,54.88184375,55.39709375,56.78228125,57.92965625,58.472,59.059375,60.2404375,60.93328125,61.59240625,62.29021875,62.84471875,64.42375,65.5748125,66.19575
53.10925,52.1523125,51.3435,51.0888125,51.20665625,51.43753125,52.18325,53.6745625,54.89196875,55.355125,56.648125,57.91290625,58.407375,59.06178125,60.2491875,60.787875,61.51603125,62.31815625,62.8239375,64.42078125,65.4595625,66.0575625
53.12625,52.19009375,51.2765,51.11321875,51.21746875,51.54884375,52.16071875,53.55428125,54.7298125,55.34390625,56.68021875,57.72521875,58.46778125,58.9871875,60.07659375,60.65125,61.4953125,62.19071875,62.70384375,64.3723125,65.3286875,65.93859375
53.15665625,52.2835,51.18225,50.93595625,51.194625,51.58865625,52.2998125,53.46453125,54.6073125,55.30725,56.58703125,57.60028125,58.3928125,59.0016875,60.08378125,60.72671875,61.46403125,62.19371875,62.7308125,64.19953125,65.35965625,65.92121875
53.19,52.339875,51.15628125,50.80094375,51.1645625,51.55853125,52.26721875,53.5404375,54.657875,55.2833125,56.54384375,57.57353125,58.5149375,59.02615625,59.99096875,60.71396875,61.4308125,62.1451875,62.65665625,64.1131875,65.41075,65.78540625
53.03075,52.42378125,51.18990625,50.7840375,51.14907188,51.52403125,52.21465625,53.492875,54.4976875,55.30209375,56.47384375,57.636125,58.39221875,58.98571875,59.9069375,60.6824375,61.3290625,62.08821875,62.612875,64.0698125,65.35259375,65.8115625
53.20175,52.4181875,51.22353125,50.74681875,51.03797813,51.5364375,52.213625,53.28459375,54.33,55.0726875,56.360625,57.5768125,58.2159375,59.00246875,59.967,60.65171875,61.24996875,62.01553125,62.51603125,63.97771875,65.35878125,65.7734375
52.97715625,52.3345,51.1324375,50.63244375,51.05371563,51.477875,52.02725,53.33340625,54.257,55.13859375,56.16575,57.317375,58.2623125,59.0118125,59.87146875,60.7251875,61.18840625,61.93871875,62.52246875,63.9236875,65.42775,65.79753125
52.9281875,52.30496875,51.12871875,50.46331875,50.92678438,51.33246875,51.9696875,53.3185,54.1538125,55.1250625,55.9428125,57.382,58.131,58.892375,59.79575,60.592875,61.12571875,61.9135625,62.45596875,63.8139375,65.305,65.62375
52.884625,52.236625,51.01571875,50.389475,50.707775,51.4836875,51.959625,53.19475,53.94353125,54.984375,55.97540625,57.3869375,58.1491875,58.8296875,59.689875,60.6229375,61.1078125,61.80815625,62.43896875,63.80309375,65.37203125,65.572125
52.836125,52.35875,50.91553125,50.2754,50.64174375,51.3833125,51.89928125,53.06253125,53.8184375,55.0016875,55.90434375,57.387375,58.11825,58.80709375,59.73828125,60.62303125,61.07390625,61.8448125,62.4948125,63.69971875,65.5299375,65.47703125
52.73275,52.29565625,50.93409375,50.16648437,50.5038875,51.29128125,51.72053125,53.0349375,53.791,54.99275,55.920125,57.4401875,58.136625,58.8525625,59.5326875,60.64221875,61.084375,61.83975,62.4740625,63.82384375,65.52446875,65.50609375
52.5571875,52.2575625,50.89728125,50.20005938,50.37399688,51.29003125,51.6704375,52.896625,53.53978125,55.00696875,55.86290625,57.4945625,58.00134375,58.850625,59.41709375,60.497375,61.062,61.7799375,62.44475,63.81559375,65.4879375,65.5204375
52.54590625,52.178125,50.8315625,50.17818438,50.239025,51.2656875,51.62528125,52.857125,53.423625,54.87903125,55.778875,57.4183125,57.89925,58.8511875,59.4688125,60.45096875,61.07109375,61.7764375,62.4226875,63.8225625,65.4966875,65.445625
52.2823125,52.1031875,50.7781875,50.0550625,50.06179688,51.13473125,51.53871875,53.007,53.3609375,55.04775,55.65559375,57.32234375,57.99290625,58.94409375,59.469375,60.44278125,61.12,61.765875,62.44884375,63.9459375,65.54084375,65.52071875
52.33775,52.19378125,50.88071875,49.87758125,49.90190937,51.11395,51.650875,53.03134375,53.36915625,54.94478125,55.64428125,57.39409375,57.89190625,58.77053125,59.55121875,60.34478125,61.05521875,61.72528125,62.48203125,63.913125,65.3918125,65.472875
52.33334375,52.1831875,50.77103125,49.90008125,49.79601875,51.2551375,51.62803125,53.06896875,53.3743125,54.9206875,55.711875,57.39903125,57.88809375,58.7963125,59.61815625,60.35525,61.06165625,61.714375,62.51903125,63.89621875,65.40878125,65.42821875
52.366125,52.33675,50.8224375,49.98264375,49.88452813,51.15035625,51.53953125,53.04921875,53.41821875,54.9895,55.79584375,57.37115625,57.847,58.76909375,59.62540625,60.3208125,61.00809375,61.68934375,62.5111875,63.8655625,65.42159375,65.3914375
52.4083125,52.22571875,50.974125,50.01408438,49.87467188,51.12091875,51.6046875,53.07471875,53.495,55.02746875,55.87934375,57.403375,57.8025625,58.7665625,59.49996875,60.37953125,60.9930625,61.69440625,62.4970625,63.9051875,65.2670625,65.46540625
52.37290625,52.194875,51.0770625,50.08665,49.92606563,51.16060625,51.67565625,52.99684375,53.43040625,54.9870625,55.84196875,57.27140625,57.78046875,58.79275,59.50090625,60.2185,60.94596875,61.65546875,62.503,63.88284375,65.27525,65.3344375
52.37703125,52.13221875,51.08140625,50.11311875,50.054275,51.1497,51.764125,53.050375,53.4919375,54.98503125,55.7640625,57.16790625,57.7685625,58.73440625,59.5308125,60.1604375,60.86290625,61.6804375,62.5095625,63.9485625,65.14540625,65.27490625
52.39653125,52.11875,51.14396875,50.01746563,50.02570938,51.10030625,51.7810625,53.0434375,53.4925,55.0733125,55.73225,57.07721875,57.74509375,58.737,59.5375625,60.19775,60.83825,61.70203125,62.47815625,64.06428125,65.13828125,65.34025
52.61590625,52.25971875,51.119875,49.97709687,50.09634688,51.2095125,51.85309375,52.95809375,53.6249375,54.99859375,55.831625,57.1643125,57.67759375,58.60778125,59.60725,60.287375,60.76771875,61.55775,62.5065,63.90846875,65.03678125,65.320125
52.58978125,52.13203125,50.998875,50.15454688,50.100175,51.30060625,51.80528125,52.89475,53.7345625,55.1621875,55.7953125,57.05584375,57.59140625,58.71109375,59.651125,60.33109375,60.79003125,61.5615,62.4621875,63.7743125,64.97834375,65.2606875
52.5948125,52.1283125,51.15196875,50.18196875,50.16665625,51.21191875,51.87634375,52.78475,53.75315625,55.145625,55.89778125,57.0865625,57.5843125,58.67640625,59.58778125,60.4444375,60.7595625,61.4725,62.4101875,63.76178125,64.9459375,65.3365625
52.5074375,52.0335,51.17393125,50.25553125,50.14395937,51.10023437,52.0214375,52.746875,53.7953125,55.14875,55.82465625,56.96196875,57.56196875,58.67575,59.583875,60.436,60.714625,61.5588125,62.47071875,63.81246875,64.89190625,65.39421875
52.45428125,52.028,51.2194,50.15171875,50.1039375,51.12770313,51.998625,52.866375,53.762625,55.023875,55.61975,56.873625,57.60821875,58.66934375,59.61378125,60.4464375,60.5855625,61.522,62.47225,63.804125,64.99353125,65.37534375
52.418,51.905,51.17724375,50.2197375,50.15958125,51.18348438,52.02875,52.91953125,53.8105,55.0435,55.486625,56.84409375,57.58328125,58.6274375,59.67440625,60.4481875,60.5955,61.55946875,62.48953125,63.84471875,64.8758125,65.42034375
52.442,51.88865625,51.1713375,50.1094,50.12898125,51.22967188,52.0321875,52.90415625,53.809875,55.025875,55.4453125,56.7575625,57.504,58.65653125,59.7370625,60.628375,60.585375,61.45578125,62.5169375,63.90628125,64.95803125,65.47928125
52.47665625,51.9205,51.11036875,50.12069375,50.21879375,51.24947188,51.97090625,52.81815625,53.91628125,54.98340625,55.528125,56.80559375,57.57834375,58.68296875,59.8479375,60.6956875,60.6083125,61.33390625,62.60896875,63.72790625,64.9475,65.49478125
52.3404375,51.724375,51.0874,50.20619688,50.19955313,51.22656563,52.024375,52.66184375,53.9050625,54.9769375,55.44321875,56.741375,57.61478125,58.7488125,59.85328125,60.57296875,60.57671875,61.351125,62.6236875,63.71425,64.9960625,65.508125
52.2731875,51.7515625,51.14699375,50.2043375,50.17165938,51.11275313,52.05690625,52.57815625,53.76178125,54.86746875,55.5210625,56.87665625,57.74334375,58.79521875,59.86134375,60.62840625,60.6013125,61.36203125,62.64778125,63.85465625,65.10365625,65.61740625
52.25759375,51.7820625,50.93358125,50.26004063,49.97619375,51.0652875,52.01675,52.49884375,53.71590625,54.841,55.4913125,56.80528125,57.75859375,58.910375,59.867875,60.55353125,60.668875,61.4825625,62.71115625,63.9886875,65.19596875,65.70040625
52.3206875,51.819375,50.88336875,50.12745625,49.82629688,51.10887813,51.856375,52.623,53.6979375,54.67115625,55.4023125,56.915625,57.809625,58.92728125,59.80821875,60.58209375,60.65053125,61.44,62.72428125,63.92425,65.2705,65.78559375
52.28959375,51.60178125,50.71161875,50.24630938,49.82666875,51.05035,51.80215625,52.43709375,53.76496875,54.6443125,55.49215625,56.886375,57.7119375,58.9960625,59.85409375,60.62709375,60.82065625,61.46409375,62.70325,64.01103125,65.21053125,65.8475625
52.225625,51.65325,50.6245875,50.15110313,49.73489063,50.9125375,51.747,52.412,53.7585625,54.562375,55.64946875,56.97840625,57.687375,58.969125,59.85528125,60.77625,60.835125,61.3740625,62.71696875,64.103,65.29328125,65.9153125
52.19528125,51.57015625,50.62093125,50.19505937,49.73759688,50.66507188,51.58509375,52.322375,53.78496875,54.4620625,55.759375,57.02509375,57.7435,58.9981875,59.8953125,60.70909375,60.945,61.46471875,62.773375,64.09890625,65.288625,66.01046875
52.19303125,51.565625,50.6529625,50.17379688,49.72133438,50.64872813,51.66690625,52.32409375,53.72128125,54.35675,55.75309375,57.035625,57.7801875,58.92028125,59.801125,60.51359375,60.969625,61.55884375,62.76221875,64.20903125,65.37546875,66.0391875
52.22915625,51.58103125,50.63315,50.140975,49.78341562,50.59891563,51.55828125,52.4523125,53.5725,54.4021875,55.8638125,57.112,57.8904375,58.97184375,59.85503125,60.517875,61.0563125,61.635375,62.69078125,64.41846875,65.4730625,66.064625
52.43896875,51.61728125,50.54355625,50.15386563,49.699775,50.65829062,51.46296875,52.51009375,53.57925,54.46853125,55.892875,57.12015625,57.8875,59.04928125,59.7946875,60.447625,61.10984375,61.7205,62.67146875,64.4285625,65.488875,66.07940625
52.4218125,51.59203125,50.60346875,50.13320938,49.83633438,50.62938125,51.34315625,52.591375,53.65375,54.44446875,55.928625,57.20815625,57.92534375,59.03725,59.8055625,60.39740625,61.0603125,61.7430625,62.6879375,64.467125,65.45815625,66.06959375
52.474,51.4789375,50.5356875,50.178075,49.94084063,50.55038437,51.40884375,52.34846875,53.691,54.552,56.14925,57.14084375,57.863625,59.05571875,59.81290625,60.43375,61.1118125,61.86703125,62.62590625,64.63840625,65.367125,66.04559375
52.45775,51.61659375,50.45608125,50.14370625,49.81374688,50.4800375,51.52253125,52.48221875,53.67159375,54.580875,56.302375,57.20071875,58.00303125,58.908875,59.72303125,60.44046875,61.08125,61.95553125,62.6251875,64.63215625,65.4498125,66.06346875
52.68746875,51.554,50.4218625,50.25713125,49.80455625,50.35350937,51.4779375,52.45865625,53.6901875,54.63146875,56.27434375,57.28840625,58.0560625,58.93040625,59.70903125,60.335125,61.13665625,61.9936875,62.70140625,64.58996875,65.492875,66.02928125
52.79315625,51.69846875,50.41784375,50.1923875,49.78200938,50.5406,51.52134375,52.65209375,53.6550625,54.64928125,56.37128125,57.2843125,58.0843125,58.8778125,59.69925,60.3301875,61.20803125,62.10865625,62.713625,64.520625,65.57715625,65.92671875
52.87340625,51.5853125,50.4268125,50.19191875,49.75439063,50.43074063,51.49446875,52.75640625,53.57146875,54.75040625,56.51521875,57.33725,58.1390625,58.899125,59.77625,60.389875,61.246125,62.14659375,62.707,64.54259375,65.5625,65.81146875
52.93453125,51.6208125,50.516625,50.26347813,49.64832188,50.48508438,51.4468125,52.92634375,53.69759375,54.789,56.5274375,57.36871875,58.0885,58.9065625,59.66103125,60.4071875,61.30096875,62.1521875,62.81246875,64.4979375,65.40334375,65.77903125
52.7408125,51.66196875,50.64840625,50.34004062,49.86220938,50.46070937,51.48271875,52.97496875,53.76203125,54.7489375,56.625375,57.41975,58.0735,58.8020625,59.69084375,60.33834375,61.2971875,62.177125,62.83553125,64.57725,65.323,65.685375
52.8326875,51.6986875,50.62125,50.39747813,49.88911875,50.53664687,51.658125,52.96596875,53.627875,54.7898125,56.712125,57.52075,58.08303125,58.73071875,59.67496875,60.274,61.24815625,62.2524375,62.848625,64.5799375,65.21503125,65.645625
52.83621875,51.8025,50.55650625,50.41585313,49.80432813,50.61558125,51.89728125,53.226,53.7010625,54.80653125,56.74140625,57.53728125,58.25440625,58.69034375,59.71171875,60.26959375,61.2983125,62.3093125,62.87390625,64.47246875,65.26103125,65.68975
53.0761875,51.8829375,50.5719875,50.47937812,49.95040313,50.69158125,51.92371875,53.35203125,53.834375,54.8986875,56.6398125,57.67509375,58.2070625,58.7776875,59.794875,60.142,61.37821875,62.20034375,62.94725,64.45490625,65.29628125,65.7193125
53.06240625,52.01440625,50.66959375,50.38841875,49.9622875,50.95620313,52.04846875,53.6106875,53.92225,54.8798125,56.77190625,57.671,58.138375,58.75115625,59.8785625,60.20025,61.37084375,62.2790625,62.95803125,64.47315625,65.22465625,65.73975
53.08909375,51.8725,50.6741125,50.47491875,50.00475,50.8704375,52.15834375,53.646625,53.97553125,54.9900625,56.7825,57.7490625,58.15646875,58.7025,59.75496875,60.07315625,61.32115625,62.1918125,63.0655,64.47746875,65.10446875,65.77546875
52.9820625,51.87453125,50.7504875,50.55249375,49.9752125,51.10392188,52.113125,53.7254375,54.14565625,55.12384375,56.75175,57.8125,58.123875,58.8108125,59.61103125,60.11171875,61.4135,62.10809375,63.14296875,64.57815625,64.96821875,65.8623125
52.891375,51.9554375,50.8346125,50.60855625,50.26925,51.13232813,52.16965625,53.65765625,54.162,55.02615625,56.8748125,57.819,58.124625,58.7429375,59.548,60.0729375,61.48328125,62.1861875,63.173625,64.581125,65.01115625,65.888125
52.93121875,51.92696875,50.76176875,50.6279625,50.34678125,51.15126563,52.26296875,53.72978125,54.04265625,55.14109375,56.88071875,57.956125,58.115375,58.66615625,59.6080625,60.14803125,61.43415625,62.11684375,63.1901875,64.63,65.018375,66.0013125
52.9115,51.95390625,50.759225,50.58111875,50.42843125,51.21129688,52.37234375,53.781125,54.26603125,55.16096875,56.9194375,57.828125,58.1671875,58.656875,59.68875,60.2805,61.50065625,62.07609375,63.12303125,64.6535625,65.0685625,66.1543125
52.9630625,51.9160625,50.9141875,50.57824375,50.65168437,51.23614062,52.2425,53.8415,54.28775,55.33396875,56.8845625,57.93178125,58.00734375,58.68175,59.8081875,60.23125,61.5511875,62.07378125,63.0974375,64.741625,65.162375,66.26803125
52.96921875,52.014375,51.20390625,50.583525,50.73686563,51.31135937,52.33921875,53.802,54.2989375,55.3413125,56.99353125,57.97725,57.85725,58.6000625,59.81059375,60.290375,61.51159375,62.12171875,63.0459375,64.82184375,65.052625,66.3170625
52.9035,51.93534375,51.32208125,50.74714063,50.9192375,51.26598437,52.42878125,53.6950625,54.26175,55.50121875,56.9311875,57.97528125,57.957125,58.58875,59.64178125,60.204625,61.52371875,62.06303125,63.084375,64.79265625,65.106375,66.38696875
52.8695625,51.94628125,51.42576875,50.9166875,51.00239688,51.450375,52.4120625,53.59046875,54.39109375,55.56859375,56.93840625,58.178,58.036125,58.71815625,59.75271875,60.3485625,61.5065,62.13415625,62.98596875,64.88790625,65.284,66.440375
52.95196875,52.011375,51.48214375,51.00520312,51.2665,51.4851875,52.50653125,53.5105625,54.3553125,55.4585,56.9353125,58.226,58.06525,58.66484375,59.75746875,60.3319375,61.51290625,62.26153125,63.086375,64.812,65.504875,66.525875
52.93515625,51.9980625,51.532175,51.04379688,51.2283125,51.461375,52.7036875,53.6159375,54.434625,55.6705,56.9363125,58.32771875,58.06603125,58.6418125,59.8871875,60.48159375,61.4888125,62.17603125,63.0166875,64.84696875,65.6023125,66.6335625
52.98734375,52.063625,51.5904875,51.03179688,51.1499375,51.5585625,52.8836875,53.529375,54.71078125,55.706375,57.017125,58.172,58.2384375,58.687625,59.85171875,60.5674375,61.52275,62.1723125,62.952875,64.77021875,65.67196875,66.6608125
53.07390625,51.99884375,51.74209375,51.15132813,51.26503125,51.56375,52.8119375,53.502375,54.7009375,55.871375,57.03528125,58.303125,58.29296875,58.764375,59.85459375,60.575875,61.55659375,62.19290625,63.00484375,64.746,65.72646875,66.6775
53.12759375,52.18903125,51.9483125,51.28217188,51.275375,51.645,52.89553125,53.404,54.6746875,55.92778125,57.03425,58.3336875,58.38046875,58.76021875,59.73853125,60.6495,61.4816875,62.10765625,63.01921875,64.5816875,65.654125,66.6381875
53.0025,52.1971875,52.0024375,51.38014062,51.396875,51.7295625,52.9108125,53.3378125,54.705,56.066875,57.00128125,58.39790625,58.68884375,58.9,59.7495,60.69240625,61.43596875,62.11028125,63.10584375,64.45484375,65.76165625,66.57571875
53.12365625,52.412625,51.95525,51.53701562,51.42703125,51.85646875,52.85275,53.3071875,54.8368125,56.04425,57.05496875,58.57196875,58.777625,59.0314375,59.95134375,60.81728125,61.33975,62.1826875,63.05959375,64.36471875,65.8929375,66.58759375
53.2526875,52.66,52.0699375,51.60503125,51.45453125,51.964625,53.01215625,53.29665625,54.838625,56.04409375,57.0005625,58.51753125,58.82753125,59.07396875,59.90753125,60.80671875,61.35159375,62.148,63.08615625,64.2380625,65.82503125,66.61765625
53.22071875,52.86946875,52.20915625,51.745125,51.4353125,51.97384375,53.151625,53.4570625,54.9566875,56.22175,56.9798125,58.52471875,58.98546875,59.16903125,59.996375,60.9364375,61.23634375,62.017375,63.01165625,64.132625,65.764125,66.57021875
53.42084375,53.08165625,52.30240625,51.82790625,51.41,52.076625,53.153125,53.33553125,55.0955,56.2318125,56.9405625,58.46253125,59.15321875,59.2839375,60.013,60.9404375,61.19428125,62.00471875,63.042875,64.009125,65.720625,66.43065625
53.60653125,53.177875,52.46709375,51.99415625,51.54025,52.1883125,53.110625,53.3431875,55.192125,56.2234375,56.9335625,58.59315625,59.22546875,59.422125,60.04296875,60.90996875,61.30021875,61.94325,63.129125,63.9856875,65.60415625,66.37925
53.64540625,53.296,52.571125,52.043,51.44171875,52.38340625,53.16778125,53.51225,55.25478125,56.2264375,56.8475625,58.67984375,59.3369375,59.471875,60.06184375,60.9711875,61.2445625,61.9365,63.1079375,63.90353125,65.55571875,66.296125
53.6078125,53.3295,52.563375,51.99271875,51.55878125,52.472375,53.2503125,53.608375,55.45846875,56.33090625,56.83246875,58.77428125,59.44209375,59.64828125,60.17365625,61.01234375,61.22190625,61.9324375,63.23475,63.97275,65.61965625,66.21325
53.7564375,53.437875,52.48921875,52.0835,51.645375,52.56115625,53.240875,53.7095625,55.50915625,56.32821875,56.79409375,58.62896875,59.44265625,59.71284375,60.24521875,61.02378125,61.23246875,61.87415625,63.234125,64.00265625,65.58740625,66.24915625
53.8791875,53.57865625,52.632125,52.11709375,51.67040625,52.59059375,53.4323125,53.80153125,55.52878125,56.408,56.709875,58.4260625,59.51928125,59.77059375,60.17678125,61.03078125,61.2935625,61.83625,63.15325,64.03365625,65.50715625,66.20090625
53.895625,53.76340625,52.763375,52.068625,51.83171875,52.638625,53.4665625,54.0850625,55.5113125,56.52190625,56.78996875,58.3715,59.6026875,59.79278125,60.302875,61.1513125,61.254875,61.77296875,63.2263125,64.0495,65.46128125,66.16103125
54.11065625,53.8940625,52.8180625,52.1328125,51.94090625,52.79990625,53.41190625,54.1635625,55.60021875,56.57803125,56.82065625,58.33325,59.53003125,59.863,60.412,61.135125,61.2860625,61.81571875,63.32178125,64.11153125,65.40775,66.12578125
54.19746875,53.93225,52.8706875,52.2885625,52.10246875,53.0375,53.529125,54.34071875,55.63559375,56.57153125,56.8165625,58.4074375,59.573375,59.9130625,60.59903125,61.12821875,61.45503125,61.8926875,63.30434375,64.2025625,65.37678125,66.15021875
54.29028125,53.98121875,52.93,52.2856875,52.099,53.20390625,53.58753125,54.5804375,55.6551875,56.5825625,56.7794375,58.468625,59.5698125,59.94425,60.7286875,61.27434375,61.4876875,62.05959375,63.29840625,64.33428125,65.44421875,66.12684375
54.31784375,54.1310625,53.01878125,52.345625,52.33496875,53.22046875,53.75490625,54.6308125,55.815875,56.66990625,56.86315625,58.39825,59.5065625,59.9850625,60.75375,61.2929375,61.506375,62.10096875,63.36015625,64.44728125,65.55896875,66.15284375
54.47275,54.07953125,53.14628125,52.57415625,52.49628125,53.3131875,53.73546875,54.8023125,55.8928125,56.65375,56.90165625,58.2630625,59.5875,59.96178125,60.80790625,61.254875,61.65825,62.09809375,63.320875,64.53609375,65.5311875,66.19228125
54.622875,54.08009375,53.27103125,52.62953125,52.54846875,53.248625,53.94846875,54.92215625,55.95309375,56.73234375,56.96703125,58.3798125,59.60190625,59.8796875,60.6960625,61.24759375,61.7336875,62.2055,63.25521875,64.63034375,65.648,66.21796875
54.6220625,54.13784375,53.41284375,52.5473125,52.70484375,53.3515,54.07215625,55.12378125,55.9806875,56.78021875,57.18075,58.5048125,59.62615625,59.91928125,60.8485625,61.2714375,61.83903125,62.1901875,63.41959375,64.65384375,65.61834375,66.35559375
54.78340625,54.09378125,53.3985,52.7206875,52.732125,53.38740625,54.18525,55.18684375,56.161,56.773125,57.22875,58.6058125,59.53909375,59.95159375,60.83534375,61.14303125,61.93403125,62.25590625,63.47353125,64.7074375,65.6804375,66.41890625
54.80959375,54.05096875,53.35803125,52.8910625,52.720875,53.43753125,54.39078125,55.23175,56.2134375,56.78175,57.30865625,58.7293125,59.621375,59.975625,60.903875,61.182625,62.01815625,62.3873125,63.38040625,64.74796875,65.83371875,66.51125
54.92946875,54.1384375,53.38578125,52.84559375,52.728125,53.421,54.44075,55.3636875,56.26665625,56.85715625,57.3566875,58.75040625,59.56971875,60.11309375,60.8238125,61.313,61.9330625,62.45390625,63.456625,64.86434375,65.88290625,66.50128125
54.97084375,54.21425,53.41028125,52.97503125,52.9075625,53.4019375,54.5405,55.40734375,56.3183125,56.8811875,57.390125,58.69984375,59.5430625,60.113375,60.76621875,61.2719375,61.76178125,62.44871875,63.457875,64.82928125,66.0458125,66.590375
55.06546875,54.2375,53.5161875,53.01740625,52.886625,53.39653125,54.4700625,55.5008125,56.28078125,56.89815625,57.45421875,58.77884375,59.6291875,60.1300625,60.7719375,61.20215625,61.80846875,62.4393125,63.471875,64.8093125,66.04203125,66.6230625
55.1649375,54.28346875,53.478,53.019375,52.7593125,53.37675,54.6203125,55.44125,56.2480625,56.90553125,57.53378125,58.91528125,59.5775,60.07303125,60.60684375,61.2199375,61.7513125,62.51625,63.41753125,64.78096875,66.1528125,66.70496875
55.12971875,54.35375,53.4825,53.0723125,52.761625,53.43809375,54.6120625,55.41784375,56.38196875,56.8484375,57.62871875,59.07003125,59.63778125,60.2239375,60.8254375,61.2545,61.86075,62.48715625,63.53653125,64.69175,66.059375,66.7896875
55.20271875,54.34209375,53.44921875,53.21428125,52.6830625,53.2433125,54.5305625,55.3190625,56.50725,56.7839375,57.59453125,59.29859375,59.588,60.106125,60.64284375,61.202375,61.80721875,62.49365625,63.50490625,64.7420625,66.12921875,66.75940625
55.2501875,54.32765625,53.47646875,53.31921875,52.602625,53.23521875,54.54075,55.28559375,56.537,56.92428125,57.68140625,59.30728125,59.66315625,60.10328125,60.59946875,61.31221875,61.79290625,62.57828125,63.37328125,64.7141875,66.2491875,66.7684375
55.30475,54.41790625,53.51390625,53.24159375,52.6051875,53.24790625,54.50278125,55.2870625,56.59128125,56.98190625,57.717125,59.23878125,59.60021875,60.1548125,60.49728125,61.2273125,61.73090625,62.56934375,63.3725,64.76821875,66.19471875,66.7099375
55.3840625,54.37871875,53.4754375,53.24009375,52.600875,53.162875,54.554875,55.29815625,56.53615625,56.92209375,57.7153125,59.19665625,59.5645,60.06721875,60.5239375,61.1096875,61.68125,62.448125,63.34678125,64.736,66.32909375,66.7985625
55.4329375,54.43721875,53.54571875,53.01903125,52.42290625,53.06259375,54.543,55.30909375,56.3853125,57.0249375,57.7098125,59.30078125,59.63646875,60.13584375,60.4586875,61.01725,61.72390625,62.4279375,63.3261875,64.68090625,66.22565625,66.90840625
55.4190625,54.4881875,53.47778125,53.08821875,52.32809375,53.0706875,54.589875,55.3401875,56.39396875,56.93603125,57.71303125,59.19984375,59.535125,60.2151875,60.40875,61.082125,61.69771875,62.370125,63.287125,64.54890625,66.24884375,66.85403125
55.4488125,54.58803125,53.4615,53.0703125,52.3394375,53.06875,54.56509375,55.2295625,56.4590625,56.91846875,57.65609375,59.30978125,59.51884375,60.28946875,60.53328125,61.10571875,61.79740625,62.412375,63.38753125,64.556125,66.114875,66.82396875
55.46196875,54.65115625,53.49884375,52.97553125,52.2490625,53.0343125,54.41359375,55.1903125,56.398375,56.93625,57.69453125,59.38871875,59.52765625,60.134125,60.34465625,61.14671875,61.6763125,62.468875,63.38221875,64.561375,66.0964375,66.745125
55.51328125,54.61271875,53.50946875,52.95671875,52.23078125,53.309,54.40675,55.2134375,56.43825,57.04653125,57.62925,59.17378125,59.52971875,60.11959375,60.42628125,61.26559375,61.76825,62.61465625,63.34125,64.479625,65.98540625,66.71003125
55.3736875,54.65134375,53.48603125,52.8326875,52.216,53.35484375,54.3470625,55.13853125,56.41715625,56.97103125,57.58584375,59.05896875,59.52190625,60.08778125,60.478375,61.19771875,61.821125,62.61746875,63.3285625,64.52053125,65.82846875,66.7154375
55.414125,54.64725,53.3993125,52.65965625,52.15953125,53.17296875,54.4193125,55.0675,56.35128125,56.928625,57.6295,58.981625,59.5235,59.9990625,60.54640625,61.1725625,61.91265625,62.45075,63.32578125,64.5144375,65.822625,66.7873125
55.3475625,54.61153125,53.4095,52.50453125,52.0179375,53.17721875,54.4348125,55.0824375,56.3668125,57.07071875,57.66915625,59.0615625,59.54896875,60.0880625,60.40271875,61.15059375,62.00759375,62.49559375,63.24821875,64.45578125,65.53615625,66.8733125
55.1965,54.5638125,53.37034375,52.5775,52.037375,53.18196875,54.40725,55.08403125,56.43825,57.02009375,57.7481875,58.9425625,59.531625,60.0631875,60.3234375,61.24153125,62.07884375,62.43009375,63.27334375,64.41534375,65.47325,66.6806875
55.271875,54.61109375,53.400375,52.5181875,52.0536875,53.207125,54.48409375,54.92353125,56.365,57.1955625,57.64015625,58.98446875,59.6163125,60.01225,60.27778125,61.21578125,62.11603125,62.50746875,63.33025,64.62703125,65.3706875,66.74853125
55.1463125,54.61609375,53.4139375,52.41209375,52.00834375,53.2346875,54.366875,54.88559375,56.2066875,57.14784375,57.70909375,58.88565625,59.72365625,59.9490625,60.19509375,61.1616875,62.00540625,62.58346875,63.30765625,64.6076875,65.33765625,66.75965625
55.1385,54.46096875,53.38315625,52.4089375,51.939,53.18940625,54.4035625,54.86346875,56.17546875,57.043625,57.6175,58.65634375,59.62753125,60.01196875,60.26634375,61.1219375,62.044125,62.5813125,63.34715625,64.55225,65.24759375,66.7789375
54.98809375,54.432875,53.283875,52.318625,51.8941875,52.97621875,54.31296875,54.77540625,55.99609375,56.9106875,57.58690625,58.64278125,59.62159375,60.126625,60.35009375,61.098875,62.07528125,62.59565625,63.38528125,64.64128125,65.25853125,66.81053125
55.04859375,54.36984375,53.2499375,52.28178125,51.82421875,52.7573125,54.39009375,54.66625,55.94278125,56.84253125,57.6225,58.637,59.59825,60.13140625,60.42740625,61.10459375,62.11903125,62.51246875,63.45609375,64.6744375,65.37471875,66.82071875
54.962875,54.27146875,53.22471875,52.388875,51.79621875,52.80325,54.29134375,54.6314375,56.00140625,56.80275,57.58159375,58.6801875,59.5769375,60.18328125,60.36334375,61.11621875,62.13628125,62.60853125,63.482625,64.6936875,65.1930625,66.7745625
54.8760625,54.183375,53.1090625,52.4901875,51.9203125,52.818,54.1414375,54.43996875,55.95078125,56.7306875,57.5695625,58.5474375,59.7384375,60.10621875,60.3685,61.10196875,62.123125,62.6003125,63.6148125,64.68784375,65.2601875,66.6918125
54.9474375,54.2564375,53.07853125,52.6465625,51.9621875,52.74409375,54.17040625,54.26471875,55.92653125,56.78509375,57.4308125,58.52575,59.74928125,60.03809375,60.48371875,61.0204375,62.06278125,62.64721875,63.66825,64.759375,65.29553125,66.770875
54.8414375,54.145875,52.95109375,52.66703125,52.0003125,52.6216875,53.9806875,54.18659375,55.7916875,56.5771875,57.5274375,58.39478125,59.75546875,60.00665625,60.53240625,60.90496875,62.0415625,62.7540625,63.71853125,64.70434375,65.33984375,66.6703125
54.82703125,53.98759375,52.91353125,52.6839375,51.96990625,52.41484375,53.93078125,54.21721875,55.6094375,56.572375,57.4105625,58.2575625,59.659375,60.0070625,60.61903125,60.86275,62.075625,62.62846875,63.75790625,64.61296875,65.41209375,66.63578125
54.82990625,53.95334375,52.8116875,52.78171875,52.01453125,52.3834375,53.90709375,54.17746875,55.47665625,56.53903125,57.42371875,58.2624375,59.55653125,60.05571875,60.68384375,60.87928125,62.18384375,62.74959375,63.80771875,64.73878125,65.52109375,66.6555625
54.8903125,53.88075,52.9079375,52.903,51.96134375,52.32971875,53.98471875,54.11265625,55.4543125,56.5518125,57.474125,58.2196875,59.52234375,60.02134375,60.7635625,60.82821875,62.15978125,62.77934375,63.803,64.7914375,65.66009375,66.67959375
54.94003125,53.8281875,52.71959375,52.9999375,51.9634375,52.33178125,53.84940625,53.9938125,55.3786875,56.5040625,57.28321875,58.2841875,59.513625,60.08453125,60.751375,60.8458125,62.1365625,62.8329375,63.75925,64.86153125,65.5313125,66.63721875
54.85565625,53.69215625,52.55140625,52.96846875,52.1066875,52.210375,53.757,53.95090625,55.251375,56.55771875,57.165625,58.2936875,59.59259375,59.9981875,60.833875,60.91521875,62.11715625,62.8873125,63.796625,64.812,65.65559375,66.67003125
54.82671875,53.72234375,52.551875,52.99925,52.09821875,52.09221875,53.74134375,53.83365625,55.20309375,56.56115625,57.0336875,58.396625,59.46734375,59.92028125,60.995625,60.97984375,62.10528125,62.976375,63.77290625,64.80525,65.75584375,66.63453125
54.73453125,53.58021875,52.404,52.87303125,52.14465625,52.06440625,53.5976875,53.87740625,55.0991875,56.3813125,57.10259375,58.35521875,59.43871875,59.92571875,61.0456875,61.02325,62.23840625,63.07275,63.93590625,64.77625,65.8193125,66.52503125
54.5784375,53.46846875,52.31734375,52.7371875,52.13959375,52.02675,53.52921875,53.8765,55.08753125,56.3934375,56.88340625,58.3528125,59.383125,59.9289375,61.11365625,61.172,62.376875,62.98440625,63.9020625,64.741375,65.76028125,66.60615625
54.4813125,53.4505625,52.304375,52.7625,52.08209375,52.0635625,53.5661875,53.920875,55.1344375,56.28265625,56.99409375,58.3111875,59.308625,59.8483125,61.16271875,61.32828125,62.5629375,63.1130625,63.94884375,64.91015625,65.7010625,66.73259375
54.38959375,53.41303125,52.342625,52.6829375,51.99403125,52.0324375,53.422625,53.88496875,55.091875,56.3893125,56.98390625,58.2078125,59.30578125,59.78615625,61.23771875,61.33596875,62.4915625,63.1255625,63.83828125,64.93125,65.729,66.81103125
54.2949375,53.29296875,52.05875,52.63328125,51.94465625,52.04665625,53.39353125,53.82303125,54.98421875,56.371875,56.8620625,58.26740625,59.29678125,59.86153125,61.09878125,61.3771875,62.53346875,63.03490625,63.7580625,64.93953125,65.61903125,66.86221875
54.12421875,53.19059375,52.01921875,52.50234375,51.95015625,51.99803125,53.34496875,53.916125,54.9050625,56.4298125,56.96353125,58.27415625,59.191875,59.7243125,61.12440625,61.43890625,62.5366875,63.11253125,63.74240625,64.894125,65.753625,66.92978125
54.0900625,53.22815625,52.022,52.4516875,51.75034375,52.080125,53.26378125,53.8225,54.80996875,56.3584375,57.03315625,58.35084375,59.07284375,59.6859375,61.147875,61.49271875,62.54675,63.2023125,63.652,64.98009375,65.85059375,67.024
53.9191875,53.1075625,51.91459375,52.3639375,51.74290625,52.10525,53.2255,53.96178125,54.83678125,56.2288125,57.2371875,58.36884375,59.076375,59.6415625,61.15459375,61.54515625,62.62971875,63.23946875,63.77240625,65.0125625,65.867625,67.14084375
53.7130625,52.95125,51.78540625,52.28175,51.690625,52.12853125,53.23684375,53.95159375,54.93959375,56.26690625,57.20578125,58.42509375,58.97984375,59.65603125,61.19796875,61.59953125,62.60446875,63.2628125,63.63121875,65.120375,65.8455,67.32271875
53.67171875,52.94096875,51.82478125,52.25178125,51.61,52.07784375,53.27775,54.091375,54.8705625,56.14978125,57.45253125,58.462875,58.9728125,59.5503125,61.2903125,61.6235,62.59678125,63.35090625,63.63853125,65.2141875,65.9204375,67.514
53.6530625,52.9333125,51.78965625,52.1283125,51.5295625,52.1183125,53.1990625,54.04075,54.9545,56.2745625,57.4351875,58.5113125,58.95025,59.59859375,61.33915625,61.57753125,62.4015625,63.35678125,63.5831875,65.2133125,66.02365625,67.51484375
53.49771875,52.90296875,51.70534375,52.0925,51.53465625,52.22171875,53.2661875,54.14321875,54.99221875,56.2341875,57.45665625,58.66075,59.0205625,59.69465625,61.23171875,61.628875,62.41046875,63.35775,63.63428125,65.2223125,65.97778125,67.54484375
53.3869375,52.90765625,51.731625,52.02296875,51.57921875,52.26821875,53.18659375,54.22725,54.96659375,56.1901875,57.5696875,58.68715625,59.0276875,59.63371875,61.327,61.64278125,62.34853125,63.4548125,63.744875,65.22765625,66.1039375,67.58209375
53.3649375,52.99453125,51.6633125,52.06121875,51.6155,52.37796875,53.08721875,54.14884375,54.9789375,56.1195625,57.643125,58.688,59.07115625,59.61753125,61.295,61.60921875,62.29334375,63.4898125,63.76678125,65.22871875,66.0853125,67.7045
53.23753125,52.9170625,51.673875,51.99340625,51.76640625,52.375375,53.1265,54.22040625,55.0889375,56.05878125,57.73134375,58.6765,59.19175,59.63628125,61.3630625,61.550125,62.2846875,63.375875,63.87815625,65.19,66.055875,67.7345625
53.113875,52.86390625,51.6795,51.99359375,51.78865625,52.41171875,53.13775,54.17084375,55.0895625,56.15003125,57.733625,58.69190625,59.08825,59.719875,61.3465625,61.46309375,62.16878125,63.36240625,63.833875,65.267375,66.0826875,67.70809375
53.1421875,52.95521875,51.69265625,51.96734375,51.78909375,52.4105625,53.07940625,54.290125,54.91415625,56.06934375,57.774625,58.72725,59.09503125,59.71275,61.392625,61.37171875,62.08221875,63.37228125,63.856125,65.2329375,66.20528125,67.74809375
53.0973125,52.98678125,51.69590625,51.92740625,51.724625,52.48384375,53.17565625,54.29521875,55.05190625,56.14275,57.663625,58.79690625,59.05946875,59.8496875,61.3841875,61.3750625,61.94628125,63.35496875,63.905625,65.22353125,66.24640625,67.687625
53.0634375,52.9416875,51.6545625,51.9651875,51.78340625,52.44425,53.2054375,54.35153125,55.14746875,56.14240625,57.61971875,58.92915625,59.1476875,59.91021875,61.3805625,61.38571875,61.9261875,63.44559375,64.07865625,65.2640625,66.171,67.64371875
53.05690625,52.88796875,51.519625,51.9350625,51.75075,52.37959375,53.26734375,54.29865625,55.09584375,56.14709375,57.60425,58.9921875,59.3026875,59.90828125,61.43625,61.368,61.9583125,63.44046875,64.12653125,65.33,66.235625,67.626
53.01084375,52.8530625,51.47475,51.8380625,51.7257125,52.370625,53.1834375,54.21296875,55.20959375,56.16471875,57.6470625,58.98665625,59.42,59.85059375,61.35603125,61.37153125,61.90734375,63.55440625,64.17340625,65.33575,66.1574375,67.62459375
52.9319375,52.696125,51.6145,51.60028125,51.7808375,52.34134375,53.238625,54.21575,55.2176875,56.237875,57.52284375,59.0139375,59.5691875,59.97753125,61.543375,61.39778125,61.95140625,63.4869375,64.2778125,65.3785,66.1295625,67.62153125
52.79134375,52.67078125,51.61675,51.50530625,51.65155625,52.2074375,53.22725,54.18159375,55.197375,56.24965625,57.51465625,59.06259375,59.450875,60.05365625,61.473,61.43215625,62,63.57134375,64.26484375,65.507625,66.10253125,67.653125
52.8569375,52.61875,51.54565625,51.42643125,51.5122125,52.14521875,53.1661875,54.2655625,55.0944375,56.16315625,57.37909375,58.996625,59.4839375,59.99225,61.521875,61.42625,62.1261875,63.61628125,64.320125,65.55409375,66.21934375,67.7396875
52.82628125,52.53640625,51.56140625,51.3617125,51.33911875,52.04734375,53.2640625,54.2503125,55.15528125,56.25921875,57.251625,59.02559375,59.46109375,60.08321875,61.4633125,61.57140625,62.2415,63.6361875,64.37315625,65.61859375,66.125875,67.811125
52.86565625,52.40284375,51.50009375,51.3449,51.31849375,52.0171875,53.19115625,54.221125,55.17878125,56.35225,57.17846875,59.03028125,59.4453125,60.03015625,61.47221875,61.567125,62.3625,63.64421875,64.4765,65.7156875,66.03353125,67.85628125
52.81784375,52.37678125,51.39446875,51.3920875,51.15665,52.01965625,53.24171875,54.25084375,55.0868125,56.3363125,57.21184375,59.0620625,59.532625,60.07896875,61.55425,61.60653125,62.5505,63.53959375,64.319375,65.76790625,66.07075,67.9253125
52.76178125,52.21015625,51.4110625,51.2607125,51.04955,51.97284375,53.14471875,54.25546875,55.13675,56.25015625,57.28759375,59.068875,59.4591875,60.08678125,61.5899375,61.71353125,62.5654375,63.66496875,64.38684375,65.86240625,66.05678125,68.01425
52.77790625,52.18821875,51.51809375,51.14080625,51.12224375,51.9380625,53.20071875,54.24021875,55.15271875,56.38203125,57.2704375,59.1668125,59.40221875,60.17896875,61.68725,61.78809375,62.64246875,63.61821875,64.41546875,65.9411875,66.14546875,68.083125
52.61609375,52.19403125,51.40365625,51.175175,50.96705625,51.86459375,53.28453125,54.396375,55.29575,56.3469375,57.38853125,59.26871875,59.23434375,60.10021875,61.60459375,61.859125,62.80453125,63.7720625,64.432875,66.10921875,66.201,68.1970625
52.74390625,52.08478125,51.3499375,51.2304,50.89155625,51.90896875,53.30846875,54.51865625,55.339,56.3965625,57.2813125,59.24825,59.3369375,60.0149375,61.6286875,61.82709375,62.84915625,63.87534375,64.55653125,66.14128125,66.32040625,68.26490625
52.7729375,52.11353125,51.3838125,51.2659625,50.8515875,51.9139375,53.404125,54.468125,55.44475,56.5533125,57.30859375,59.33778125,59.382875,60.17828125,61.61009375,61.9959375,62.88909375,63.93946875,64.596625,66.1976875,66.24903125,68.33225
52.8065625,52.1488125,51.3586875,51.2714625,50.85386875,52.0639375,53.330875,54.44890625,55.3936875,56.68534375,57.421,59.34771875,59.4609375,60.1823125,61.64921875,61.99034375,62.9838125,63.8684375,64.5859375,66.237875,66.24240625,68.402375
52.756375,52.06984375,51.3260625,51.29880625,50.8002125,52.0618125,53.33896875,54.474875,55.4765625,56.7613125,57.5718125,59.42521875,59.55378125,60.29375,61.79290625,62.125375,63.05615625,63.93665625,64.42040625,66.19365625,66.3973125,68.42296875
52.77465625,51.94784375,51.31459375,51.2095875,50.85655625,52.01759375,53.34459375,54.45128125,55.48534375,56.79621875,57.6479375,59.47025,59.44496875,60.36471875,61.82525,62.20978125,63.02459375,63.99128125,64.5048125,66.21365625,66.52125,68.53271875
52.788,52.08278125,51.33321875,51.18286875,50.9913125,52.0678125,53.40821875,54.47803125,55.6245625,56.992125,57.6633125,59.607875,59.4374375,60.4946875,61.78309375,62.20184375,63.07478125,63.8961875,64.48246875,66.09803125,66.68409375,68.53921875
52.6939375,52.12271875,51.2265625,51.3439625,50.93715625,52.1318125,53.48934375,54.6923125,55.7659375,57.00571875,57.642625,59.659125,59.41821875,60.5488125,61.81809375,62.192,63.152375,63.8914375,64.56165625,66.15946875,66.73659375,68.6229375
52.830375,52.20609375,51.33065625,51.441625,51.0681875,52.258875,53.39665625,54.77984375,55.81709375,57.1286875,57.5726875,59.5983125,59.56965625,60.6673125,61.831125,62.055875,63.0459375,63.86290625,64.62025,65.99378125,66.8413125,68.60121875
52.85425,52.34528125,51.37534375,51.56396875,51.23265625,52.40271875,53.43684375,54.74828125,55.782,57.2525625,57.70284375,59.62609375,59.66559375,60.7821875,61.91746875,62.21709375,62.9806875,63.7458125,64.7013125,65.9650625,66.903125,68.5655625
52.9405625,52.4113125,51.3560625,51.61196875,51.3121875,52.47878125,53.40053125,54.83184375,55.75890625,57.31459375,57.84325,59.61371875,59.81728125,60.91053125,61.90875,62.11553125,62.84225,63.6413125,64.69365625,65.8960625,66.9081875,68.63509375
52.9210625,52.29234375,51.42803125,51.606625,51.44878125,52.4960625,53.50659375,54.78909375,56.05390625,57.42009375,58.06371875,59.6454375,59.95446875,60.907875,62.01625,62.227875,62.7741875,63.71634375,64.75990625,65.82628125,67.08371875,68.67696875
53.00165625,52.418125,51.4415,51.70003125,51.467625,52.566625,53.6565625,54.742375,56.1223125,57.48840625,58.18134375,59.61640625,59.9986875,61.0195625,61.91853125,62.20565625,62.7298125,63.66165625,64.87209375,65.8345,67.2281875,68.6975625
52.96021875,52.49171875,51.51090625,51.74846875,51.59690625,52.68153125,53.70446875,54.80159375,56.25471875,57.5935625,58.2106875,59.7224375,60.1405625,61.12675,61.82646875,62.22515625,62.76290625,63.632375,64.89303125,65.7628125,67.3733125,68.71825
53.0073125,52.60125,51.59596875,51.88915625,51.70721875,52.74984375,53.73665625,54.81703125,56.322625,57.7486875,58.22790625,59.656625,60.1575625,61.24278125,61.93615625,62.218875,62.726875,63.5814375,64.88303125,65.86884375,67.323875,68.74278125
53.04046875,52.6963125,51.76125,51.964375,51.8984375,52.8350625,53.80421875,54.91765625,56.30053125,57.81334375,58.36996875,59.6455,60.34140625,61.33834375,62.04403125,62.197125,62.70259375,63.549875,64.88225,65.71203125,67.44153125,68.77975
53.166125,52.723,51.7919375,52.01046875,51.92221875,52.90265625,53.93790625,54.92878125,56.3125,57.817,58.4965,59.744875,60.45709375,61.3953125,62.17171875,62.40584375,62.68203125,63.4589375,64.8365,65.83234375,67.48328125,68.77096875
53.24025,52.7820625,51.96184375,52.0113125,51.97246875,52.95775,54.00928125,55.11771875,56.4020625,57.9693125,58.58078125,59.8165625,60.564,61.57046875,62.18446875,62.33021875,62.61390625,63.46925,64.68421875,65.896625,67.4216875,68.83465625
53.210875,52.6969375,52.207375,52.07284375,52.1158125,53.04865625,54.1470625,55.19734375,56.5308125,57.9914375,58.607125,59.8715625,60.65290625,61.4550625,62.28765625,62.55003125,62.8313125,63.48840625,64.71725,65.91959375,67.46590625,68.84790625
53.279875,52.80071875,52.2575625,52.252875,52.1028125,53.06671875,54.20303125,55.3185,56.49740625,57.9611875,58.642,59.97140625,60.7531875,61.634875,62.17165625,62.51475,62.88975,63.45065625,64.6953125,66.06934375,67.45390625,68.774
53.265125,52.8813125,52.326625,52.35190625,52.30103125,53.060875,54.22134375,55.4330625,56.6148125,57.92865625,58.74146875,60.10496875,60.85178125,61.67159375,62.15790625,62.561875,62.9444375,63.3998125,64.68321875,66.1239375,67.536375,68.80846875
53.34821875,53.1205625,52.52096875,52.44025,52.4886875,53.07728125,54.242,55.41928125,56.73784375,58.1025625,58.89678125,60.0541875,60.87053125,61.7911875,62.26903125,62.567625,62.96425,63.36971875,64.67171875,66.2830625,67.40721875,68.82740625
53.3263125,53.151,52.6446875,52.59384375,52.56953125,53.208125,54.50321875,55.58325,56.67553125,58.10134375,59.03103125,60.12471875,61.0366875,61.75425,62.401,62.62621875,63.007625,63.42959375,64.6964375,66.2239375,67.4575625,68.9340625
53.5035,53.1413125,52.603375,52.5810625,52.587,53.26684375,54.46834375,55.59865625,56.81165625,58.13065625,59.0796875,60.20715625,61.17303125,61.78478125,62.44015625,62.7653125,63.01259375,63.507,64.60775,66.38284375,67.398375,68.95975
53.5315,53.24515625,52.7873125,52.6166875,52.70159375,53.3093125,54.5303125,55.763,56.8479375,58.39478125,59.33284375,60.29678125,61.26071875,61.85853125,62.503875,62.79525,63.0935,63.5710625,64.47803125,66.38565625,67.36084375,68.92265625
53.62396875,53.22053125,52.9743125,52.78025,52.7550625,53.31103125,54.5485625,55.86096875,56.90290625,58.3190625,59.347,60.42290625,61.30375,61.9018125,62.496125,62.9979375,63.363875,63.69875,64.48125,66.38475,67.401125,68.96625
53.64209375,53.36353125,53.0879375,52.89378125,52.74315625,53.19571875,54.50690625,55.9015625,56.9223125,58.42884375,59.5023125,60.66628125,61.376875,62.0570625,62.40475,62.90121875,63.3600625,63.7879375,64.4523125,66.49165625,67.40921875,68.92415625
53.663625,53.56759375,53.190125,52.91096875,52.82878125,53.19575,54.505875,55.95265625,57.1271875,58.48259375,59.59553125,60.7378125,61.40196875,62.0250625,62.5146875,62.92328125,63.46296875,63.81015625,64.4344375,66.43665625,67.47275,68.94890625
53.7135,53.69540625,53.4074375,52.91559375,52.8520625,53.2725625,54.431125,56.01128125,57.13809375,58.543875,59.66234375,60.85440625,61.51159375,62.05684375,62.568375,62.93034375,63.48078125,63.8910625,64.55196875,66.4798125,67.310375,68.9965
53.83840625,53.5630625,53.4499375,53.04815625,52.87178125,53.4205625,54.57503125,56.13759375,57.099,58.5561875,59.6863125,60.882625,61.65471875,61.95278125,62.60115625,62.94590625,63.5183125,63.958375,64.57634375,66.353875,67.29575,69.009375
53.9074375,53.6079375,53.43434375,53.091125,53.00034375,53.376375,54.39075,56.1485625,57.2076875,58.55290625,59.71971875,60.90384375,61.78303125,61.886625,62.52896875,62.9979375,63.57190625,64.002,64.6278125,66.32834375,67.21690625,69.00746875
53.93925,53.6529375,53.5299375,53.1669375,53.041125,53.3765,54.486125,56.24415625,57.23478125,58.7263125,59.9515625,60.94553125,61.64365625,61.8490625,62.56921875,63.0291875,63.631375,63.95796875,64.65453125,66.2068125,67.13715625,68.89390625
53.99425,53.68415625,53.601,53.26228125,53.16965625,53.31990625,54.4361875,56.2485,57.35734375,58.5504375,59.8940625,61.070875,61.74084375,61.84928125,62.39759375,63.12103125,63.7085625,64.01371875,64.82371875,66.15634375,67.1651875,69.01184375
53.91228125,53.855125,53.634,53.19496875,53.23025,53.35921875,54.48821875,56.139375,57.4260625,58.59521875,59.952375,61.09365625,61.78296875,61.80590625,62.324375,63.00246875,63.68240625,63.92528125,64.96984375,66.111,67.164625,68.95684375
53.98753125,53.94865625,53.51175,53.06284375,53.264625,53.54715625,54.56740625,56.114,57.510625,58.57259375,59.9071875,60.96503125,61.6913125,61.7045625,62.3231875,63.10171875,63.70975,63.85375,64.947625,66.02309375,67.16515625,69.0006875
53.93890625,53.85925,53.44265625,53.05115625,53.2916875,53.6704375,54.5644375,56.093,57.4128125,58.52003125,59.81684375,60.99871875,61.69409375,61.72934375,62.2015,63.14278125,63.5725625,63.859875,65.01834375,65.9756875,67.040875,68.98825
54.0345,53.70059375,53.25371875,53.02203125,53.41175,53.73225,54.61240625,56.073625,57.330625,58.609625,59.7951875,60.9208125,61.737,61.64825,62.20096875,63.145,63.567,63.86515625,64.9763125,65.91940625,66.9905,68.9345
53.9154375,53.76796875,53.270625,52.946625,53.40940625,53.6285625,54.55925,56.04584375,57.32228125,58.5395,59.7418125,60.9454375,61.74403125,61.6055625,62.1325625,63.09190625,63.5889375,63.87390625,64.98621875,65.90346875,66.93084375,68.91534375
53.87259375,53.6740625,53.25121875,52.8740625,53.32221875,53.73103125,54.58415625,56.0428125,57.34353125,58.60821875,59.912125,60.96503125,61.56240625,61.5575,62.1080625,63.05315625,63.573,63.758875,65.03553125,65.92303125,66.90721875,68.88990625
53.89125,53.7726875,53.2879375,52.84415625,53.36659375,53.63371875,54.57959375,55.98096875,57.3430625,58.52346875,59.81490625,60.979875,61.72290625,61.52396875,61.96353125,63.06103125,63.62825,63.7954375,65.021375,66.02078125,66.97015625,68.9733125
53.77753125,53.8396875,53.2671875,52.78003125,53.35690625,53.72415625,54.66525,55.9306875,57.201125,58.463,59.79765625,60.83959375,61.66321875,61.51421875,62.0059375,62.92840625,63.56346875,63.650375,65.030875,66.0016875,66.9415625,68.8366875
53.81596875,53.7391875,53.1091875,52.69553125,53.38746875,53.816,54.7795625,55.91571875,57.1035,58.33503125,59.71321875,60.71415625,61.502875,61.4746875,62.02690625,63.0196875,63.49978125,63.63971875,64.9068125,66.05803125,66.90971875,68.8858125
53.7613125,53.7090625,53.042125,52.67475,53.4405,53.84225,54.80103125,55.89975,57.1124375,58.29109375,59.65603125,60.70809375,61.5253125,61.5518125,62.13459375,62.99284375,63.4370625,63.708125,64.88921875,66.0378125,66.90653125,68.88840625
53.84165625,53.6518125,53.0346875,52.68675,53.62228125,53.86334375,54.81025,55.84546875,57.09146875,58.328,59.6921875,60.66534375,61.51678125,61.5334375,62.2630625,62.93728125,63.44590625,63.70365625,64.8949375,66.11859375,66.9298125,68.89275
53.80740625,53.72784375,53.12771875,52.63625,53.503,53.8665,54.8610625,55.84603125,57.04959375,58.24125,59.6618125,60.703,61.34321875,61.64890625,62.228125,62.88453125,63.526625,63.7333125,64.79728125,66.06075,66.97421875,68.88459375
53.81625,53.67940625,53.0685,52.64959375,53.53271875,54.0309375,54.7775,55.79440625,57.0345625,58.25484375,59.80253125,60.75584375,61.20803125,61.57065625,62.28371875,62.94484375,63.55109375,63.62009375,64.82375,66.1453125,67.0450625,68.849375
53.90525,53.79190625,53.09634375,52.7184375,53.4618125,53.96471875,54.810375,55.8358125,57.0029375,58.30809375,59.6266875,60.70675,61.2731875,61.67659375,62.3495625,63.02428125,63.58540625,63.6201875,64.71490625,66.2720625,67.06696875,68.82115625
53.81303125,53.74384375,53.15428125,52.795375,53.3614375,53.96753125,54.7214375,55.78228125,56.86990625,58.183375,59.62821875,60.58021875,61.12015625,61.752,62.42884375,62.97684375,63.53915625,63.53384375,64.73703125,66.26096875,66.9930625,68.720375
53.77128125,53.612625,53.091875,52.7900625,53.2685,53.97596875,54.71909375,55.73265625,56.8264375,58.1535,59.5236875,60.5440625,61.00515625,61.788,62.38996875,63.075125,63.63790625,63.65528125,64.67334375,66.3565,66.94271875,68.77403125
53.7738125,53.65125,53.037125,52.78621875,53.17746875,53.88575,54.55575,55.6893125,56.92421875,58.2995625,59.614,60.6364375,61.101875,61.8265625,62.51446875,63.0115,63.7158125,63.7259375,64.74334375,66.2910625,66.8984375,68.70575
53.759375,53.5073125,53.1283125,52.8591875,53.24296875,53.79815625,54.4819375,55.6579375,56.95846875,58.22053125,59.68284375,60.5050625,61.14025,61.782875,62.529875,63.006375,63.74159375,63.69178125,64.77825,66.2456875,66.95540625,68.704125
53.79771875,53.53178125,53.1753125,52.87628125,52.98628125,53.7459375,54.428375,55.68165625,56.8784375,58.119,59.63615625,60.487,61.02890625,61.84571875,62.45515625,63.04325,63.87378125,63.77825,64.63846875,66.13140625,66.98459375,68.71628125
53.896625,53.482625,53.20934375,53.03640625,53.0624375,53.85525,54.27671875,55.6045625,56.86765625,58.1796875,59.571125,60.4868125,61.08215625,61.70365625,62.54259375,63.12778125,63.94875,63.71309375,64.74271875,66.19725,66.94996875,68.61728125
53.906625,53.521875,53.15375,53.10553125,53.01209375,53.82115625,54.27703125,55.69759375,56.8479375,58.19159375,59.3456875,60.35415625,61.12234375,61.85728125,62.59196875,63.19321875,63.98053125,63.70265625,64.7555,66.1538125,66.91209375,68.60346875
53.952625,53.43896875,53.11234375,53.0701875,52.9000625,53.7885625,54.19746875,55.66903125,56.783,57.96634375,59.3079375,60.26640625,61.06334375,61.8510625,62.592,63.22640625,64.0154375,63.82740625,64.80459375,66.067875,66.88921875,68.65515625
54.01803125,53.450125,52.93565625,52.96609375,52.849375,53.9020625,54.2368125,55.68453125,56.79353125,57.97534375,59.1281875,60.3055625,61.0724375,61.89628125,62.50425,63.32146875,64.151625,63.90603125,64.77515625,65.9995,66.882,68.734125
54.08134375,53.35915625,52.64571875,52.98465625,52.69903125,53.8074375,54.114375,55.5954375,56.9046875,58.10153125,59.14696875,60.3415,61.02984375,61.8793125,62.49884375,63.29940625,64.15665625,63.92009375,64.84828125,65.95175,66.73928125,68.6715
54.019375,53.21025,52.51196875,52.95775,52.70621875,53.7113125,54.1545625,55.67875,56.84,57.958375,59.1758125,60.19109375,61.04203125,61.75028125,62.49778125,63.37065625,64.20521875,63.996875,64.80428125,65.85303125,66.76334375,68.736375
54.08303125,53.1975,52.44390625,52.88090625,52.50709375,53.5765,54.0988125,55.76403125,56.71309375,57.87715625,59.17528125,60.1414375,61.045125,61.69971875,62.4813125,63.39159375,64.16734375,64.11790625,64.73646875,65.9091875,66.63996875,68.748375
54.1906875,53.1548125,52.51234375,53.03971875,52.5315625,53.556,54.06728125,55.7845625,56.70384375,57.9768125,59.05740625,60.11221875,61.12134375,61.5590625,62.515375,63.4043125,64.1284375,64.135,64.9270625,65.9630625,66.59359375,68.775125
54.00771875,53.19053125,52.39121875,53.05684375,52.48125,53.3735,54.12221875,55.7834375,56.7315,57.8936875,59.05584375,59.94159375,61.13265625,61.64103125,62.524125,63.3153125,64.08409375,64.167125,64.92134375,65.83921875,66.60609375,68.8704375
54.13465625,53.18775,52.35196875,52.91015625,52.346625,53.20665625,54.1940625,55.7469375,56.72346875,57.83428125,59.0875625,59.91875,61.21034375,61.53821875,62.554375,63.26809375,64.071375,64.38403125,64.9088125,65.77815625,66.68034375,68.9199375
54.1724375,53.28003125,52.32334375,52.758625,52.45390625,53.1648125,54.29603125,55.71303125,56.80553125,57.90384375,59.05078125,59.9766875,61.30740625,61.5254375,62.48946875,63.20475,64.06696875,64.38840625,64.84675,65.6523125,66.71421875,68.92728125
54.14471875,53.12271875,52.2754375,52.8178125,52.456125,53.090875,54.306,55.64990625,56.86634375,57.9643125,59.07371875,59.958625,61.14346875,61.40615625,62.4648125,63.04584375,63.96759375,64.4580625,64.90215625,65.68521875,66.67890625,68.88271875
54.1021875,53.11771875,52.38215625,52.86403125,52.579125,53.081875,54.49875,55.79678125,56.85803125,57.878,59.19184375,59.96778125,61.1853125,61.33134375,62.54778125,63.0379375,64.0419375,64.5024375,64.91275,65.59934375,66.7995625,68.9125625
54.1185625,53.19359375,52.5155,52.9213125,52.61096875,53.08934375,54.535875,55.84559375,56.8930625,57.91021875,59.2625625,59.874375,61.17303125,61.3776875,62.51028125,63.04303125,63.9359375,64.56153125,64.98028125,65.7099375,66.78190625,68.89675
54.18103125,53.194,52.6,53.1136875,52.58828125,53.146625,54.5608125,55.85784375,56.93753125,58.126875,59.173375,59.951875,61.02475,61.33753125,62.47303125,62.97884375,64.00128125,64.5501875,65.12075,65.759,66.8369375,68.78596875
53.9824375,53.2155625,52.5225,52.9530625,52.5970625,53.0541875,54.62628125,55.79353125,57.02953125,58.07321875,59.2705625,59.88496875,60.95534375,61.40525,62.4910625,62.9076875,63.95059375,64.453875,65.08525,65.67434375,66.8941875,68.678375
54.1510625,53.1889375,52.50346875,52.798875,52.50903125,52.9905,54.69790625,55.8648125,57.11028125,58.08340625,59.251625,59.8883125,60.96325,61.31428125,62.49790625,62.84834375,63.9469375,64.50809375,65.03190625,65.76659375,66.91725,68.60828125
54.13540625,53.156875,52.527,52.6315625,52.57396875,53.00315625,54.67265625,55.859,57.14765625,58.10484375,59.19290625,59.9480625,60.94784375,61.33584375,62.33896875,62.78503125,63.98571875,64.45546875,64.9419375,65.751375,66.93371875,68.54065625
54.0438125,53.026125,52.61659375,52.747125,52.53371875,52.97734375,54.60625,55.82425,57.072875,58.13575,59.15828125,59.935125,60.7574375,61.2471875,62.25203125,62.5874375,63.92440625,64.36078125,65.027125,65.78678125,66.98115625,68.42275
53.97709375,53.07565625,52.846875,52.79346875,52.53684375,52.93146875,54.6060625,55.8001875,57.1405,58.15265625,59.18196875,59.8886875,60.87803125,61.24115625,62.322625,62.594375,63.92596875,64.258875,65.0855,65.68228125,67.07359375,68.329125
54.00753125,53.1064375,52.96653125,52.8243125,52.481,52.99903125,54.40909375,55.70128125,57.15696875,58.20615625,59.12803125,59.78371875,60.87015625,61.2500625,62.2184375,62.475875,63.7645,64.23565625,65.15434375,65.7361875,67.09175,68.29903125
54.06421875,52.97965625,52.99546875,52.85209375,52.396,52.99090625,54.20875,55.584,57.20971875,58.39571875,58.972875,59.777375,60.8375,61.19878125,62.1546875,62.33434375,63.78825,64.07453125,65.151375,65.638625,67.08475,68.1241875
53.97675,53.0295625,52.9664375,52.60959375,52.402375,52.9261875,54.20159375,55.431625,57.15334375,58.36125,58.997,59.72725,60.81240625,61.2119375,62.09615625,62.2940625,63.7019375,63.9298125,65.088125,65.5295625,67.04259375,68.05675
54.08871875,52.9574375,52.92925,52.497125,52.35778125,52.92140625,54.18,55.4984375,57.1625625,58.3745625,58.90090625,59.6534375,60.85434375,61.1789375,62.064375,62.2860625,63.76178125,63.9815,64.995375,65.66646875,66.96359375,68.06075
54.035125,52.798,53.02325,52.33315625,52.3315625,53.07028125,54.187875,55.48784375,56.96065625,58.37571875,58.725,59.7123125,60.8805625,61.17409375,61.99665625,62.32865625,63.8053125,63.86840625,64.975,65.5788125,66.98503125,68.03675
53.83128125,52.7724375,52.95771875,52.4440625,52.2436875,53.106,54.0690625,55.401625,56.84659375,58.32025,58.62859375,59.6175625,60.796625,61.0926875,62.0171875,62.34271875,63.73621875,63.7841875,65.00878125,65.53475,66.885125,68.00346875
53.7380625,52.771875,52.91171875,52.33921875,52.17684375,53.0725,53.9501875,55.3565,56.8225,58.34328125,58.5540625,59.52509375,60.84084375,61.11496875,62.155625,62.5028125,63.67871875,63.7806875,65.00296875,65.51078125,66.769625,67.9063125
53.76784375,52.6265625,52.817625,52.24015625,52.07496875,53.0745,53.74953125,55.3501875,56.67728125,58.0871875,58.44778125,59.51471875,60.73725,61.05421875,62.0874375,62.443625,63.4955625,63.7293125,64.94684375,65.56590625,66.71334375,67.9275625
53.63565625,52.50678125,52.7554375,52.0873125,52.03775,52.82403125,53.66621875,55.29265625,56.5921875,58.04178125,58.25178125,59.4574375,60.66959375,60.9465625,62.10959375,62.42709375,63.35678125,63.63571875,64.83059375,65.35975,66.60825,67.9831875
53.4564375,52.4835,52.58109688,51.8826875,51.86078125,52.64678125,53.59390625,55.11053125,56.40296875,57.8768125,58.17540625,59.50471875,60.55628125,60.85959375,62.04603125,62.4,63.2566875,63.64459375,64.7145625,65.4129375,66.54440625,68.078875
53.31684375,52.3856875,52.36648125,51.7720625,51.79596875,52.5773125,53.44121875,55.06725,56.328875,57.89209375,58.02659375,59.44846875,60.5923125,60.9078125,62.02775,62.446625,63.20578125,63.68240625,64.64834375,65.43971875,66.541375,68.17490625
53.12896875,52.31475,52.30048125,51.6945625,51.686125,52.59478125,53.4064375,54.9616875,56.1411875,57.8548125,57.99878125,59.47353125,60.556125,60.822,62.09509375,62.436875,63.17521875,63.52915625,64.55484375,65.21953125,66.5949375,68.2390625
52.834875,52.3239375,52.0747,51.65125,51.62975,52.45503125,53.26321875,54.7929375,56.1860625,57.80140625,57.9334375,59.36075,60.367375,60.77090625,62.08825,62.44059375,63.1015625,63.51834375,64.43190625,65.22578125,66.451,68.2796875
52.757875,52.1366875,51.94048125,51.45931875,51.6196875,52.32621875,53.21340625,54.78315625,56.16196875,57.70125,57.95675,59.30484375,60.20128125,60.75896875,62.06021875,62.49675,63.0554375,63.48571875,64.39096875,65.2750625,66.4118125,68.2425
52.68128125,52.04375,51.7762,51.29569375,51.56303125,52.28759375,53.1645,54.7795625,56.13046875,57.3400625,57.86234375,59.30384375,60.060625,60.7725625,61.97015625,62.39909375,62.931625,63.4014375,64.2004375,65.3150625,66.460125,68.36884375
52.46646875,52.06053125,51.54173125,51.08338125,51.43755938,52.0278125,53.2765625,54.77371875,56.01071875,57.3239375,57.6755625,59.2606875,59.885625,60.759,61.94396875,62.3464375,62.8489375,63.37565625,64.03903125,65.26390625,66.4294375,68.41728125
52.3133125,51.971875,51.22759688,50.95063125,51.24287188,52.0706875,53.2139375,54.7003125,55.96784375,57.20853125,57.6518125,59.2221875,59.8420625,60.71478125,61.83740625,62.266375,62.84584375,63.4884375,63.88853125,65.51465625,66.542,68.390875
52.289375,51.932375,51.05994688,50.9130375,51.23409063,52.0704375,53.1746875,54.715875,55.916375,57.18775,57.56065625,59.17784375,59.7883125,60.79371875,61.76590625,62.23315625,62.78396875,63.39184375,63.84446875,65.463125,66.5785625,68.38134375
52.2035,51.959375,50.9321875,50.960725,51.14980938,52.0348125,53.0196875,54.63665625,55.9905,56.97334375,57.5695625,59.15140625,59.6029375,60.75096875,61.799625,62.08784375,62.80965625,63.2474375,63.66753125,65.34315625,66.5738125,68.37234375
52.17071875,51.81128125,50.78403125,50.8774125,51.10180938,51.86003125,52.89978125,54.479375,55.98053125,56.79703125,57.40196875,59.11278125,59.41125,60.68946875,61.5884375,62.01553125,62.7283125,63.2215625,63.5813125,65.48815625,66.48596875,68.32190625
52.1971875,51.69221875,50.75271875,50.83735625,51.04309063,51.72190625,52.83746875,54.3403125,55.95390625,56.60996875,57.396625,58.9845625,59.32090625,60.5824375,61.39584375,61.82765625,62.5793125,63.15665625,63.6376875,65.467,66.5466875,68.29428125
52.16496875,51.84953125,50.64078125,50.88863125,50.91871563,51.72484375,52.79409375,54.25015625,55.95665625,56.53121875,57.23309375,58.9134375,59.370625,60.62521875,61.32909375,61.5338125,62.3731875,63.05978125,63.4741875,65.45440625,66.5100625,68.343875
52.08928125,51.838375,50.49271875,50.92119375,50.751775,51.49896875,52.8650625,54.14765625,55.88621875,56.618375,57.0836875,58.77403125,59.2808125,60.449,61.244625,61.4223125,62.3091875,63.0501875,63.4925,65.41003125,66.50121875,68.202125
52.10746875,51.7160625,50.355175,50.9971625,50.77130938,51.5748125,52.79890625,53.9695,55.9380625,56.61853125,57.16128125,58.6635625,59.44996875,60.39896875,61.09478125,61.34840625,62.291375,63.09553125,63.36890625,65.40353125,66.44828125,68.10659375
52.26728125,51.6778125,50.46121562,50.96869375,50.75162188,51.49684375,52.70725,53.8424375,55.87790625,56.48196875,57.089125,58.5165,59.30228125,60.3921875,61.08840625,61.28734375,62.317625,62.90015625,63.42521875,65.1955625,66.340375,68.0491875
52.27953125,51.63728125,50.455675,50.95232187,50.85552813,51.49121875,52.58196875,53.7445625,55.878125,56.29809375,57.07253125,58.39028125,59.13446875,60.35040625,61.05809375,61.19928125,62.31046875,62.8369375,63.34615625,65.157,66.27234375,67.9325625
52.3650625,51.44978125,50.33256563,50.816025,50.82237187,51.4406875,52.6168125,53.67646875,55.7675625,56.1750625,56.95028125,58.37259375,59.1434375,60.2184375,60.87771875,61.12396875,62.22421875,62.8716875,63.39965625,65.1103125,66.18896875,67.840375
52.36228125,51.51721875,50.302075,50.81830625,50.71549375,51.44396875,52.61828125,53.67184375,55.74746875,56.20390625,56.9405625,58.1775,59.198,60.1425625,60.81634375,60.96790625,62.0695625,62.8103125,63.46515625,65.01003125,66.105625,67.7045
52.32596875,51.5959375,50.28154375,50.88135313,50.548325,51.42265625,52.62303125,53.744125,55.651625,56.22271875,56.8175625,58.1306875,59.230875,60.15878125,60.8790625,60.92290625,61.85303125,62.78634375,63.42878125,64.97325,65.95675,67.58165625
52.2784375,51.35458125,50.30198125,50.92338438,50.45321563,51.18640625,52.63753125,53.607375,55.56034375,56.184875,56.85803125,58.08478125,59.10603125,59.94153125,60.849,60.9770625,61.75053125,62.81478125,63.5728125,64.8330625,65.88965625,67.40065625
52.3185,51.16895625,50.34166875,50.96066563,50.497125,51.24728125,52.543875,53.4763125,55.5265625,56.10515625,56.881,58.076875,59.11346875,59.86190625,60.692875,60.97596875,61.682,62.89396875,63.51509375,64.638,65.7435625,67.36340625
52.3171875,51.0829375,50.42936875,50.93613438,50.46678125,51.20621875,52.34446875,53.485375,55.43140625,55.94990625,56.827375,57.9485625,58.88925,59.7565625,60.7890625,60.94459375,61.67446875,62.8430625,63.685625,64.4510625,65.76146875,67.32584375
52.29,51.0045625,50.3550875,50.92491875,50.589375,51.21259375,52.39665625,53.55853125,55.24759375,56.04434375,56.7740625,58.0428125,58.79390625,59.693125,60.68503125,60.95725,61.64565625,62.83515625,63.651875,64.42278125,65.82615625,67.19925
52.2695,50.8933125,50.22775625,50.9043375,50.46990625,51.17490625,52.55884375,53.68753125,55.21940625,56.08915625,56.70903125,58.1244375,58.8316875,59.59253125,60.65778125,60.9089375,61.5785,62.87840625,63.66515625,64.29040625,65.793,67.200625
52.11121875,50.9008125,50.3416875,50.93457187,50.45802812,51.20315625,52.69328125,53.8550625,55.16584375,56.17846875,56.72575,58.0903125,58.78021875,59.47215625,60.680375,61.0115,61.5346875,62.81721875,63.65078125,64.29671875,65.69159375,67.094
51.9940625,50.85640625,50.43517813,50.8883125,50.45558125,51.08928125,52.68209375,53.88009375,55.03028125,56.1559375,56.65121875,58.143,58.63915625,59.44975,60.732,60.99290625,61.50234375,62.86303125,63.708125,64.23915625,65.64584375,67.052
51.88975,50.73095625,50.44933438,50.86413437,50.55417187,50.96509375,52.6926875,53.781375,54.90853125,56.08978125,56.8321875,58.257375,58.53790625,59.3615,60.65146875,61.0415625,61.52165625,62.89328125,63.706125,64.237125,65.6655,67.054125
51.88684375,50.787625,50.4356625,50.82394688,50.622125,51.0881875,52.6153125,53.8020625,54.8769375,56.05375,56.80628125,58.2903125,58.3741875,59.2865,60.4776875,61.05578125,61.59021875,62.93046875,63.67509375,64.20225,65.64471875,67.116375
51.81246875,50.82441875,50.4920375,50.77313438,50.68996875,51.05859375,52.51909375,53.8449375,54.83521875,56.09459375,56.84984375,58.2440625,58.359875,59.276125,60.52540625,61.074,61.66371875,62.90475,63.6568125,64.27059375,65.70034375,67.000875
51.89746875,50.8260625,50.55463125,50.82769688,50.77575,51.1256875,52.6424375,53.902625,54.7535,56.32934375,56.74553125,58.4845625,58.3913125,59.3043125,60.47884375,61.175125,61.783,62.80628125,63.58896875,64.3405625,65.71690625,66.92703125
51.91621875,50.88940625,50.59834688,50.8416,50.7714375,51.2006875,52.8055625,54.04178125,54.7938125,56.415875,56.78246875,58.48034375,58.513875,59.314375,60.53071875,61.2515625,61.6919375,62.82090625,63.491,64.4304375,65.61121875,66.8784375
51.76153125,50.9634375,50.78799063,50.88033438,50.8646875,51.2936875,52.88946875,54.01609375,54.73259375,56.43875,56.85775,58.57253125,58.49715625,59.3308125,60.53159375,61.41846875,61.699625,62.776625,63.47009375,64.44584375,65.54265625,66.79115625
51.77713333,50.98326667,50.87211333,50.94042333,50.92237,51.22723333,52.8304,53.8765,54.61673333,56.4791,56.8115,58.55943333,58.43263333,59.34773333,60.4811,61.24823333,61.699,62.80806667,63.52116667,64.42506667,65.59496667,66.79623333
51.69010714,51.0285,50.86826429,51.0195,51.07166071,51.25960714,52.84932143,53.81839286,54.56964286,56.44414286,56.96028571,58.65275,58.42607143,59.30328571,60.39792857,61.34196429,61.73339286,62.85228571,63.449,64.511,65.67460714,66.85646429
51.76819231,51.13474615,50.77168846,51.00526923,51.16753846,51.348,52.76230769,53.867,54.61265385,56.51261538,56.92003846,58.66707692,58.29223077,59.2985,60.31815385,61.39719231,61.85623077,62.78773077,63.41934615,64.46842308,65.62580769,66.86626923
51.78375,51.16385,50.89530833,50.92766667,51.224,51.30945833,52.751375,53.849625,54.60358333,56.624375,56.911,58.63704167,58.44604167,59.41504167,60.414375,61.48754167,61.94195833,62.753,63.232625,64.58058333,65.66866667,66.73879167
51.94586364,51.20954545,50.99724545,51.012,51.37927273,51.51331818,52.86122727,53.86981818,54.56222727,56.72281818,56.89145455,58.81986364,58.44718182,59.50440909,60.48622727,61.56759091,62.07372727,62.5965,63.20104545,64.63940909,65.61645455,66.79609091
51.90565,51.42525,50.97007,50.77455,51.42055,51.5987,52.9979,53.92795,54.60865,56.792,57.09425,58.6818,58.5684,59.53235,60.46995,61.5807,61.9663,62.65335,63.10155,64.80215,65.48875,66.69285
51.70272222,51.52327778,51.03630556,50.77133333,51.45366667,51.61488889,52.90327778,53.66011111,54.65505556,56.744,57.22944444,58.81305556,58.58738889,59.70383333,60.39588889,61.58572222,62.0295,62.58027778,63.17383333,64.6945,65.38961111,66.62916667
